{
    "root_group": {
        "groups": {},
        "checks": {
                "status is 200 or 503": {
                    "fails": 0,
                    "name": "status is 200 or 503",
                    "path": "::status is 200 or 503",
                    "id": "9158419957bbc07d723ad901a3da8b58",
                    "passes": 30001
                }
            },
        "name": "",
        "path": "",
        "id": "d41d8cd98f00b204e9800998ecf8427e"
    },
    "metrics": {
        "data_received": {
            "count": 5170121,
            "rate": 516961.6445434926
        },
        "http_req_failed": {
            "passes": 0,
            "fails": 30001,
            "value": 0
        },
        "http_req_duration": {
            "avg": 0.1317503083230521,
            "min": 0.035,
            "med": 0.06,
            "max": 22.448,
            "p(90)": 0.112,
            "p(95)": 0.21
        },
        "http_req_sending": {
            "avg": 0.018127695743476013,
            "min": 0.005,
            "med": 0.011,
            "max": 4.693,
            "p(90)": 0.016,
            "p(95)": 0.029
        },
        "iteration_duration": {
            "avg": 0.3051266237458735,
            "min": 0.105084,
            "med": 0.161958,
            "max": 27.988291,
            "p(90)": 0.266792,
            "p(95)": 0.493833
        },
        "vus": {
            "value": 1,
            "min": 1,
            "max": 1
        },
        "http_req_blocked": {
            "avg": 0.1334967501083302,
            "min": 0.043,
            "med": 0.065,
            "max": 22.742,
            "p(90)": 0.115,
            "p(95)": 0.154
        },
        "success_duration": {
            "med": 0.06,
            "max": 22.448,
            "p(90)": 0.112,
            "p(95)": 0.21,
            "avg": 0.1317503083230521,
            "min": 0.035
        },
        "http_req_waiting": {
            "max": 22.397,
            "p(90)": 0.078,
            "p(95)": 0.145,
            "avg": 0.08856664777840781,
            "min": 0.02,
            "med": 0.034
        },
        "data_sent": {
            "count": 5423479,
            "rate": 542294.9720107318
        },
        "http_req_receiving": {
            "min": 0.005,
            "med": 0.011,
            "max": 4.568,
            "p(90)": 0.026,
            "p(95)": 0.043,
            "avg": 0.025055964801172486
        },
        "iterations": {
            "count": 30001,
            "rate": 2999.807218815444
        },
        "http_reqs": {
            "rate": 2999.807218815444,
            "count": 30001
        },
        "checks": {
            "fails": 0,
            "passes": 30001,
            "value": 1
        },
        "vus_max": {
            "min": 1000,
            "max": 1000,
            "value": 1000
        },
        "http_req_duration{expected_response:true}": {
            "avg": 0.1317503083230521,
            "min": 0.035,
            "med": 0.06,
            "max": 22.448,
            "p(90)": 0.112,
            "p(95)": 0.21
        },
        "http_req_connecting": {
            "p(95)": 0.127,
            "avg": 0.11632278924035425,
            "min": 0.032,
            "med": 0.052,
            "max": 22.722,
            "p(90)": 0.1
        },
        "http_req_tls_handshaking": {
            "p(90)": 0,
            "p(95)": 0,
            "avg": 0,
            "min": 0,
            "med": 0,
            "max": 0
        }
    }
}