{
    "root_group": {
        "checks": {
            "seed status is 200": {
                "name": "seed status is 200",
                "path": "::seed status is 200",
                "id": "2ac229dc72417ad76e9d2b75969e5805",
                "passes": 5000,
                "fails": 0
            }
        },
        "name": "",
        "path": "",
        "id": "d41d8cd98f00b204e9800998ecf8427e",
        "groups": {}
    },
    "metrics": {
        "http_req_waiting": {
            "p(95)": 0.087,
            "avg": 0.04642399999999984,
            "min": 0.02,
            "med": 0.039,
            "max": 0.509,
            "p(90)": 0.069
        },
        "http_req_sending": {
            "avg": 0.009293800000000215,
            "min": 0.003,
            "med": 0.006,
            "max": 0.205,
            "p(90)": 0.014,
            "p(95)": 0.023
        },
        "data_sent": {
            "count": 1007780,
            "rate": 2402456.3804147528
        },
        "http_req_failed": {
            "fails": 5000,
            "passes": 0,
            "thresholds": {
                "rate==0": false
            },
            "value": 0
        },
        "iteration_duration": {
            "med": 0.143042,
            "max": 1.267334,
            "p(90)": 0.22852080000000002,
            "p(95)": 0.29535029999999973,
            "avg": 0.16505966399999983,
            "min": 0.09675
        },
        "http_req_blocked": {
            "avg": 0.06993900000000021,
            "min": 0.039,
            "med": 0.059,
            "max": 1.112,
            "p(90)": 0.099,
            "p(95)": 0.118
        },
        "http_req_duration{expected_response:true}": {
            "avg": 0.06941080000000009,
            "min": 0.034,
            "med": 0.059,
            "max": 0.683,
            "p(90)": 0.101,
            "p(95)": 0.13204999999999978
        },
        "http_req_duration": {
            "avg": 0.06941080000000009,
            "min": 0.034,
            "med": 0.059,
            "max": 0.683,
            "p(90)": 0.101,
            "p(95)": 0.13204999999999978
        },
        "http_req_tls_handshaking": {
            "avg": 0,
            "min": 0,
            "med": 0,
            "max": 0,
            "p(90)": 0,
            "p(95)": 0
        },
        "http_req_connecting": {
            "avg": 0.0578300000000001,
            "min": 0.031,
            "med": 0.049,
            "max": 1.023,
            "p(90)": 0.084,
            "p(95)": 0.098
        },
        "checks": {
            "passes": 5000,
            "fails": 0,
            "value": 1
        },
        "http_req_receiving": {
            "min": 0.004,
            "med": 0.009,
            "max": 0.535,
            "p(90)": 0.023,
            "p(95)": 0.035,
            "avg": 0.013693000000000231
        },
        "iterations": {
            "count": 5000,
            "rate": 11919.5478200339
        },
        "http_reqs": {
            "count": 5000,
            "rate": 11919.5478200339
        },
        "data_received": {
            "count": 755000,
            "rate": 1799851.7208251187
        }
    }
}