{
    "root_group": {
        "name": "",
        "path": "",
        "id": "d41d8cd98f00b204e9800998ecf8427e",
        "groups": {},
        "checks": {
                "status is 200 or 503": {
                    "name": "status is 200 or 503",
                    "path": "::status is 200 or 503",
                    "id": "9158419957bbc07d723ad901a3da8b58",
                    "passes": 49620,
                    "fails": 380
                }
            }
    },
    "metrics": {
        "http_reqs": {
            "count": 50000,
            "rate": 4999.56203836544
        },
        "http_req_blocked": {
            "med": 0.057,
            "max": 92.286,
            "p(90)": 0.099,
            "p(95)": 0.3150499999999978,
            "avg": 0.46691404000010023,
            "min": 0.04
        },
        "http_req_sending": {
            "max": 17.411,
            "p(90)": 0.016,
            "p(95)": 0.042,
            "avg": 0.024997360000002276,
            "min": 0,
            "med": 0.009
        },
        "http_req_failed": {
            "passes": 1136,
            "fails": 48864,
            "value": 0.02272
        },
        "data_received": {
            "count": 8366351,
            "rate": 836561.8171848146
        },
        "http_req_connecting": {
            "avg": 0.4418461400000304,
            "min": 0.03,
            "med": 0.046,
            "max": 92.127,
            "p(90)": 0.077,
            "p(95)": 0.223
        },
        "http_req_waiting": {
            "p(90)": 0.059,
            "p(95)": 0.282,
            "avg": 0.19144586000003608,
            "min": 0,
            "med": 0.032,
            "max": 36.69
        },
        "success_duration": {
            "max": 36.888,
            "p(90)": 0.088,
            "p(95)": 0.294,
            "avg": 0.19917585543550936,
            "min": 0.035,
            "med": 0.055
        },
        "checks": {
            "passes": 49620,
            "fails": 380,
            "value": 0.9924
        },
        "http_req_tls_handshaking": {
            "max": 0,
            "p(90)": 0,
            "p(95)": 0,
            "avg": 0,
            "min": 0,
            "med": 0
        },
        "http_req_duration": {
            "p(90)": 0.098,
            "p(95)": 0.402,
            "avg": 0.2415083000000373,
            "min": 0,
            "med": 0.055,
            "max": 36.888
        },
        "data_sent": {
            "count": 9134988,
            "rate": 913418.7845144765
        },
        "iteration_duration": {
            "min": 0.099542,
            "med": 0.143875,
            "max": 93.163208,
            "p(90)": 0.32765420000000034,
            "p(95)": 1.3988538499999992,
            "avg": 0.7568691137600012
        },
        "http_req_duration{expected_response:true}": {
            "min": 0.035,
            "med": 0.055,
            "max": 36.888,
            "p(90)": 0.088,
            "p(95)": 0.294,
            "avg": 0.19917585543550936
        },
        "http_req_receiving": {
            "avg": 0.025065080000006477,
            "min": 0,
            "med": 0.01,
            "max": 26.337,
            "p(90)": 0.023,
            "p(95)": 0.043
        },
        "iterations": {
            "count": 50000,
            "rate": 4999.56203836544
        },
        "status_503": {
            "rate": 75.59337802008544,
            "count": 756
        },
        "vus": {
            "value": 8,
            "min": 0,
            "max": 62
        },
        "vus_max": {
            "min": 1000,
            "max": 1000,
            "value": 1000
        }
    }
}