{
    "metrics": {
        "http_req_blocked": {
            "p(95)": 0.304,
            "avg": 0.3882778000000413,
            "min": 0.043,
            "med": 0.06,
            "max": 67.707,
            "p(90)": 0.10710000000000111
        },
        "http_req_waiting": {
            "avg": 0.10183376000000921,
            "min": 0,
            "med": 0.033,
            "max": 34.258,
            "p(90)": 0.061,
            "p(95)": 0.304
        },
        "iteration_duration": {
            "p(95)": 1.3349648999999977,
            "avg": 0.5964194591600049,
            "min": 0.107166,
            "med": 0.149667,
            "max": 68.141417,
            "p(90)": 0.36750450000000096
        },
        "iterations": {
            "rate": 4999.653524010786,
            "count": 50000
        },
        "checks": {
            "passes": 49391,
            "fails": 609,
            "value": 0.98782
        },
        "data_sent": {
            "count": 9097173,
            "rate": 909654.2609597155
        },
        "http_reqs": {
            "count": 50000,
            "rate": 4999.653524010786
        },
        "success_duration": {
            "p(95)": 0.29529999999999784,
            "avg": 0.12478591665804162,
            "min": 0.034,
            "med": 0.056,
            "max": 34.657,
            "p(90)": 0.091
        },
        "status_503": {
            "count": 1036,
            "rate": 103.59282101750348
        },
        "http_req_duration": {
            "avg": 0.14858929999999063,
            "min": 0,
            "med": 0.056,
            "max": 34.657,
            "p(90)": 0.106,
            "p(95)": 0.446
        },
        "http_req_receiving": {
            "avg": 0.02442778000000428,
            "min": 0,
            "med": 0.011,
            "max": 4.72,
            "p(90)": 0.027,
            "p(95)": 0.053
        },
        "http_req_duration{expected_response:true}": {
            "avg": 0.12478591665804162,
            "min": 0.034,
            "med": 0.056,
            "max": 34.657,
            "p(90)": 0.091,
            "p(95)": 0.29529999999999784
        },
        "data_received": {
            "count": 8344925,
            "rate": 834434.6736771142
        },
        "http_req_sending": {
            "med": 0.01,
            "max": 5.319,
            "p(90)": 0.017,
            "p(95)": 0.038,
            "avg": 0.02232776000000067,
            "min": 0
        },
        "http_req_failed": {
            "passes": 1645,
            "fails": 48355,
            "value": 0.0329
        },
        "vus_max": {
            "value": 1000,
            "min": 1000,
            "max": 1000
        },
        "http_req_connecting": {
            "p(95)": 0.222,
            "avg": 0.3629677200000239,
            "min": 0.032,
            "med": 0.048,
            "max": 60.146,
            "p(90)": 0.084
        },
        "http_req_tls_handshaking": {
            "max": 0,
            "p(90)": 0,
            "p(95)": 0,
            "avg": 0,
            "min": 0,
            "med": 0
        },
        "vus": {
            "value": 1,
            "min": 0,
            "max": 4
        }
    },
    "root_group": {
        "groups": {},
        "checks": {
                "status is 200 or 503": {
                    "passes": 49391,
                    "fails": 609,
                    "name": "status is 200 or 503",
                    "path": "::status is 200 or 503",
                    "id": "9158419957bbc07d723ad901a3da8b58"
                }
            },
        "name": "",
        "path": "",
        "id": "d41d8cd98f00b204e9800998ecf8427e"
    }
}