{
    "root_group": {
        "path": "",
        "id": "d41d8cd98f00b204e9800998ecf8427e",
        "groups": {},
        "checks": {
                "seed status is 200": {
                    "fails": 0,
                    "name": "seed status is 200",
                    "path": "::seed status is 200",
                    "id": "2ac229dc72417ad76e9d2b75969e5805",
                    "passes": 5000
                }
            },
        "name": ""
    },
    "metrics": {
        "http_req_blocked": {
            "p(95)": 0.117,
            "avg": 0.08397359999999958,
            "min": 0.039,
            "med": 0.058,
            "max": 36.997,
            "p(90)": 0.097
        },
        "checks": {
            "passes": 5000,
            "fails": 0,
            "value": 1
        },
        "data_received": {
            "count": 755000,
            "rate": 1639675.3659950874
        },
        "http_reqs": {
            "count": 5000,
            "rate": 10858.777258245613
        },
        "http_req_receiving": {
            "max": 2.177,
            "p(90)": 0.021,
            "p(95)": 0.032,
            "avg": 0.013774200000000248,
            "min": 0.004,
            "med": 0.009
        },
        "iterations": {
            "rate": 10858.777258245613,
            "count": 5000
        },
        "http_req_duration": {
            "avg": 0.07260780000000001,
            "min": 0.033,
            "med": 0.057,
            "max": 4.526,
            "p(90)": 0.093,
            "p(95)": 0.12504999999999977
        },
        "http_req_connecting": {
            "avg": 0.07234259999999997,
            "min": 0.029,
            "med": 0.048,
            "max": 36.978,
            "p(90)": 0.084,
            "p(95)": 0.099
        },
        "http_req_tls_handshaking": {
            "med": 0,
            "max": 0,
            "p(90)": 0,
            "p(95)": 0,
            "avg": 0,
            "min": 0
        },
        "data_sent": {
            "count": 1007780,
            "rate": 2188651.7090629525
        },
        "iteration_duration": {
            "max": 37.184959,
            "p(90)": 0.21580860000000002,
            "p(95)": 0.2910524,
            "avg": 0.1816261872000001,
            "min": 0.096667,
            "med": 0.139084
        },
        "http_req_failed": {
            "passes": 0,
            "fails": 5000,
            "thresholds": {
                "rate==0": false
            },
            "value": 0
        },
        "http_req_duration{expected_response:true}": {
            "avg": 0.07260780000000001,
            "min": 0.033,
            "med": 0.057,
            "max": 4.526,
            "p(90)": 0.093,
            "p(95)": 0.12504999999999977
        },
        "http_req_waiting": {
            "p(95)": 0.082,
            "avg": 0.0496315999999995,
            "min": 0.021,
            "med": 0.038,
            "max": 4.396,
            "p(90)": 0.065
        },
        "http_req_sending": {
            "p(90)": 0.013,
            "p(95)": 0.02004999999999978,
            "avg": 0.009202000000000198,
            "min": 0.003,
            "med": 0.006,
            "max": 0.969
        }
    }
}