{
    "metrics": {
        "http_req_waiting": {
            "avg": 0.1567449418352803,
            "min": 0,
            "med": 0.034,
            "max": 30.449,
            "p(90)": 0.083,
            "p(95)": 0.302
        },
        "http_req_duration": {
            "max": 32.751,
            "p(90)": 0.112,
            "p(95)": 0.46,
            "avg": 0.20835568814372268,
            "min": 0.006,
            "med": 0.058
        },
        "data_sent": {
            "count": 5404050,
            "rate": 540336.9715752787
        },
        "iteration_duration": {
            "avg": 0.49889075547481615,
            "min": 0.109958,
            "med": 0.153667,
            "max": 56.486458,
            "p(90)": 0.271292,
            "p(95)": 0.990792
        },
        "checks": {
            "passes": 29913,
            "fails": 88,
            "value": 0.9970667644411852
        },
        "status_503": {
            "count": 170,
            "rate": 16.99785996942985
        },
        "http_reqs": {
            "count": 30001,
            "rate": 2999.722334958029
        },
        "iterations": {
            "count": 30001,
            "rate": 2999.722334958029
        },
        "http_req_tls_handshaking": {
            "max": 0,
            "p(90)": 0,
            "p(95)": 0,
            "avg": 0,
            "min": 0,
            "med": 0
        },
        "vus": {
            "value": 1,
            "min": 1,
            "max": 1
        },
        "http_req_connecting": {
            "max": 44.013,
            "p(90)": 0.104,
            "p(95)": 0.179,
            "avg": 0.21874584180526144,
            "min": 0.034,
            "med": 0.05
        },
        "http_req_duration{expected_response:true}": {
            "min": 0.036,
            "med": 0.058,
            "max": 32.751,
            "p(90)": 0.108,
            "p(95)": 0.36689999999999867,
            "avg": 0.20393564872406386
        },
        "http_req_sending": {
            "avg": 0.028270090996965844,
            "min": 0,
            "med": 0.01,
            "max": 10.375,
            "p(90)": 0.015,
            "p(95)": 0.032
        },
        "vus_max": {
            "value": 1000,
            "min": 1000,
            "max": 1000
        },
        "http_req_blocked": {
            "med": 0.062,
            "max": 46.563,
            "p(90)": 0.118,
            "p(95)": 0.222,
            "avg": 0.24441075297489687,
            "min": 0.044
        },
        "http_req_failed": {
            "passes": 258,
            "fails": 29743,
            "value": 0.00859971334288857
        },
        "data_received": {
            "count": 5160859,
            "rate": 516020.9329645398
        },
        "http_req_receiving": {
            "med": 0.011,
            "max": 11.623,
            "p(90)": 0.022,
            "p(95)": 0.042,
            "avg": 0.023340655311490394,
            "min": 0.005
        },
        "success_duration": {
            "med": 0.058,
            "max": 32.751,
            "p(90)": 0.108,
            "p(95)": 0.36689999999999867,
            "avg": 0.20393564872406386,
            "min": 0.036
        }
    },
    "root_group": {
        "id": "d41d8cd98f00b204e9800998ecf8427e",
        "groups": {},
        "checks": {
                "status is 200 or 503": {
                    "fails": 88,
                    "name": "status is 200 or 503",
                    "path": "::status is 200 or 503",
                    "id": "9158419957bbc07d723ad901a3da8b58",
                    "passes": 29913
                }
            },
        "name": "",
        "path": ""
    }
}