{
    "metrics": {
        "checks": {
            "passes": 49340,
            "fails": 661,
            "value": 0.9867802643947121
        },
        "iteration_duration": {
            "p(90)": 0.317042,
            "p(95)": 1.126709,
            "avg": 0.621451691586167,
            "min": 0.105,
            "med": 0.147,
            "max": 72.417834
        },
        "http_req_duration": {
            "p(90)": 0.094,
            "p(95)": 0.361,
            "avg": 0.14976100477989457,
            "min": 0,
            "med": 0.055,
            "max": 60.007
        },
        "http_req_sending": {
            "avg": 0.02177254454910752,
            "min": 0,
            "med": 0.01,
            "max": 3.988,
            "p(90)": 0.016,
            "p(95)": 0.036
        },
        "vus_max": {
            "value": 1000,
            "min": 1000,
            "max": 1000
        },
        "http_req_receiving": {
            "med": 0.01,
            "max": 4.848,
            "p(90)": 0.024,
            "p(95)": 0.045,
            "avg": 0.023099678006442928,
            "min": 0
        },
        "status_503": {
            "count": 1053,
            "rate": 105.2914292776568
        },
        "http_req_blocked": {
            "max": 70.965,
            "p(90)": 0.1,
            "p(95)": 0.28,
            "avg": 0.415428411431876,
            "min": 0.044,
            "med": 0.059
        },
        "data_sent": {
            "count": 9104822,
            "rate": 910408.0927812476
        },
        "http_req_duration{expected_response:true}": {
            "min": 0.034,
            "med": 0.055,
            "max": 60.007,
            "p(90)": 0.083,
            "p(95)": 0.213,
            "avg": 0.1190197154513561
        },
        "http_req_waiting": {
            "avg": 0.10488878222436664,
            "min": 0,
            "med": 0.032,
            "max": 59.039,
            "p(90)": 0.056,
            "p(95)": 0.234
        },
        "data_received": {
            "count": 8343311,
            "rate": 834263.1909762545
        },
        "iterations": {
            "count": 50001,
            "rate": 4999.693024987766
        },
        "vus": {
            "value": 1,
            "min": 1,
            "max": 1
        },
        "http_reqs": {
            "rate": 4999.693024987766,
            "count": 50001
        },
        "http_req_connecting": {
            "avg": 0.38849465010698825,
            "min": 0.034,
            "med": 0.047,
            "max": 62.689,
            "p(90)": 0.079,
            "p(95)": 0.196
        },
        "http_req_failed": {
            "fails": 48287,
            "passes": 1714,
            "value": 0.03427931441371172
        },
        "success_duration": {
            "avg": 0.1190197154513561,
            "min": 0.034,
            "med": 0.055,
            "max": 60.007,
            "p(90)": 0.083,
            "p(95)": 0.213
        },
        "http_req_tls_handshaking": {
            "avg": 0,
            "min": 0,
            "med": 0,
            "max": 0,
            "p(90)": 0,
            "p(95)": 0
        }
    },
    "root_group": {
        "path": "",
        "id": "d41d8cd98f00b204e9800998ecf8427e",
        "groups": {},
        "checks": {
                "status is 200 or 503": {
                    "path": "::status is 200 or 503",
                    "id": "9158419957bbc07d723ad901a3da8b58",
                    "passes": 49340,
                    "fails": 661,
                    "name": "status is 200 or 503"
                }
            },
        "name": ""
    }
}