{
    "root_group": {
        "name": "",
        "path": "",
        "id": "d41d8cd98f00b204e9800998ecf8427e",
        "groups": {},
        "checks": {
                "status is 200 or 503": {
                    "path": "::status is 200 or 503",
                    "id": "9158419957bbc07d723ad901a3da8b58",
                    "passes": 29983,
                    "fails": 18,
                    "name": "status is 200 or 503"
                }
            }
    },
    "metrics": {
        "iterations": {
            "count": 30001,
            "rate": 2999.8081186700533
        },
        "http_req_duration{expected_response:true}": {
            "p(95)": 0.172,
            "avg": 0.10418494659545809,
            "min": 0.037,
            "med": 0.06,
            "max": 17.789,
            "p(90)": 0.112
        },
        "data_received": {
            "count": 5168660,
            "rate": 516815.7138310442
        },
        "vus_max": {
            "value": 1000,
            "min": 1000,
            "max": 1000
        },
        "http_req_blocked": {
            "p(95)": 0.144,
            "avg": 0.10563477884070645,
            "min": 0.04,
            "med": 0.061,
            "max": 12.544,
            "p(90)": 0.112
        },
        "data_sent": {
            "count": 5421328,
            "rate": 542080.0556105891
        },
        "http_req_waiting": {
            "p(95)": 0.129,
            "avg": 0.07279564014532798,
            "min": 0,
            "med": 0.035,
            "max": 17.642,
            "p(90)": 0.079
        },
        "checks": {
            "passes": 29983,
            "fails": 18,
            "value": 0.9994000199993334
        },
        "status_503": {
            "count": 23,
            "rate": 2.2997762317726487
        },
        "http_req_connecting": {
            "avg": 0.0901195626812407,
            "min": 0.031,
            "med": 0.048,
            "max": 12.531,
            "p(90)": 0.098,
            "p(95)": 0.12
        },
        "http_req_receiving": {
            "avg": 0.017032832238924798,
            "min": 0,
            "med": 0.011,
            "max": 6.266,
            "p(90)": 0.023,
            "p(95)": 0.036
        },
        "iteration_duration": {
            "p(90)": 0.263875,
            "p(95)": 0.400916,
            "avg": 0.24986723665877847,
            "min": 0.103167,
            "med": 0.156,
            "max": 17.988
        },
        "http_req_tls_handshaking": {
            "max": 0,
            "p(90)": 0,
            "p(95)": 0,
            "avg": 0,
            "min": 0,
            "med": 0
        },
        "success_duration": {
            "max": 17.789,
            "p(90)": 0.112,
            "p(95)": 0.172,
            "avg": 0.10418494659545809,
            "min": 0.037,
            "med": 0.06
        },
        "http_req_duration": {
            "avg": 0.10488617046098206,
            "min": 0,
            "med": 0.06,
            "max": 17.789,
            "p(90)": 0.112,
            "p(95)": 0.174
        },
        "http_req_sending": {
            "avg": 0.015057698076730644,
            "min": 0,
            "med": 0.01,
            "max": 1.038,
            "p(90)": 0.016,
            "p(95)": 0.026
        },
        "http_reqs": {
            "count": 30001,
            "rate": 2999.8081186700533
        },
        "vus": {
            "max": 0,
            "value": 0,
            "min": 0
        },
        "http_req_failed": {
            "passes": 41,
            "fails": 29960,
            "value": 0.001366621112629579
        }
    }
}