{
    "root_group": {
        "checks": {
            "seed status is 200": {
                "name": "seed status is 200",
                "path": "::seed status is 200",
                "id": "2ac229dc72417ad76e9d2b75969e5805",
                "passes": 5000,
                "fails": 0
            }
        },
        "name": "",
        "path": "",
        "id": "d41d8cd98f00b204e9800998ecf8427e",
        "groups": {}
    },
    "metrics": {
        "iterations": {
            "rate": 13340.05672192118,
            "count": 5000
        },
        "http_req_connecting": {
            "p(95)": 0.083,
            "avg": 0.048735399999999963,
            "min": 0.026,
            "med": 0.042,
            "max": 0.48,
            "p(90)": 0.073
        },
        "http_req_tls_handshaking": {
            "min": 0,
            "med": 0,
            "max": 0,
            "p(90)": 0,
            "p(95)": 0,
            "avg": 0
        },
        "http_req_failed": {
            "passes": 0,
            "fails": 5000,
            "thresholds": {
                "rate==0": false
            },
            "value": 0
        },
        "http_reqs": {
            "count": 5000,
            "rate": 13340.05672192118
        },
        "data_received": {
            "rate": 2014348.5650100985,
            "count": 755000
        },
        "http_req_duration{expected_response:true}": {
            "avg": 0.06402699999999995,
            "min": 0.032,
            "med": 0.055,
            "max": 0.838,
            "p(90)": 0.087,
            "p(95)": 0.112
        },
        "http_req_sending": {
            "max": 0.643,
            "p(90)": 0.011,
            "p(95)": 0.017,
            "avg": 0.008906000000000178,
            "min": 0.003,
            "med": 0.006
        },
        "checks": {
            "passes": 5000,
            "fails": 0,
            "value": 1
        },
        "data_sent": {
            "count": 1007780,
            "rate": 2688768.472643546
        },
        "iteration_duration": {
            "avg": 0.14750180479999997,
            "min": 0.089542,
            "med": 0.13,
            "max": 2.061542,
            "p(90)": 0.1881828,
            "p(95)": 0.25213125
        },
        "http_req_duration": {
            "avg": 0.06402699999999995,
            "min": 0.032,
            "med": 0.055,
            "max": 0.838,
            "p(90)": 0.087,
            "p(95)": 0.112
        },
        "http_req_blocked": {
            "max": 0.747,
            "p(90)": 0.085,
            "p(95)": 0.099,
            "avg": 0.05971500000000012,
            "min": 0.032,
            "med": 0.051
        },
        "http_req_receiving": {
            "avg": 0.012077400000000254,
            "min": 0.004,
            "med": 0.009,
            "max": 0.425,
            "p(90)": 0.018,
            "p(95)": 0.027
        },
        "http_req_waiting": {
            "min": 0.02,
            "med": 0.037,
            "max": 0.451,
            "p(90)": 0.062,
            "p(95)": 0.075,
            "avg": 0.04304359999999996
        }
    }
}