{
    "root_group": {
        "name": "",
        "path": "",
        "id": "d41d8cd98f00b204e9800998ecf8427e",
        "groups": {},
        "checks": {
                "status is 200 or 503": {
                    "passes": 59191,
                    "fails": 809,
                    "name": "status is 200 or 503",
                    "path": "::status is 200 or 503",
                    "id": "9158419957bbc07d723ad901a3da8b58"
                }
            }
    },
    "metrics": {
        "http_reqs": {
            "count": 60000,
            "rate": 2999.9434510659476
        },
        "http_req_connecting": {
            "avg": 0.9184149500000329,
            "min": 0.034,
            "med": 0.057,
            "max": 95.062,
            "p(90)": 0.405,
            "p(95)": 1.9100499999999974
        },
        "http_req_sending": {
            "avg": 0.09907478333338163,
            "min": 0,
            "med": 0.012,
            "max": 38.08,
            "p(90)": 0.053,
            "p(95)": 0.172
        },
        "data_received": {
            "count": 9971586,
            "rate": 498569.9019573481
        },
        "http_req_receiving": {
            "p(95)": 0.197,
            "avg": 0.15256831666673112,
            "min": 0,
            "med": 0.013,
            "max": 60.367,
            "p(90)": 0.062
        },
        "vus": {
            "value": 11,
            "min": 0,
            "max": 83
        },
        "checks": {
            "passes": 59191,
            "fails": 809,
            "value": 0.9865166666666667
        },
        "data_sent": {
            "count": 10799094,
            "rate": 539944.5220457595
        },
        "http_req_blocked": {
            "p(90)": 0.511,
            "p(95)": 2.267,
            "avg": 1.0258380166666414,
            "min": 0.045,
            "med": 0.074,
            "max": 135.426
        },
        "http_req_waiting": {
            "avg": 0.7029787000001,
            "min": 0,
            "med": 0.039,
            "max": 115.937,
            "p(90)": 0.5171000000000013,
            "p(95)": 1.867
        },
        "http_req_duration{expected_response:true}": {
            "med": 0.07,
            "max": 131.199,
            "p(90)": 0.517,
            "p(95)": 1.9982999999999975,
            "avg": 0.8118969543590245,
            "min": 0.036
        },
        "status_503": {
            "count": 1896,
            "rate": 94.79821305368394
        },
        "iterations": {
            "count": 60000,
            "rate": 2999.9434510659476
        },
        "success_duration": {
            "avg": 0.8118969543590245,
            "min": 0.036,
            "med": 0.07,
            "max": 131.199,
            "p(90)": 0.517,
            "p(95)": 1.9982999999999975
        },
        "vus_max": {
            "max": 1000,
            "value": 1000,
            "min": 1000
        },
        "http_req_tls_handshaking": {
            "avg": 0,
            "min": 0,
            "med": 0,
            "max": 0,
            "p(90)": 0,
            "p(95)": 0
        },
        "http_req_failed": {
            "passes": 2705,
            "fails": 57295,
            "value": 0.045083333333333336
        },
        "http_req_duration": {
            "avg": 0.9546218000000005,
            "min": 0,
            "med": 0.07,
            "max": 131.199,
            "p(90)": 0.731,
            "p(95)": 2.554049999999997
        },
        "iteration_duration": {
            "p(95)": 8.27756874999999,
            "avg": 2.150507988433324,
            "min": 0.111375,
            "med": 0.192458,
            "max": 171.069125,
            "p(90)": 2.304257800000001
        }
    }
}