{
    "root_group": {
        "path": "",
        "id": "d41d8cd98f00b204e9800998ecf8427e",
        "groups": {},
        "checks": {
                "seed status is 200": {
                    "passes": 5000,
                    "fails": 0,
                    "name": "seed status is 200",
                    "path": "::seed status is 200",
                    "id": "2ac229dc72417ad76e9d2b75969e5805"
                }
            },
        "name": ""
    },
    "metrics": {
        "http_req_waiting": {
            "p(90)": 0.4581000000000001,
            "p(95)": 0.7070499999999997,
            "avg": 0.3389560000000009,
            "min": 0.026,
            "med": 0.179,
            "max": 24.626
        },
        "iteration_duration": {
            "med": 0.4171665,
            "max": 33.269459,
            "p(90)": 0.9092122,
            "p(95)": 1.3631086499999987,
            "avg": 0.7363658059999992,
            "min": 0.153458
        },
        "http_req_duration": {
            "p(95)": 0.9000499999999998,
            "avg": 0.4523126,
            "min": 0.045,
            "med": 0.238,
            "max": 26.8,
            "p(90)": 0.6012000000000002
        },
        "http_req_tls_handshaking": {
            "avg": 0,
            "min": 0,
            "med": 0,
            "max": 0,
            "p(90)": 0,
            "p(95)": 0
        },
        "http_req_blocked": {
            "p(90)": 0.263,
            "p(95)": 0.36204999999999976,
            "avg": 0.2175072000000006,
            "min": 0.037,
            "med": 0.118,
            "max": 21.347
        },
        "http_req_connecting": {
            "min": 0.03,
            "med": 0.101,
            "max": 19.226,
            "p(90)": 0.224,
            "p(95)": 0.307,
            "avg": 0.1904316000000001
        },
        "http_req_duration{expected_response:true}": {
            "med": 0.238,
            "max": 26.8,
            "p(90)": 0.6012000000000002,
            "p(95)": 0.9000499999999998,
            "avg": 0.4523126,
            "min": 0.045
        },
        "data_sent": {
            "count": 1004401,
            "rate": 2699204.5362930316
        },
        "http_reqs": {
            "count": 5000,
            "rate": 13436.88694203327
        },
        "iterations": {
            "count": 5000,
            "rate": 13436.88694203327
        },
        "http_req_receiving": {
            "p(90)": 0.118,
            "p(95)": 0.19809999999999955,
            "avg": 0.07786759999999998,
            "min": 0.004,
            "med": 0.026,
            "max": 22.18
        },
        "data_received": {
            "rate": 2028969.9282470238,
            "count": 755000
        },
        "http_req_failed": {
            "passes": 0,
            "fails": 5000,
            "thresholds": {
                "rate==0": false
            },
            "value": 0
        },
        "checks": {
            "passes": 5000,
            "fails": 0,
            "value": 1
        },
        "http_req_sending": {
            "avg": 0.035488999999999785,
            "min": 0.003,
            "med": 0.014,
            "max": 4.152,
            "p(90)": 0.063,
            "p(95)": 0.113
        }
    }
}