{
    "root_group": {
        "name": "",
        "path": "",
        "id": "d41d8cd98f00b204e9800998ecf8427e",
        "groups": {},
        "checks": {
                "status is 200 or 503": {
                    "passes": 29952,
                    "fails": 48,
                    "name": "status is 200 or 503",
                    "path": "::status is 200 or 503",
                    "id": "9158419957bbc07d723ad901a3da8b58"
                }
            }
    },
    "metrics": {
        "http_req_failed": {
            "passes": 142,
            "fails": 29858,
            "value": 0.004733333333333333
        },
        "vus_max": {
            "value": 1000,
            "min": 1000,
            "max": 1000
        },
        "http_req_duration{expected_response:true}": {
            "max": 41.242,
            "p(90)": 0.406,
            "p(95)": 0.5611499999999987,
            "avg": 0.43904086007099696,
            "min": 0.286,
            "med": 0.35
        },
        "http_req_blocked": {
            "max": 73.978,
            "p(90)": 0.14,
            "p(95)": 0.181,
            "avg": 0.2370241999999947,
            "min": 0.042,
            "med": 0.107
        },
        "http_req_tls_handshaking": {
            "p(95)": 0,
            "avg": 0,
            "min": 0,
            "med": 0,
            "max": 0,
            "p(90)": 0
        },
        "http_reqs": {
            "count": 30000,
            "rate": 2999.76841787814
        },
        "http_req_receiving": {
            "min": 0,
            "med": 0.009,
            "max": 1.164,
            "p(90)": 0.021,
            "p(95)": 0.04,
            "avg": 0.01823273333333239
        },
        "vus": {
            "min": 1,
            "max": 2,
            "value": 1
        },
        "http_req_connecting": {
            "p(90)": 0.125,
            "p(95)": 0.152,
            "avg": 0.22171686666666016,
            "min": 0.031,
            "med": 0.095,
            "max": 73.901
        },
        "iterations": {
            "count": 30000,
            "rate": 2999.76841787814
        },
        "data_sent": {
            "count": 5409699,
            "rate": 540928.1403475652
        },
        "http_req_waiting": {
            "med": 0.329,
            "max": 41.204,
            "p(90)": 0.381,
            "p(95)": 0.488,
            "avg": 0.403048933333328,
            "min": 0
        },
        "success_duration": {
            "p(95)": 0.5611499999999987,
            "avg": 0.43904086007099696,
            "min": 0.286,
            "med": 0.35,
            "max": 41.242,
            "p(90)": 0.406
        },
        "status_503": {
            "count": 94,
            "rate": 9.399274376018171
        },
        "iteration_duration": {
            "med": 0.495875,
            "max": 74.521667,
            "p(90)": 0.5780411,
            "p(95)": 0.9206038499999994,
            "avg": 0.717468809799994,
            "min": 0.302542
        },
        "checks": {
            "passes": 29952,
            "fails": 48,
            "value": 0.9984
        },
        "http_req_sending": {
            "avg": 0.01931749999999905,
            "min": 0,
            "med": 0.01,
            "max": 2.834,
            "p(90)": 0.016,
            "p(95)": 0.029
        },
        "http_req_duration": {
            "avg": 0.4405991666666615,
            "min": 0,
            "med": 0.35,
            "max": 41.242,
            "p(90)": 0.407,
            "p(95)": 0.5810499999999986
        },
        "data_received": {
            "count": 5164656,
            "rate": 516425.73193349474
        }
    }
}