{
    "root_group": {
        "name": "",
        "path": "",
        "id": "d41d8cd98f00b204e9800998ecf8427e",
        "groups": {},
        "checks": {
                "seed status is 200": {
                    "name": "seed status is 200",
                    "path": "::seed status is 200",
                    "id": "2ac229dc72417ad76e9d2b75969e5805",
                    "passes": 5000,
                    "fails": 0
                }
            }
    },
    "metrics": {
        "http_req_sending": {
            "p(90)": 0.012,
            "p(95)": 0.016,
            "avg": 0.009237000000000163,
            "min": 0.003,
            "med": 0.007,
            "max": 0.271
        },
        "http_req_receiving": {
            "p(95)": 0.028,
            "avg": 0.013314200000000326,
            "min": 0.005,
            "med": 0.01,
            "max": 0.55,
            "p(90)": 0.019
        },
        "checks": {
            "passes": 5000,
            "fails": 0,
            "value": 1
        },
        "iterations": {
            "count": 5000,
            "rate": 4819.8299371204985
        },
        "http_reqs": {
            "count": 5000,
            "rate": 4819.8299371204985
        },
        "vus_max": {
            "max": 2,
            "value": 2,
            "min": 2
        },
        "http_req_duration": {
            "avg": 0.32255320000000026,
            "min": 0.287,
            "med": 0.309,
            "max": 12.003,
            "p(90)": 0.34,
            "p(95)": 0.364
        },
        "http_req_connecting": {
            "med": 0.047,
            "max": 0.884,
            "p(90)": 0.08,
            "p(95)": 0.1,
            "avg": 0.05546820000000009,
            "min": 0.032
        },
        "data_received": {
            "count": 755000,
            "rate": 727794.3205051952
        },
        "http_req_tls_handshaking": {
            "p(95)": 0,
            "avg": 0,
            "min": 0,
            "med": 0,
            "max": 0,
            "p(90)": 0
        },
        "http_req_waiting": {
            "med": 0.288,
            "max": 11.981,
            "p(90)": 0.315,
            "p(95)": 0.334,
            "avg": 0.3000019999999995,
            "min": 0.274
        },
        "iteration_duration": {
            "p(95)": 0.51937915,
            "avg": 0.4126561078000002,
            "min": 0.350875,
            "med": 0.3894375,
            "max": 12.079666,
            "p(90)": 0.4593792
        },
        "http_req_failed": {
            "passes": 0,
            "fails": 5000,
            "thresholds": {
                "rate==0": false
            },
            "value": 0
        },
        "data_sent": {
            "count": 1007780,
            "rate": 971465.6428062591
        },
        "vus": {
            "min": 2,
            "max": 2,
            "value": 2
        },
        "http_req_blocked": {
            "p(90)": 0.094,
            "p(95)": 0.117,
            "avg": 0.06736100000000009,
            "min": 0.038,
            "med": 0.058,
            "max": 0.935
        },
        "http_req_duration{expected_response:true}": {
            "max": 12.003,
            "p(90)": 0.34,
            "p(95)": 0.364,
            "avg": 0.32255320000000026,
            "min": 0.287,
            "med": 0.309
        }
    }
}