{
    "root_group": {
        "id": "d41d8cd98f00b204e9800998ecf8427e",
        "groups": {},
        "checks": {
                "status is 200 or 503": {
                    "passes": 28973,
                    "fails": 8,
                    "name": "status is 200 or 503",
                    "path": "::status is 200 or 503",
                    "id": "9158419957bbc07d723ad901a3da8b58"
                }
            },
        "name": "",
        "path": ""
    },
    "metrics": {
        "http_reqs": {
            "count": 28981,
            "rate": 2897.855421002467
        },
        "http_req_receiving": {
            "max": 214.725,
            "p(90)": 0.076,
            "p(95)": 0.339,
            "avg": 0.512958524550599,
            "min": 0,
            "med": 0.012
        },
        "http_req_sending": {
            "avg": 0.4493880818467785,
            "min": 0,
            "med": 0.011,
            "max": 155.124,
            "p(90)": 0.053,
            "p(95)": 0.256
        },
        "data_received": {
            "count": 4978112,
            "rate": 497769.1882805091
        },
        "http_req_connecting": {
            "p(90)": 1.747,
            "p(95)": 48.358,
            "avg": 6.46977761291893,
            "min": 0.033,
            "med": 0.054,
            "max": 426.146
        },
        "vus_max": {
            "max": 1001,
            "value": 1001,
            "min": 1000
        },
        "http_req_failed": {
            "passes": 733,
            "fails": 28248,
            "value": 0.025292432973327353
        },
        "iteration_duration": {
            "avg": 12.410423646457996,
            "min": 0.10625,
            "med": 0.167792,
            "max": 744.116708,
            "p(90)": 8.332875,
            "p(95)": 91.327667
        },
        "dropped_iterations": {
            "count": 1020,
            "rate": 101.99139192652139
        },
        "http_req_blocked": {
            "max": 595.89,
            "p(90)": 1.883,
            "p(95)": 51.994,
            "avg": 6.96075214795894,
            "min": 0.044,
            "med": 0.067
        },
        "checks": {
            "passes": 28973,
            "fails": 8,
            "value": 0.9997239570753252
        },
        "http_req_duration{expected_response:true}": {
            "avg": 3.9969924242424435,
            "min": 0.035,
            "med": 0.061,
            "max": 473.716,
            "p(90)": 1.2573000000000005,
            "p(95)": 5.774149999999986
        },
        "vus": {
            "value": 0,
            "min": 0,
            "max": 291
        },
        "status_503": {
            "count": 725,
            "rate": 72.49388151640001
        },
        "data_sent": {
            "count": 5109055,
            "rate": 510862.3832148566
        },
        "http_req_duration": {
            "avg": 3.9197086021876477,
            "min": 0,
            "med": 0.061,
            "max": 473.716,
            "p(90)": 1.217,
            "p(95)": 5.568
        },
        "http_req_tls_handshaking": {
            "p(95)": 0,
            "avg": 0,
            "min": 0,
            "med": 0,
            "max": 0,
            "p(90)": 0
        },
        "http_req_waiting": {
            "avg": 2.9573619957903254,
            "min": 0,
            "med": 0.035,
            "max": 398.137,
            "p(90)": 0.853,
            "p(95)": 4.324
        },
        "success_duration": {
            "p(95)": 5.774149999999986,
            "avg": 3.9969924242424435,
            "min": 0.035,
            "med": 0.061,
            "max": 473.716,
            "p(90)": 1.2573000000000005
        },
        "iterations": {
            "count": 28981,
            "rate": 2897.855421002467
        }
    }
}