{
    "root_group": {
        "name": "",
        "path": "",
        "id": "d41d8cd98f00b204e9800998ecf8427e",
        "groups": {},
        "checks": {
                "seed status is 200": {
                    "name": "seed status is 200",
                    "path": "::seed status is 200",
                    "id": "2ac229dc72417ad76e9d2b75969e5805",
                    "passes": 5000,
                    "fails": 0
                }
            }
    },
    "metrics": {
        "iterations": {
            "count": 5000,
            "rate": 12041.722158936282
        },
        "data_sent": {
            "count": 1007780,
            "rate": 2427081.351466561
        },
        "http_req_tls_handshaking": {
            "avg": 0,
            "min": 0,
            "med": 0,
            "max": 0,
            "p(90)": 0,
            "p(95)": 0
        },
        "http_req_connecting": {
            "p(95)": 0.092,
            "avg": 0.06092879999999944,
            "min": 0.03,
            "med": 0.048,
            "max": 14.945,
            "p(90)": 0.08
        },
        "http_req_sending": {
            "avg": 0.008643800000000174,
            "min": 0.003,
            "med": 0.006,
            "max": 0.304,
            "p(90)": 0.012,
            "p(95)": 0.017
        },
        "http_req_receiving": {
            "p(90)": 0.018,
            "p(95)": 0.026,
            "avg": 0.01456260000000017,
            "min": 0.004,
            "med": 0.009,
            "max": 12.082
        },
        "http_reqs": {
            "count": 5000,
            "rate": 12041.722158936282
        },
        "iteration_duration": {
            "p(95)": 0.25354725,
            "avg": 0.16374608560000012,
            "min": 0.094792,
            "med": 0.13625,
            "max": 15.101542,
            "p(90)": 0.1995586
        },
        "http_req_waiting": {
            "avg": 0.045779200000000034,
            "min": 0.02,
            "med": 0.037,
            "max": 12.12,
            "p(90)": 0.063,
            "p(95)": 0.077
        },
        "data_received": {
            "count": 755000,
            "rate": 1818300.0459993787
        },
        "checks": {
            "passes": 5000,
            "fails": 0,
            "value": 1
        },
        "http_req_failed": {
            "passes": 0,
            "fails": 5000,
            "thresholds": {
                "rate==0": false
            },
            "value": 0
        },
        "http_req_duration{expected_response:true}": {
            "p(90)": 0.088,
            "p(95)": 0.112,
            "avg": 0.06898559999999987,
            "min": 0.032,
            "med": 0.055,
            "max": 12.173
        },
        "http_req_duration": {
            "p(95)": 0.112,
            "avg": 0.06898559999999987,
            "min": 0.032,
            "med": 0.055,
            "max": 12.173,
            "p(90)": 0.088
        },
        "http_req_blocked": {
            "avg": 0.07180799999999997,
            "min": 0.038,
            "med": 0.057,
            "max": 14.956,
            "p(90)": 0.093,
            "p(95)": 0.10904999999999977
        }
    }
}