{
    "metrics": {
        "http_req_duration{expected_response:true}": {
            "avg": 0.23289796207765778,
            "min": 0.036,
            "med": 0.055,
            "max": 50.756,
            "p(90)": 0.102,
            "p(95)": 0.453
        },
        "status_503": {
            "rate": 41.29714223775714,
            "count": 413
        },
        "http_req_connecting": {
            "p(95)": 0.207,
            "avg": 0.4021660366792883,
            "min": 0.034,
            "med": 0.046,
            "max": 69.83,
            "p(90)": 0.077
        },
        "vus": {
            "max": 27,
            "value": 0,
            "min": 0
        },
        "http_req_failed": {
            "passes": 637,
            "fails": 49364,
            "value": 0.012739745205095899
        },
        "checks": {
            "passes": 49777,
            "fails": 224,
            "value": 0.995520089598208
        },
        "data_received": {
            "rate": 838143.0005043651,
            "count": 8382010
        },
        "iterations": {
            "count": 50001,
            "rate": 4999.754017022022
        },
        "http_req_waiting": {
            "avg": 0.19580932381356178,
            "min": 0,
            "med": 0.032,
            "max": 50.72,
            "p(90)": 0.067,
            "p(95)": 0.416
        },
        "data_sent": {
            "count": 9198412,
            "rate": 919777.5513934435
        },
        "http_reqs": {
            "count": 50001,
            "rate": 4999.754017022022
        },
        "vus_max": {
            "value": 1000,
            "min": 1000,
            "max": 1000
        },
        "http_req_receiving": {
            "max": 12.74,
            "p(90)": 0.024,
            "p(95)": 0.045,
            "avg": 0.02817317653647786,
            "min": 0,
            "med": 0.01
        },
        "success_duration": {
            "max": 50.756,
            "p(90)": 0.102,
            "p(95)": 0.453,
            "avg": 0.23289796207765778,
            "min": 0.036,
            "med": 0.055
        },
        "iteration_duration": {
            "p(95)": 1.410125,
            "avg": 0.7307616922661619,
            "min": 0.108,
            "med": 0.144875,
            "max": 85.26275,
            "p(90)": 0.32975
        },
        "http_req_blocked": {
            "avg": 0.432987580248465,
            "min": 0.045,
            "med": 0.058,
            "max": 69.843,
            "p(90)": 0.099,
            "p(95)": 0.29
        },
        "http_req_sending": {
            "min": 0,
            "med": 0.01,
            "max": 12.221,
            "p(90)": 0.017,
            "p(95)": 0.047,
            "avg": 0.025430971380574374
        },
        "http_req_duration": {
            "max": 50.756,
            "p(90)": 0.118,
            "p(95)": 0.578,
            "avg": 0.2494134717305973,
            "min": 0,
            "med": 0.055
        },
        "http_req_tls_handshaking": {
            "avg": 0,
            "min": 0,
            "med": 0,
            "max": 0,
            "p(90)": 0,
            "p(95)": 0
        }
    },
    "root_group": {
        "name": "",
        "path": "",
        "id": "d41d8cd98f00b204e9800998ecf8427e",
        "groups": {},
        "checks": {
                "status is 200 or 503": {
                    "name": "status is 200 or 503",
                    "path": "::status is 200 or 503",
                    "id": "9158419957bbc07d723ad901a3da8b58",
                    "passes": 49777,
                    "fails": 224
                }
            }
    }
}