{
    "metrics": {
        "http_req_blocked": {
            "p(95)": 0.107,
            "avg": 0.06561640000000028,
            "min": 0.038,
            "med": 0.057,
            "max": 0.387,
            "p(90)": 0.092
        },
        "data_sent": {
            "count": 1007780,
            "rate": 2599494.9481922085
        },
        "http_req_sending": {
            "avg": 0.00862920000000015,
            "min": 0.003,
            "med": 0.006,
            "max": 0.283,
            "p(90)": 0.011,
            "p(95)": 0.017
        },
        "http_req_connecting": {
            "med": 0.047,
            "max": 0.327,
            "p(90)": 0.07910000000000011,
            "p(95)": 0.092,
            "avg": 0.05452059999999998,
            "min": 0.031
        },
        "http_req_tls_handshaking": {
            "avg": 0,
            "min": 0,
            "med": 0,
            "max": 0,
            "p(90)": 0,
            "p(95)": 0
        },
        "http_req_receiving": {
            "avg": 0.012449200000000231,
            "min": 0.004,
            "med": 0.009,
            "max": 0.225,
            "p(90)": 0.02,
            "p(95)": 0.031
        },
        "http_reqs": {
            "count": 5000,
            "rate": 12897.135030424342
        },
        "http_req_waiting": {
            "med": 0.038,
            "max": 0.356,
            "p(90)": 0.063,
            "p(95)": 0.075,
            "avg": 0.04338839999999996,
            "min": 0.02
        },
        "data_received": {
            "count": 755000,
            "rate": 1947467.3895940755
        },
        "checks": {
            "passes": 5000,
            "fails": 0,
            "value": 1
        },
        "iterations": {
            "count": 5000,
            "rate": 12897.135030424342
        },
        "http_req_duration": {
            "min": 0.035,
            "med": 0.056,
            "max": 0.548,
            "p(90)": 0.088,
            "p(95)": 0.11004999999999977,
            "avg": 0.06446680000000017
        },
        "http_req_duration{expected_response:true}": {
            "med": 0.056,
            "max": 0.548,
            "p(90)": 0.088,
            "p(95)": 0.11004999999999977,
            "avg": 0.06446680000000017,
            "min": 0.035
        },
        "iteration_duration": {
            "avg": 0.15280137980000047,
            "min": 0.098709,
            "med": 0.136375,
            "max": 0.840625,
            "p(90)": 0.1938128,
            "p(95)": 0.24393749999999972
        },
        "http_req_failed": {
            "passes": 0,
            "fails": 5000,
            "thresholds": {
                "rate==0": false
            },
            "value": 0
        }
    },
    "root_group": {
        "name": "",
        "path": "",
        "id": "d41d8cd98f00b204e9800998ecf8427e",
        "groups": {},
        "checks": {
                "seed status is 200": {
                    "passes": 5000,
                    "fails": 0,
                    "name": "seed status is 200",
                    "path": "::seed status is 200",
                    "id": "2ac229dc72417ad76e9d2b75969e5805"
                }
            }
    }
}