{
    "metrics": {
        "success_duration": {
            "avg": 0.17638164778120932,
            "min": 0.035,
            "med": 0.055,
            "max": 54.859,
            "p(90)": 0.085,
            "p(95)": 0.2925999999999978
        },
        "data_sent": {
            "count": 9206626,
            "rate": 920590.9780219098
        },
        "data_received": {
            "count": 8386291,
            "rate": 838563.8597317128
        },
        "http_req_tls_handshaking": {
            "min": 0,
            "med": 0,
            "max": 0,
            "p(90)": 0,
            "p(95)": 0,
            "avg": 0
        },
        "http_req_sending": {
            "p(95)": 0.036,
            "avg": 0.02405629887402492,
            "min": 0,
            "med": 0.01,
            "max": 3.126,
            "p(90)": 0.015
        },
        "http_reqs": {
            "count": 50001,
            "rate": 4999.711022482451
        },
        "http_req_connecting": {
            "med": 0.046,
            "max": 74.682,
            "p(90)": 0.068,
            "p(95)": 0.142,
            "avg": 0.3039525409491892,
            "min": 0.033
        },
        "http_req_waiting": {
            "med": 0.032,
            "max": 50.016,
            "p(90)": 0.054,
            "p(95)": 0.232,
            "avg": 0.1468505029899696,
            "min": 0
        },
        "vus_max": {
            "value": 1000,
            "min": 1000,
            "max": 1000
        },
        "http_req_duration{expected_response:true}": {
            "avg": 0.17638164778120932,
            "min": 0.035,
            "med": 0.055,
            "max": 54.859,
            "p(90)": 0.085,
            "p(95)": 0.2925999999999978
        },
        "http_req_receiving": {
            "p(95)": 0.042,
            "avg": 0.023958500829988905,
            "min": 0.004,
            "med": 0.01,
            "max": 21.746,
            "p(90)": 0.023
        },
        "http_req_duration": {
            "avg": 0.19486530269395613,
            "min": 0.006,
            "med": 0.055,
            "max": 54.859,
            "p(90)": 0.088,
            "p(95)": 0.346
        },
        "http_req_blocked": {
            "avg": 0.32384054318916994,
            "min": 0.042,
            "med": 0.058,
            "max": 74.74,
            "p(90)": 0.086,
            "p(95)": 0.203
        },
        "vus": {
            "value": 1,
            "min": 1,
            "max": 21
        },
        "status_503": {
            "count": 294,
            "rate": 29.397712857939652
        },
        "iterations": {
            "count": 50001,
            "rate": 4999.711022482451
        },
        "checks": {
            "passes": 49803,
            "fails": 198,
            "value": 0.9960400791984161
        },
        "iteration_duration": {
            "avg": 0.5605546367472637,
            "min": 0.105083,
            "med": 0.144292,
            "max": 75.372625,
            "p(90)": 0.227375,
            "p(95)": 0.793625
        },
        "http_req_failed": {
            "passes": 492,
            "fails": 49509,
            "value": 0.009839803203935921
        }
    },
    "root_group": {
        "groups": {},
        "checks": {
                "status is 200 or 503": {
                    "name": "status is 200 or 503",
                    "path": "::status is 200 or 503",
                    "id": "9158419957bbc07d723ad901a3da8b58",
                    "passes": 49803,
                    "fails": 198
                }
            },
        "name": "",
        "path": "",
        "id": "d41d8cd98f00b204e9800998ecf8427e"
    }
}