{
    "root_group": {
        "groups": {},
        "checks": {
                "status is 200 or 503": {
                    "name": "status is 200 or 503",
                    "path": "::status is 200 or 503",
                    "id": "9158419957bbc07d723ad901a3da8b58",
                    "passes": 29952,
                    "fails": 49
                }
            },
        "name": "",
        "path": "",
        "id": "d41d8cd98f00b204e9800998ecf8427e"
    },
    "metrics": {
        "data_received": {
            "count": 5165461,
            "rate": 516508.8080640578
        },
        "vus_max": {
            "min": 1000,
            "max": 1000,
            "value": 1000
        },
        "http_reqs": {
            "count": 30001,
            "rate": 2999.8834084179125
        },
        "http_req_tls_handshaking": {
            "avg": 0,
            "min": 0,
            "med": 0,
            "max": 0,
            "p(90)": 0,
            "p(95)": 0
        },
        "iteration_duration": {
            "p(90)": 0.3075,
            "p(95)": 0.6,
            "avg": 0.38122603236558955,
            "min": 0.21,
            "med": 0.252333,
            "max": 26.105291
        },
        "http_req_waiting": {
            "p(90)": 0.152,
            "p(95)": 0.226,
            "avg": 0.17641028632379524,
            "min": 0,
            "med": 0.135,
            "max": 19.448
        },
        "data_sent": {
            "count": 5411854,
            "rate": 541146.3292350293
        },
        "http_req_blocked": {
            "avg": 0.1303453218226041,
            "min": 0.045,
            "med": 0.06,
            "max": 23.566,
            "p(90)": 0.084,
            "p(95)": 0.126
        },
        "iterations": {
            "count": 30001,
            "rate": 2999.8834084179125
        },
        "status_503": {
            "count": 81,
            "rate": 8.099415222220957
        },
        "checks": {
            "passes": 29952,
            "fails": 49,
            "value": 0.9983667211092964
        },
        "vus": {
            "max": 1,
            "value": 1,
            "min": 0
        },
        "http_req_duration{expected_response:true}": {
            "p(90)": 0.183,
            "p(95)": 0.28849999999999865,
            "avg": 0.21139610324395225,
            "min": 0.137,
            "med": 0.16,
            "max": 19.598
        },
        "http_req_receiving": {
            "avg": 0.01944025199159962,
            "min": 0,
            "med": 0.014,
            "max": 10.022,
            "p(90)": 0.02,
            "p(95)": 0.035
        },
        "http_req_failed": {
            "passes": 130,
            "fails": 29871,
            "value": 0.004333188893703543
        },
        "success_duration": {
            "p(95)": 0.28849999999999865,
            "avg": 0.21139610324395225,
            "min": 0.137,
            "med": 0.16,
            "max": 19.598,
            "p(90)": 0.183
        },
        "http_req_sending": {
            "p(90)": 0.015,
            "p(95)": 0.026,
            "avg": 0.01641471950934971,
            "min": 0,
            "med": 0.01,
            "max": 4.98
        },
        "http_req_duration": {
            "med": 0.16,
            "max": 19.598,
            "p(90)": 0.184,
            "p(95)": 0.31,
            "avg": 0.21226525782474248,
            "min": 0
        },
        "http_req_connecting": {
            "min": 0.034,
            "med": 0.048,
            "max": 23.557,
            "p(90)": 0.067,
            "p(95)": 0.097,
            "avg": 0.11475654144861162
        }
    }
}