{
    "root_group": {
        "name": "",
        "path": "",
        "id": "d41d8cd98f00b204e9800998ecf8427e",
        "groups": {},
        "checks": {
                "status is 200 or 503": {
                    "passes": 29937,
                    "fails": 64,
                    "name": "status is 200 or 503",
                    "path": "::status is 200 or 503",
                    "id": "9158419957bbc07d723ad901a3da8b58"
                }
            }
    },
    "metrics": {
        "http_req_receiving": {
            "avg": 0.01868534382187193,
            "min": 0.005,
            "med": 0.011,
            "max": 2.755,
            "p(90)": 0.034,
            "p(95)": 0.046
        },
        "data_sent": {
            "count": 5415541,
            "rate": 541515.6523886804
        },
        "http_req_duration": {
            "p(95)": 1.895,
            "avg": 0.515116462784578,
            "min": 0.006,
            "med": 0.284,
            "max": 22.127,
            "p(90)": 0.412
        },
        "http_req_waiting": {
            "avg": 0.4799313022899193,
            "min": 0,
            "med": 0.258,
            "max": 22.059,
            "p(90)": 0.365,
            "p(95)": 1.786
        },
        "http_req_blocked": {
            "p(95)": 0.176,
            "avg": 0.13851474950834908,
            "min": 0.04,
            "med": 0.088,
            "max": 23.257,
            "p(90)": 0.134
        },
        "http_req_tls_handshaking": {
            "avg": 0,
            "min": 0,
            "med": 0,
            "max": 0,
            "p(90)": 0,
            "p(95)": 0
        },
        "http_req_sending": {
            "avg": 0.0164998166727779,
            "min": 0,
            "med": 0.011,
            "max": 2.873,
            "p(90)": 0.018,
            "p(95)": 0.037
        },
        "vus": {
            "value": 1,
            "min": 1,
            "max": 2
        },
        "vus_max": {
            "value": 1000,
            "min": 1000,
            "max": 1000
        },
        "status_503": {
            "count": 61,
            "rate": 6.099566930747917
        },
        "checks": {
            "passes": 29937,
            "fails": 64,
            "value": 0.9978667377754075
        },
        "http_req_connecting": {
            "p(90)": 0.118,
            "p(95)": 0.144,
            "avg": 0.12112322922569152,
            "min": 0.03,
            "med": 0.073,
            "max": 23.243
        },
        "http_req_duration{expected_response:true}": {
            "avg": 0.515991130004021,
            "min": 0.238,
            "med": 0.284,
            "max": 22.127,
            "p(90)": 0.407,
            "p(95)": 1.906499999999992
        },
        "iteration_duration": {
            "p(90)": 0.64175,
            "p(95)": 2.373291,
            "avg": 0.7004995784807162,
            "min": 0.12425,
            "med": 0.413125,
            "max": 24.469208
        },
        "iterations": {
            "count": 30001,
            "rate": 2999.8870080224306
        },
        "http_reqs": {
            "count": 30001,
            "rate": 2999.8870080224306
        },
        "success_duration": {
            "min": 0.238,
            "med": 0.284,
            "max": 22.127,
            "p(90)": 0.407,
            "p(95)": 1.906499999999992,
            "avg": 0.515991130004021
        },
        "data_received": {
            "count": 5144412,
            "rate": 514404.677267914
        },
        "http_req_failed": {
            "fails": 29876,
            "passes": 125,
            "value": 0.004166527782407253
        }
    }
}