{
    "root_group": {
        "id": "d41d8cd98f00b204e9800998ecf8427e",
        "groups": {},
        "checks": {
                "seed status is 200": {
                    "fails": 0,
                    "name": "seed status is 200",
                    "path": "::seed status is 200",
                    "id": "2ac229dc72417ad76e9d2b75969e5805",
                    "passes": 5000
                }
            },
        "name": "",
        "path": ""
    },
    "metrics": {
        "http_req_failed": {
            "passes": 0,
            "fails": 5000,
            "thresholds": {
                "rate==0": false
            },
            "value": 0
        },
        "iteration_duration": {
            "max": 6.124,
            "p(90)": 2.2222131,
            "p(95)": 2.2843191000000003,
            "avg": 2.1515216283999985,
            "min": 0.552458,
            "med": 2.1245
        },
        "http_req_blocked": {
            "max": 1.638,
            "p(90)": 0.083,
            "p(95)": 0.11004999999999977,
            "avg": 0.06334420000000021,
            "min": 0.036,
            "med": 0.051
        },
        "vus_max": {
            "value": 10,
            "min": 10,
            "max": 10
        },
        "vus": {
            "max": 10,
            "value": 10,
            "min": 10
        },
        "http_req_duration": {
            "avg": 2.0581308000000105,
            "min": 0.329,
            "med": 2.05,
            "max": 5.999,
            "p(90)": 2.126,
            "p(95)": 2.175
        },
        "data_received": {
            "rate": 699154.9947910638,
            "count": 755000
        },
        "http_req_waiting": {
            "med": 2.027,
            "max": 5.917,
            "p(90)": 2.091,
            "p(95)": 2.134,
            "avg": 2.0290990000000013,
            "min": 0.297
        },
        "iterations": {
            "count": 5000,
            "rate": 4630.165528417641
        },
        "http_reqs": {
            "count": 5000,
            "rate": 4630.165528417641
        },
        "http_req_sending": {
            "p(90)": 0.012,
            "p(95)": 0.021,
            "avg": 0.011284600000000079,
            "min": 0.004,
            "med": 0.007,
            "max": 1.018
        },
        "http_req_tls_handshaking": {
            "max": 0,
            "p(90)": 0,
            "p(95)": 0,
            "avg": 0,
            "min": 0,
            "med": 0
        },
        "http_req_duration{expected_response:true}": {
            "avg": 2.0581308000000105,
            "min": 0.329,
            "med": 2.05,
            "max": 5.999,
            "p(90)": 2.126,
            "p(95)": 2.175
        },
        "data_sent": {
            "count": 1004400,
            "rate": 930107.6513485358
        },
        "http_req_connecting": {
            "min": 0.029,
            "med": 0.04,
            "max": 1.629,
            "p(90)": 0.067,
            "p(95)": 0.087,
            "avg": 0.049679399999999846
        },
        "http_req_receiving": {
            "med": 0.012,
            "max": 0.489,
            "p(90)": 0.032,
            "p(95)": 0.037,
            "avg": 0.017747200000000237,
            "min": 0.006
        },
        "checks": {
            "passes": 5000,
            "fails": 0,
            "value": 1
        }
    }
}