{
    "metrics": {
        "http_req_waiting": {
            "avg": 0.20550372992543015,
            "min": 0,
            "med": 0.034,
            "max": 71.535,
            "p(90)": 0.137,
            "p(95)": 0.809
        },
        "http_req_connecting": {
            "avg": 0.29956918861625587,
            "min": 0.033,
            "med": 0.052,
            "max": 64.299,
            "p(90)": 0.123,
            "p(95)": 0.409
        },
        "data_sent": {
            "count": 9104261,
            "rate": 910348.9934402556
        },
        "success_duration": {
            "avg": 0.2619939844667605,
            "min": 0.035,
            "med": 0.057,
            "max": 78.757,
            "p(90)": 0.193,
            "p(95)": 0.9
        },
        "data_received": {
            "count": 8357088,
            "rate": 835638.0214595824
        },
        "http_req_receiving": {
            "p(95)": 0.084,
            "avg": 0.03295772084558132,
            "min": 0,
            "med": 0.011,
            "max": 23.76,
            "p(90)": 0.038
        },
        "status_503": {
            "rate": 101.89136980097786,
            "count": 1019
        },
        "http_reqs": {
            "count": 50001,
            "rate": 4999.676527398129
        },
        "iterations": {
            "count": 50001,
            "rate": 4999.676527398129
        },
        "http_req_duration{expected_response:true}": {
            "avg": 0.2619939844667605,
            "min": 0.035,
            "med": 0.057,
            "max": 78.757,
            "p(90)": 0.193,
            "p(95)": 0.9
        },
        "http_req_duration": {
            "p(90)": 0.238,
            "p(95)": 1.107,
            "avg": 0.27628611427773975,
            "min": 0,
            "med": 0.057,
            "max": 78.757
        },
        "checks": {
            "passes": 49560,
            "fails": 441,
            "value": 0.991180176396472
        },
        "vus": {
            "value": 14,
            "min": 0,
            "max": 14
        },
        "http_req_sending": {
            "med": 0.011,
            "max": 16.685,
            "p(90)": 0.027,
            "p(95)": 0.07,
            "avg": 0.03782466350672098,
            "min": 0
        },
        "http_req_blocked": {
            "min": 0.044,
            "med": 0.066,
            "max": 64.317,
            "p(90)": 0.171,
            "p(95)": 0.524,
            "avg": 0.3345260294794164
        },
        "http_req_tls_handshaking": {
            "min": 0,
            "med": 0,
            "max": 0,
            "p(90)": 0,
            "p(95)": 0,
            "avg": 0
        },
        "iteration_duration": {
            "avg": 0.6839740610187771,
            "min": 0.109041,
            "med": 0.160333,
            "max": 78.905375,
            "p(90)": 0.693542,
            "p(95)": 2.443917
        },
        "http_req_failed": {
            "passes": 1460,
            "fails": 48541,
            "value": 0.029199416011679767
        },
        "vus_max": {
            "value": 1000,
            "min": 1000,
            "max": 1000
        }
    },
    "root_group": {
        "name": "",
        "path": "",
        "id": "d41d8cd98f00b204e9800998ecf8427e",
        "groups": {},
        "checks": {
                "status is 200 or 503": {
                    "fails": 441,
                    "name": "status is 200 or 503",
                    "path": "::status is 200 or 503",
                    "id": "9158419957bbc07d723ad901a3da8b58",
                    "passes": 49560
                }
            }
    }
}