{
    "metrics": {
        "http_req_tls_handshaking": {
            "avg": 0,
            "min": 0,
            "med": 0,
            "max": 0,
            "p(90)": 0,
            "p(95)": 0
        },
        "http_req_waiting": {
            "med": 0.045,
            "max": 24.59,
            "p(90)": 0.085,
            "p(95)": 0.116,
            "avg": 0.0630799999999998,
            "min": 0.026
        },
        "http_reqs": {
            "count": 5000,
            "rate": 8742.542611152687
        },
        "http_req_duration": {
            "avg": 0.09343500000000009,
            "min": 0.039,
            "med": 0.068,
            "max": 24.664,
            "p(90)": 0.139,
            "p(95)": 0.188
        },
        "http_req_blocked": {
            "avg": 0.09721080000000026,
            "min": 0.047,
            "med": 0.074,
            "max": 24.569,
            "p(90)": 0.11910000000000011,
            "p(95)": 0.16
        },
        "data_sent": {
            "count": 1007780,
            "rate": 1762111.918533491
        },
        "data_received": {
            "count": 755000,
            "rate": 1320123.9342840558
        },
        "http_req_receiving": {
            "avg": 0.018045800000000303,
            "min": 0.004,
            "med": 0.011,
            "max": 0.388,
            "p(90)": 0.035,
            "p(95)": 0.05
        },
        "http_req_sending": {
            "avg": 0.012309200000000168,
            "min": 0.004,
            "med": 0.008,
            "max": 0.556,
            "p(90)": 0.01810000000000011,
            "p(95)": 0.034
        },
        "checks": {
            "passes": 5000,
            "fails": 0,
            "value": 1
        },
        "http_req_connecting": {
            "min": 0.036,
            "med": 0.062,
            "max": 24.551,
            "p(90)": 0.096,
            "p(95)": 0.124,
            "avg": 0.07873679999999993
        },
        "iterations": {
            "count": 5000,
            "rate": 8742.542611152687
        },
        "iteration_duration": {
            "avg": 0.2252750242000005,
            "min": 0.113667,
            "med": 0.16941650000000003,
            "max": 25.017209,
            "p(90)": 0.3064837000000001,
            "p(95)": 0.42904725
        },
        "http_req_failed": {
            "passes": 0,
            "fails": 5000,
            "thresholds": {
                "rate==0": false
            },
            "value": 0
        },
        "http_req_duration{expected_response:true}": {
            "med": 0.068,
            "max": 24.664,
            "p(90)": 0.139,
            "p(95)": 0.188,
            "avg": 0.09343500000000009,
            "min": 0.039
        }
    },
    "root_group": {
        "name": "",
        "path": "",
        "id": "d41d8cd98f00b204e9800998ecf8427e",
        "groups": {},
        "checks": {
                "seed status is 200": {
                    "name": "seed status is 200",
                    "path": "::seed status is 200",
                    "id": "2ac229dc72417ad76e9d2b75969e5805",
                    "passes": 5000,
                    "fails": 0
                }
            }
    }
}