{
    "root_group": {
        "name": "",
        "path": "",
        "id": "d41d8cd98f00b204e9800998ecf8427e",
        "groups": {},
        "checks": {
                "status is 200 or 503": {
                    "passes": 30001,
                    "fails": 0,
                    "name": "status is 200 or 503",
                    "path": "::status is 200 or 503",
                    "id": "9158419957bbc07d723ad901a3da8b58"
                }
            }
    },
    "metrics": {
        "http_req_connecting": {
            "avg": 0.296915536148786,
            "min": 0.035,
            "med": 0.05,
            "max": 38.365,
            "p(90)": 0.101,
            "p(95)": 0.171
        },
        "http_req_sending": {
            "max": 3.927,
            "p(90)": 0.015,
            "p(95)": 0.035,
            "avg": 0.02033772207593068,
            "min": 0,
            "med": 0.01
        },
        "status_503": {
            "count": 6,
            "rate": 0.5999430654030933
        },
        "http_req_receiving": {
            "med": 0.011,
            "max": 34.533,
            "p(90)": 0.022,
            "p(95)": 0.04,
            "avg": 0.023033498883371053,
            "min": 0.005
        },
        "http_reqs": {
            "count": 30001,
            "rate": 2999.8153175263665
        },
        "http_req_duration": {
            "avg": 0.1658869371020893,
            "min": 0.011,
            "med": 0.059,
            "max": 42.219,
            "p(90)": 0.108,
            "p(95)": 0.407
        },
        "http_req_tls_handshaking": {
            "avg": 0,
            "min": 0,
            "med": 0,
            "max": 0,
            "p(90)": 0,
            "p(95)": 0
        },
        "http_req_failed": {
            "passes": 6,
            "fails": 29995,
            "value": 0.00019999333355554815
        },
        "http_req_blocked": {
            "avg": 0.3176205126495834,
            "min": 0.045,
            "med": 0.063,
            "max": 55.576,
            "p(90)": 0.115,
            "p(95)": 0.204
        },
        "success_duration": {
            "p(95)": 0.40629999999999866,
            "avg": 0.16581036839472515,
            "min": 0.037,
            "med": 0.059,
            "max": 42.219,
            "p(90)": 0.108
        },
        "data_received": {
            "count": 5169845,
            "rate": 516935.4428264758
        },
        "http_req_duration{expected_response:true}": {
            "max": 42.219,
            "p(90)": 0.108,
            "p(95)": 0.40629999999999866,
            "avg": 0.16581036839472518,
            "min": 0.037,
            "med": 0.059
        },
        "checks": {
            "fails": 0,
            "passes": 30001,
            "value": 1
        },
        "vus": {
            "value": 1,
            "min": 0,
            "max": 4
        },
        "vus_max": {
            "value": 1000,
            "min": 1000,
            "max": 1000
        },
        "iteration_duration": {
            "p(90)": 0.257084,
            "p(95)": 0.940666,
            "avg": 0.5232096732442266,
            "min": 0.1085,
            "med": 0.154667,
            "max": 59.516625
        },
        "iterations": {
            "count": 30001,
            "rate": 2999.8153175263665
        },
        "http_req_waiting": {
            "avg": 0.1225157161427951,
            "min": 0,
            "med": 0.034,
            "max": 41.343,
            "p(90)": 0.081,
            "p(95)": 0.254
        },
        "data_sent": {
            "count": 5422492,
            "rate": 542197.7454339582
        }
    }
}