{
    "metrics": {
        "vus": {
            "value": 10,
            "min": 1,
            "max": 10
        },
        "http_req_receiving": {
            "min": 0.005,
            "med": 0.011,
            "max": 5.834,
            "p(90)": 0.032,
            "p(95)": 0.053,
            "avg": 0.02463041231958978
        },
        "data_received": {
            "count": 5169379,
            "rate": 516856.9602000326
        },
        "http_req_duration{expected_response:true}": {
            "max": 22.559,
            "p(90)": 0.6139000000000007,
            "p(95)": 0.947,
            "avg": 0.7293828296978521,
            "min": 0.538,
            "med": 0.561
        },
        "http_req_sending": {
            "avg": 0.0225623812539586,
            "min": 0,
            "med": 0.01,
            "max": 7.799,
            "p(90)": 0.016,
            "p(95)": 0.035
        },
        "status_503": {
            "count": 3,
            "rate": 0.29995302735591606
        },
        "iterations": {
            "count": 30001,
            "rate": 2999.6302579016124
        },
        "http_req_failed": {
            "passes": 19,
            "fails": 29982,
            "value": 0.0006333122229259025
        },
        "success_duration": {
            "avg": 0.7293828296978521,
            "min": 0.538,
            "med": 0.561,
            "max": 22.559,
            "p(90)": 0.6139000000000007,
            "p(95)": 0.947
        },
        "http_req_waiting": {
            "min": 0,
            "med": 0.537,
            "max": 22.511,
            "p(90)": 0.568,
            "p(95)": 0.869,
            "avg": 0.6844677844071834
        },
        "http_req_tls_handshaking": {
            "avg": 0,
            "min": 0,
            "med": 0,
            "max": 0,
            "p(90)": 0,
            "p(95)": 0
        },
        "vus_max": {
            "value": 1000,
            "min": 1000,
            "max": 1000
        },
        "http_req_duration": {
            "avg": 0.7316605779807673,
            "min": 0.011,
            "med": 0.561,
            "max": 22.559,
            "p(90)": 0.614,
            "p(95)": 0.961
        },
        "data_sent": {
            "count": 5423242,
            "rate": 542239.2853279177
        },
        "checks": {
            "passes": 29985,
            "fails": 16,
            "value": 0.9994666844438519
        },
        "iteration_duration": {
            "max": 39.051333,
            "p(90)": 0.777583,
            "p(95)": 1.271958,
            "avg": 0.9155824875170785,
            "min": 0.606334,
            "med": 0.6535
        },
        "http_req_blocked": {
            "avg": 0.14392443585213657,
            "min": 0.043,
            "med": 0.06,
            "max": 27.119,
            "p(90)": 0.1,
            "p(95)": 0.166
        },
        "http_req_connecting": {
            "avg": 0.12507646411785525,
            "min": 0.032,
            "med": 0.047,
            "max": 27.106,
            "p(90)": 0.08,
            "p(95)": 0.128
        },
        "http_reqs": {
            "count": 30001,
            "rate": 2999.6302579016124
        }
    },
    "root_group": {
        "name": "",
        "path": "",
        "id": "d41d8cd98f00b204e9800998ecf8427e",
        "groups": {},
        "checks": {
                "status is 200 or 503": {
                    "fails": 16,
                    "name": "status is 200 or 503",
                    "path": "::status is 200 or 503",
                    "id": "9158419957bbc07d723ad901a3da8b58",
                    "passes": 29985
                }
            }
    }
}