{
    "root_group": {
        "name": "",
        "path": "",
        "id": "d41d8cd98f00b204e9800998ecf8427e",
        "groups": {},
        "checks": {
                "status is 200 or 503": {
                    "name": "status is 200 or 503",
                    "path": "::status is 200 or 503",
                    "id": "9158419957bbc07d723ad901a3da8b58",
                    "passes": 29951,
                    "fails": 50
                }
            }
    },
    "metrics": {
        "http_reqs": {
            "count": 30001,
            "rate": 2999.8483127265627
        },
        "http_req_waiting": {
            "min": 0,
            "med": 0.034,
            "max": 20.805,
            "p(90)": 0.074,
            "p(95)": 0.137,
            "avg": 0.0863834205526482
        },
        "http_req_blocked": {
            "med": 0.063,
            "max": 28.571,
            "p(90)": 0.113,
            "p(95)": 0.154,
            "avg": 0.14948045065164356,
            "min": 0.044
        },
        "http_req_duration{expected_response:true}": {
            "avg": 0.1207950160771664,
            "min": 0.033,
            "med": 0.058,
            "max": 20.846,
            "p(90)": 0.1,
            "p(95)": 0.177
        },
        "http_req_failed": {
            "passes": 145,
            "fails": 29856,
            "value": 0.004833172227592414
        },
        "iterations": {
            "count": 30001,
            "rate": 2999.8483127265627
        },
        "http_req_connecting": {
            "avg": 0.13388043731874777,
            "min": 0.033,
            "med": 0.05,
            "max": 28.56,
            "p(90)": 0.099,
            "p(95)": 0.128
        },
        "http_req_sending": {
            "p(95)": 0.026,
            "avg": 0.016489083697210003,
            "min": 0,
            "med": 0.01,
            "max": 4.193,
            "p(90)": 0.015
        },
        "status_503": {
            "rate": 9.499203016866886,
            "count": 95
        },
        "success_duration": {
            "p(95)": 0.177,
            "avg": 0.1207950160771664,
            "min": 0.033,
            "med": 0.058,
            "max": 20.846,
            "p(90)": 0.1
        },
        "http_req_receiving": {
            "avg": 0.02010176327455711,
            "min": 0,
            "med": 0.011,
            "max": 18.169,
            "p(90)": 0.022,
            "p(95)": 0.034
        },
        "iteration_duration": {
            "avg": 0.3143258345721827,
            "min": 0.106334,
            "med": 0.154792,
            "max": 29.792625,
            "p(90)": 0.254292,
            "p(95)": 0.489417
        },
        "http_req_duration": {
            "min": 0,
            "med": 0.058,
            "max": 20.846,
            "p(90)": 0.101,
            "p(95)": 0.193,
            "avg": 0.12297426752441182
        },
        "checks": {
            "passes": 29951,
            "fails": 50,
            "value": 0.9983333888870372
        },
        "data_sent": {
            "count": 5412231,
            "rate": 541177.6951913735
        },
        "vus": {
            "value": 1,
            "min": 0,
            "max": 5
        },
        "http_req_tls_handshaking": {
            "avg": 0,
            "min": 0,
            "med": 0,
            "max": 0,
            "p(90)": 0,
            "p(95)": 0
        },
        "vus_max": {
            "value": 1000,
            "min": 1000,
            "max": 1000
        },
        "data_received": {
            "count": 5164736,
            "rate": 516430.27150022116
        }
    }
}