{
    "root_group": {
        "name": "",
        "path": "",
        "id": "d41d8cd98f00b204e9800998ecf8427e",
        "groups": {},
        "checks": {
                "seed status is 200": {
                    "passes": 5000,
                    "fails": 0,
                    "name": "seed status is 200",
                    "path": "::seed status is 200",
                    "id": "2ac229dc72417ad76e9d2b75969e5805"
                }
            }
    },
    "metrics": {
        "http_reqs": {
            "count": 5000,
            "rate": 12523.13649467391
        },
        "http_req_duration": {
            "max": 0.91,
            "p(90)": 0.092,
            "p(95)": 0.11504999999999978,
            "avg": 0.06626540000000006,
            "min": 0.033,
            "med": 0.056
        },
        "checks": {
            "passes": 5000,
            "fails": 0,
            "value": 1
        },
        "http_req_blocked": {
            "max": 0.454,
            "p(90)": 0.096,
            "p(95)": 0.108,
            "avg": 0.06749360000000032,
            "min": 0.039,
            "med": 0.058
        },
        "http_req_tls_handshaking": {
            "p(95)": 0,
            "avg": 0,
            "min": 0,
            "med": 0,
            "max": 0,
            "p(90)": 0
        },
        "http_req_failed": {
            "passes": 0,
            "fails": 5000,
            "thresholds": {
                "rate==0": false
            },
            "value": 0
        },
        "data_received": {
            "count": 755000,
            "rate": 1890993.6106957605
        },
        "iteration_duration": {
            "min": 0.094916,
            "med": 0.1394165,
            "max": 1.162625,
            "p(90)": 0.2037122,
            "p(95)": 0.26342325,
            "avg": 0.15727833279999995
        },
        "http_req_duration{expected_response:true}": {
            "max": 0.91,
            "p(90)": 0.092,
            "p(95)": 0.11504999999999978,
            "avg": 0.06626540000000006,
            "min": 0.033,
            "med": 0.056
        },
        "iterations": {
            "count": 5000,
            "rate": 12523.13649467391
        },
        "data_sent": {
            "count": 1007780,
            "rate": 2524113.2993204948
        },
        "http_req_sending": {
            "avg": 0.009035800000000163,
            "min": 0.003,
            "med": 0.006,
            "max": 0.278,
            "p(90)": 0.012,
            "p(95)": 0.019
        },
        "http_req_waiting": {
            "avg": 0.04467779999999989,
            "min": 0.02,
            "med": 0.038,
            "max": 0.343,
            "p(90)": 0.066,
            "p(95)": 0.08
        },
        "http_req_connecting": {
            "min": 0.03,
            "med": 0.048,
            "max": 0.387,
            "p(90)": 0.082,
            "p(95)": 0.092,
            "avg": 0.05584879999999997
        },
        "http_req_receiving": {
            "min": 0.004,
            "med": 0.009,
            "max": 0.766,
            "p(90)": 0.02,
            "p(95)": 0.031,
            "avg": 0.0125518000000002
        }
    }
}