{
    "metrics": {
        "http_req_duration{expected_response:true}": {
            "max": 19.759,
            "p(90)": 0.6517000000000007,
            "p(95)": 1.014,
            "avg": 0.696068441827809,
            "min": 0.538,
            "med": 0.564
        },
        "iteration_duration": {
            "avg": 0.8721479040698714,
            "min": 0.172834,
            "med": 0.661,
            "max": 22.340083,
            "p(90)": 0.835,
            "p(95)": 1.394958
        },
        "status_503": {
            "count": 56,
            "rate": 5.5995122824801955
        },
        "http_req_tls_handshaking": {
            "max": 0,
            "p(90)": 0,
            "p(95)": 0,
            "avg": 0,
            "min": 0,
            "med": 0
        },
        "http_req_receiving": {
            "p(90)": 0.033,
            "p(95)": 0.051,
            "avg": 0.021454684843838067,
            "min": 0.005,
            "med": 0.011,
            "max": 2.578
        },
        "checks": {
            "passes": 29950,
            "fails": 51,
            "value": 0.9983000566647778
        },
        "vus": {
            "value": 2,
            "min": 2,
            "max": 2
        },
        "http_reqs": {
            "count": 30001,
            "rate": 2999.8387140480063
        },
        "http_req_connecting": {
            "avg": 0.1165652478250673,
            "min": 0.033,
            "med": 0.049,
            "max": 19.778,
            "p(90)": 0.108,
            "p(95)": 0.135
        },
        "http_req_blocked": {
            "p(90)": 0.125,
            "p(95)": 0.175,
            "avg": 0.13421892603579805,
            "min": 0.043,
            "med": 0.062,
            "max": 19.789
        },
        "success_duration": {
            "p(90)": 0.6517000000000007,
            "p(95)": 1.014,
            "avg": 0.696068441827809,
            "min": 0.538,
            "med": 0.564,
            "max": 19.759
        },
        "data_sent": {
            "count": 5419075,
            "rate": 541860.3039675244
        },
        "http_req_duration": {
            "p(95)": 1.025,
            "avg": 0.6958784373854381,
            "min": 0.006,
            "med": 0.564,
            "max": 19.759,
            "p(90)": 0.653
        },
        "data_received": {
            "count": 5145576,
            "rate": 514512.78593634494
        },
        "http_req_failed": {
            "passes": 107,
            "fails": 29894,
            "value": 0.0035665477817406087
        },
        "iterations": {
            "count": 30001,
            "rate": 2999.8387140480063
        },
        "vus_max": {
            "value": 1000,
            "min": 1000,
            "max": 1000
        },
        "http_req_waiting": {
            "min": 0,
            "med": 0.538,
            "max": 19.72,
            "p(90)": 0.606,
            "p(95)": 0.911,
            "avg": 0.6550144328522384
        },
        "http_req_sending": {
            "avg": 0.019409319689343233,
            "min": 0,
            "med": 0.01,
            "max": 7.565,
            "p(90)": 0.017,
            "p(95)": 0.037
        }
    },
    "root_group": {
        "name": "",
        "path": "",
        "id": "d41d8cd98f00b204e9800998ecf8427e",
        "groups": {},
        "checks": {
                "status is 200 or 503": {
                    "name": "status is 200 or 503",
                    "path": "::status is 200 or 503",
                    "id": "9158419957bbc07d723ad901a3da8b58",
                    "passes": 29950,
                    "fails": 51
                }
            }
    }
}