{
    "metrics": {
        "http_req_failed": {
            "passes": 932,
            "fails": 49069,
            "value": 0.01863962720745585
        },
        "http_req_blocked": {
            "p(90)": 0.136,
            "p(95)": 0.429,
            "avg": 0.6982988740224881,
            "min": 0.045,
            "med": 0.061,
            "max": 102.562
        },
        "data_sent": {
            "count": 9151177,
            "rate": 915054.7442335967
        },
        "http_req_duration{expected_response:true}": {
            "max": 92.321,
            "p(90)": 0.158,
            "p(95)": 0.8035999999999979,
            "avg": 0.36957337626604764,
            "min": 0.035,
            "med": 0.057
        },
        "http_req_connecting": {
            "avg": 0.6438651426970834,
            "min": 0.034,
            "med": 0.049,
            "max": 102.441,
            "p(90)": 0.1,
            "p(95)": 0.333
        },
        "http_req_waiting": {
            "avg": 0.3124296314074013,
            "min": 0,
            "med": 0.033,
            "max": 91.995,
            "p(90)": 0.107,
            "p(95)": 0.735
        },
        "success_duration": {
            "avg": 0.36957337626604764,
            "min": 0.035,
            "med": 0.057,
            "max": 92.321,
            "p(90)": 0.158,
            "p(95)": 0.8035999999999979
        },
        "data_received": {
            "count": 8371550,
            "rate": 837097.4076983504
        },
        "vus": {
            "max": 184,
            "value": 1,
            "min": 1
        },
        "vus_max": {
            "max": 1000,
            "value": 1000,
            "min": 1000
        },
        "http_req_receiving": {
            "max": 10.869,
            "p(90)": 0.033,
            "p(95)": 0.067,
            "avg": 0.03711427771444944,
            "min": 0,
            "med": 0.011
        },
        "iterations": {
            "count": 50001,
            "rate": 4999.756016786045
        },
        "http_req_sending": {
            "avg": 0.04130145397092261,
            "min": 0,
            "med": 0.01,
            "max": 10.465,
            "p(90)": 0.022,
            "p(95)": 0.056
        },
        "iteration_duration": {
            "avg": 1.1586543410931733,
            "min": 0.109583,
            "med": 0.152208,
            "max": 103.587625,
            "p(90)": 0.537834,
            "p(95)": 2.346584
        },
        "http_req_duration": {
            "min": 0,
            "med": 0.057,
            "max": 92.321,
            "p(90)": 0.185,
            "p(95)": 0.941,
            "avg": 0.39084536309271173
        },
        "checks": {
            "passes": 49687,
            "fails": 314,
            "value": 0.993720125597488
        },
        "status_503": {
            "count": 618,
            "rate": 61.795748452506466
        },
        "http_req_tls_handshaking": {
            "avg": 0,
            "min": 0,
            "med": 0,
            "max": 0,
            "p(90)": 0,
            "p(95)": 0
        },
        "http_reqs": {
            "count": 50001,
            "rate": 4999.756016786045
        }
    },
    "root_group": {
        "name": "",
        "path": "",
        "id": "d41d8cd98f00b204e9800998ecf8427e",
        "groups": {},
        "checks": {
                "status is 200 or 503": {
                    "passes": 49687,
                    "fails": 314,
                    "name": "status is 200 or 503",
                    "path": "::status is 200 or 503",
                    "id": "9158419957bbc07d723ad901a3da8b58"
                }
            }
    }
}