{
    "metrics": {
        "vus": {
            "value": 1,
            "min": 0,
            "max": 2
        },
        "http_req_tls_handshaking": {
            "max": 0,
            "p(90)": 0,
            "p(95)": 0,
            "avg": 0,
            "min": 0,
            "med": 0
        },
        "http_req_sending": {
            "max": 5.76,
            "p(90)": 0.018,
            "p(95)": 0.041,
            "avg": 0.020371372572545832,
            "min": 0,
            "med": 0.01
        },
        "http_req_connecting": {
            "max": 58.908,
            "p(90)": 0.079,
            "p(95)": 0.14,
            "avg": 0.19148125037499336,
            "min": 0.029,
            "med": 0.044
        },
        "http_req_failed": {
            "passes": 646,
            "fails": 49355,
            "value": 0.012919741605167897
        },
        "iteration_duration": {
            "p(95)": 0.894708,
            "avg": 0.40739534217315654,
            "min": 0.100375,
            "med": 0.14625,
            "max": 60.104834,
            "p(90)": 0.352
        },
        "checks": {
            "passes": 49827,
            "fails": 174,
            "value": 0.9965200695986081
        },
        "iterations": {
            "count": 50001,
            "rate": 4999.523055039449
        },
        "data_sent": {
            "count": 9170745,
            "rate": 916968.6818141186
        },
        "http_reqs": {
            "count": 50001,
            "rate": 4999.523055039449
        },
        "http_req_waiting": {
            "max": 25.118,
            "p(90)": 0.075,
            "p(95)": 0.282,
            "avg": 0.09970062598748233,
            "min": 0,
            "med": 0.033
        },
        "http_req_receiving": {
            "med": 0.011,
            "max": 8.26,
            "p(90)": 0.031,
            "p(95)": 0.052,
            "avg": 0.021590828183435596,
            "min": 0
        },
        "http_req_blocked": {
            "avg": 0.21252106957861377,
            "min": 0.04,
            "med": 0.056,
            "max": 58.921,
            "p(90)": 0.104,
            "p(95)": 0.199
        },
        "vus_max": {
            "value": 1000,
            "min": 1000,
            "max": 1000
        },
        "http_req_duration": {
            "p(95)": 0.398,
            "avg": 0.14166282674346092,
            "min": 0,
            "med": 0.056,
            "max": 25.192,
            "p(90)": 0.138
        },
        "http_req_duration{expected_response:true}": {
            "avg": 0.13673757471380396,
            "min": 0.034,
            "med": 0.056,
            "max": 25.192,
            "p(90)": 0.131,
            "p(95)": 0.3502999999999978
        },
        "success_duration": {
            "avg": 0.13673757471380396,
            "min": 0.034,
            "med": 0.056,
            "max": 25.192,
            "p(90)": 0.131,
            "p(95)": 0.3502999999999978
        },
        "data_received": {
            "count": 8360135,
            "rate": 835917.0351741409
        },
        "status_503": {
            "count": 472,
            "rate": 47.19455374849743
        }
    },
    "root_group": {
        "name": "",
        "path": "",
        "id": "d41d8cd98f00b204e9800998ecf8427e",
        "groups": {},
        "checks": {
                "status is 200 or 503": {
                    "path": "::status is 200 or 503",
                    "id": "9158419957bbc07d723ad901a3da8b58",
                    "passes": 49827,
                    "fails": 174,
                    "name": "status is 200 or 503"
                }
            }
    }
}