{
    "root_group": {
        "name": "",
        "path": "",
        "id": "d41d8cd98f00b204e9800998ecf8427e",
        "groups": {},
        "checks": {
                "seed status is 200": {
                    "id": "2ac229dc72417ad76e9d2b75969e5805",
                    "passes": 5000,
                    "fails": 0,
                    "name": "seed status is 200",
                    "path": "::seed status is 200"
                }
            }
    },
    "metrics": {
        "http_req_connecting": {
            "med": 0.09,
            "max": 1.093,
            "p(90)": 0.222,
            "p(95)": 0.34704999999999975,
            "avg": 0.1176976000000001,
            "min": 0.03
        },
        "http_req_tls_handshaking": {
            "p(95)": 0,
            "avg": 0,
            "min": 0,
            "med": 0,
            "max": 0,
            "p(90)": 0
        },
        "checks": {
            "passes": 5000,
            "fails": 0,
            "value": 1
        },
        "data_sent": {
            "count": 1004404,
            "rate": 4899197.128001015
        },
        "iteration_duration": {
            "med": 0.3373125,
            "max": 2.865083,
            "p(90)": 0.6995462000000001,
            "p(95)": 0.8037169999999998,
            "avg": 0.40437949340000046,
            "min": 0.132625
        },
        "http_reqs": {
            "rate": 24388.578340991346,
            "count": 5000
        },
        "http_req_sending": {
            "avg": 0.0213844000000002,
            "min": 0.003,
            "med": 0.01,
            "max": 0.618,
            "p(90)": 0.040100000000000115,
            "p(95)": 0.069
        },
        "http_req_waiting": {
            "p(95)": 0.36404999999999976,
            "avg": 0.17401640000000038,
            "min": 0.026,
            "med": 0.145,
            "max": 1.022,
            "p(90)": 0.31
        },
        "http_req_blocked": {
            "p(95)": 0.36304999999999976,
            "avg": 0.13550159999999947,
            "min": 0.037,
            "med": 0.105,
            "max": 1.508,
            "p(90)": 0.255
        },
        "http_req_failed": {
            "passes": 0,
            "fails": 5000,
            "thresholds": {
                "rate==0": false
            },
            "value": 0
        },
        "http_req_duration{expected_response:true}": {
            "avg": 0.22849020000000042,
            "min": 0.041,
            "med": 0.19,
            "max": 1.353,
            "p(90)": 0.385,
            "p(95)": 0.4800999999999995
        },
        "http_req_duration": {
            "max": 1.353,
            "p(90)": 0.385,
            "p(95)": 0.4800999999999995,
            "avg": 0.22849020000000042,
            "min": 0.041,
            "med": 0.19
        },
        "http_req_receiving": {
            "min": 0.004,
            "med": 0.018,
            "max": 0.625,
            "p(90)": 0.069,
            "p(95)": 0.109,
            "avg": 0.03308940000000023
        },
        "data_received": {
            "rate": 3682675.3294896935,
            "count": 755000
        },
        "iterations": {
            "count": 5000,
            "rate": 24388.578340991346
        }
    }
}