{
    "root_group": {
        "name": "",
        "path": "",
        "id": "d41d8cd98f00b204e9800998ecf8427e",
        "groups": {},
        "checks": {
                "status is 200 or 503": {
                    "id": "9158419957bbc07d723ad901a3da8b58",
                    "passes": 49180,
                    "fails": 1085,
                    "name": "status is 200 or 503",
                    "path": "::status is 200 or 503"
                }
            }
    },
    "metrics": {
        "checks": {
            "fails": 1085,
            "passes": 49180,
            "value": 0.9784144036605988
        },
        "http_req_connecting": {
            "p(95)": 14.636799999999987,
            "avg": 2.6588358698896353,
            "min": 0.031,
            "med": 0.059,
            "max": 185.359,
            "p(90)": 2.7828000000000035
        },
        "http_req_duration": {
            "avg": 1.3737187904108383,
            "min": 0,
            "med": 0.066,
            "max": 166.648,
            "p(90)": 1.7698000000000034,
            "p(95)": 5.289
        },
        "http_req_receiving": {
            "avg": 0.18758442256046817,
            "min": 0,
            "med": 0.014,
            "max": 85.204,
            "p(90)": 0.151,
            "p(95)": 0.574
        },
        "iterations": {
            "count": 50265,
            "rate": 4924.974120982996
        },
        "vus": {
            "value": 1,
            "min": 1,
            "max": 178
        },
        "http_req_tls_handshaking": {
            "p(90)": 0,
            "p(95)": 0,
            "avg": 0,
            "min": 0,
            "med": 0,
            "max": 0
        },
        "success_duration": {
            "min": 0.035,
            "med": 0.069,
            "max": 166.648,
            "p(90)": 1.5105000000000008,
            "p(95)": 4.886249999999998,
            "avg": 1.3610257120966445
        },
        "http_req_duration{expected_response:true}": {
            "med": 0.069,
            "max": 166.648,
            "p(90)": 1.5105000000000008,
            "p(95)": 4.886249999999998,
            "avg": 1.3610257120966445,
            "min": 0.035
        },
        "http_req_sending": {
            "med": 0.011,
            "max": 122.857,
            "p(90)": 0.091,
            "p(95)": 0.38479999999999775,
            "avg": 0.16177690241720136,
            "min": 0
        },
        "http_req_blocked": {
            "avg": 3.12827362976221,
            "min": 0.042,
            "med": 0.077,
            "max": 196.249,
            "p(90)": 3.384,
            "p(95)": 19.471799999999977
        },
        "vus_max": {
            "value": 1000,
            "min": 1000,
            "max": 1000
        },
        "http_req_failed": {
            "passes": 5889,
            "fails": 44376,
            "value": 0.11715905699791107
        },
        "data_sent": {
            "rate": 829271.5809936073,
            "count": 8463666
        },
        "data_received": {
            "count": 8268631,
            "rate": 810162.0151389188
        },
        "http_req_waiting": {
            "med": 0.038,
            "max": 164.429,
            "p(90)": 1.221,
            "p(95)": 3.6715999999999958,
            "avg": 1.0243574654331935,
            "min": 0
        },
        "status_503": {
            "count": 4804,
            "rate": 470.6968203959478
        },
        "http_reqs": {
            "count": 50265,
            "rate": 4924.974120982996
        },
        "iteration_duration": {
            "avg": 4.859115465214343,
            "min": 0.103833,
            "med": 0.201125,
            "max": 236.598125,
            "p(90)": 9.151066600000005,
            "p(95)": 31.142808399999982
        }
    }
}