{
    "root_group": {
        "groups": {},
        "checks": {
                "seed status is 200": {
                    "id": "2ac229dc72417ad76e9d2b75969e5805",
                    "passes": 5000,
                    "fails": 0,
                    "name": "seed status is 200",
                    "path": "::seed status is 200"
                }
            },
        "name": "",
        "path": "",
        "id": "d41d8cd98f00b204e9800998ecf8427e"
    },
    "metrics": {
        "checks": {
            "passes": 5000,
            "fails": 0,
            "value": 1
        },
        "http_req_blocked": {
            "avg": 0.13811420000000027,
            "min": 0.037,
            "med": 0.108,
            "max": 1.597,
            "p(90)": 0.2651000000000001,
            "p(95)": 0.353
        },
        "iteration_duration": {
            "min": 0.13725,
            "med": 0.351271,
            "max": 4.061208,
            "p(90)": 0.6945544,
            "p(95)": 0.8218127999999999,
            "avg": 0.42166806380000127
        },
        "iterations": {
            "count": 5000,
            "rate": 23448.638103098972
        },
        "data_sent": {
            "count": 1004404,
            "rate": 4710381.181061004
        },
        "http_req_duration{expected_response:true}": {
            "min": 0.05,
            "med": 0.2,
            "max": 2.955,
            "p(90)": 0.402,
            "p(95)": 0.492,
            "avg": 0.24389760000000046
        },
        "http_reqs": {
            "rate": 23448.638103098972,
            "count": 5000
        },
        "http_req_tls_handshaking": {
            "avg": 0,
            "min": 0,
            "med": 0,
            "max": 0,
            "p(90)": 0,
            "p(95)": 0
        },
        "http_req_duration": {
            "p(90)": 0.402,
            "p(95)": 0.492,
            "avg": 0.24389760000000046,
            "min": 0.05,
            "med": 0.2,
            "max": 2.955
        },
        "http_req_sending": {
            "avg": 0.020905400000000206,
            "min": 0.003,
            "med": 0.01,
            "max": 0.456,
            "p(90)": 0.042,
            "p(95)": 0.067
        },
        "http_req_receiving": {
            "p(95)": 0.116,
            "avg": 0.03436180000000002,
            "min": 0.004,
            "med": 0.018,
            "max": 1.336,
            "p(90)": 0.074
        },
        "http_req_waiting": {
            "med": 0.156,
            "max": 2.808,
            "p(90)": 0.3231000000000001,
            "p(95)": 0.3850499999999998,
            "avg": 0.18863039999999934,
            "min": 0.028
        },
        "data_received": {
            "count": 755000,
            "rate": 3540744.353567945
        },
        "http_req_failed": {
            "passes": 0,
            "fails": 5000,
            "thresholds": {
                "rate==0": false
            },
            "value": 0
        },
        "http_req_connecting": {
            "avg": 0.12138860000000022,
            "min": 0.031,
            "med": 0.094,
            "max": 1.545,
            "p(90)": 0.234,
            "p(95)": 0.3190499999999998
        }
    }
}