{
    "metrics": {
        "status_503": {
            "count": 54,
            "rate": 5.399356396717511
        },
        "http_req_connecting": {
            "p(90)": 0.127,
            "p(95)": 0.16,
            "avg": 0.26137018766040154,
            "min": 0.034,
            "med": 0.095,
            "max": 74.297
        },
        "success_duration": {
            "avg": 0.4828181878970199,
            "min": 0.288,
            "med": 0.351,
            "max": 49.451,
            "p(90)": 0.412,
            "p(95)": 0.737
        },
        "checks": {
            "passes": 29964,
            "fails": 37,
            "value": 0.9987667077764074
        },
        "data_sent": {
            "count": 5415261,
            "rate": 541461.5577823124
        },
        "http_req_receiving": {
            "avg": 0.023034898836703493,
            "min": 0.004,
            "med": 0.009,
            "max": 2.688,
            "p(90)": 0.023,
            "p(95)": 0.047
        },
        "iteration_duration": {
            "p(95)": 1.154833,
            "avg": 0.8031940647645011,
            "min": 0.196291,
            "med": 0.49525,
            "max": 75.117041,
            "p(90)": 0.58675
        },
        "http_req_waiting": {
            "avg": 0.4398962034598858,
            "min": 0,
            "med": 0.329,
            "max": 48.112,
            "p(90)": 0.385,
            "p(95)": 0.653
        },
        "vus": {
            "max": 2,
            "value": 2,
            "min": 1
        },
        "http_req_sending": {
            "p(90)": 0.017,
            "p(95)": 0.035,
            "avg": 0.020764707843070943,
            "min": 0,
            "med": 0.01,
            "max": 5.255
        },
        "vus_max": {
            "value": 1000,
            "min": 1000,
            "max": 1000
        },
        "http_req_failed": {
            "fails": 29910,
            "passes": 91,
            "value": 0.0030332322255924803
        },
        "http_reqs": {
            "count": 30001,
            "rate": 2999.74243070226
        },
        "http_req_duration": {
            "max": 49.451,
            "p(90)": 0.413,
            "p(95)": 0.76,
            "avg": 0.48369581013965723,
            "min": 0.007,
            "med": 0.351
        },
        "iterations": {
            "count": 30001,
            "rate": 2999.74243070226
        },
        "data_received": {
            "count": 5166619,
            "rate": 516600.321241708
        },
        "http_req_duration{expected_response:true}": {
            "med": 0.351,
            "max": 49.451,
            "p(90)": 0.412,
            "p(95)": 0.737,
            "avg": 0.4828181878970199,
            "min": 0.288
        },
        "http_req_blocked": {
            "avg": 0.27773220892636513,
            "min": 0.042,
            "med": 0.107,
            "max": 74.322,
            "p(90)": 0.142,
            "p(95)": 0.196
        },
        "http_req_tls_handshaking": {
            "p(90)": 0,
            "p(95)": 0,
            "avg": 0,
            "min": 0,
            "med": 0,
            "max": 0
        }
    },
    "root_group": {
        "name": "",
        "path": "",
        "id": "d41d8cd98f00b204e9800998ecf8427e",
        "groups": {},
        "checks": {
                "status is 200 or 503": {
                    "fails": 37,
                    "name": "status is 200 or 503",
                    "path": "::status is 200 or 503",
                    "id": "9158419957bbc07d723ad901a3da8b58",
                    "passes": 29964
                }
            }
    }
}