{
    "metrics": {
        "http_req_receiving": {
            "min": 0,
            "med": 0.015,
            "max": 130.609,
            "p(90)": 0.093,
            "p(95)": 0.289,
            "avg": 0.10498008399720585
        },
        "http_req_tls_handshaking": {
            "min": 0,
            "med": 0,
            "max": 0,
            "p(90)": 0,
            "p(95)": 0,
            "avg": 0
        },
        "http_req_waiting": {
            "avg": 0.9348703543215229,
            "min": 0,
            "med": 0.049,
            "max": 152.651,
            "p(90)": 1.0079000000000014,
            "p(95)": 2.9368999999999943
        },
        "vus_max": {
            "min": 1000,
            "max": 1000,
            "value": 1000
        },
        "http_req_sending": {
            "p(95)": 0.278,
            "avg": 0.14501538282057846,
            "min": 0,
            "med": 0.014,
            "max": 143.178,
            "p(90)": 0.084
        },
        "success_duration": {
            "avg": 1.0962272487702285,
            "min": 0.038,
            "med": 0.086,
            "max": 283.378,
            "p(90)": 1.2111000000000014,
            "p(95)": 3.5880499999999977
        },
        "iteration_duration": {
            "avg": 2.800995125645792,
            "min": 0.11175,
            "med": 0.22675,
            "max": 284.04225,
            "p(90)": 4.012028900000001,
            "p(95)": 11.360173199999974
        },
        "vus": {
            "value": 4,
            "min": 0,
            "max": 97
        },
        "http_req_duration{expected_response:true}": {
            "p(90)": 1.2111000000000014,
            "p(95)": 3.5880499999999977,
            "avg": 1.0962272487702285,
            "min": 0.038,
            "med": 0.086,
            "max": 283.378
        },
        "http_reqs": {
            "count": 60002,
            "rate": 2999.4485197815034
        },
        "http_req_failed": {
            "fails": 56920,
            "passes": 3082,
            "value": 0.05136495450151662
        },
        "http_req_duration": {
            "avg": 1.1848658211393168,
            "min": 0,
            "med": 0.085,
            "max": 283.378,
            "p(90)": 1.4569000000000014,
            "p(95)": 3.9559499999999974
        },
        "data_received": {
            "count": 9961624,
            "rate": 497973.04025565647
        },
        "status_503": {
            "count": 2277,
            "rate": 113.82527714980307
        },
        "checks": {
            "passes": 59197,
            "fails": 805,
            "value": 0.9865837805406487
        },
        "http_req_connecting": {
            "avg": 1.2528635212159462,
            "min": 0.037,
            "med": 0.066,
            "max": 137.12,
            "p(90)": 0.727,
            "p(95)": 3.076849999999992
        },
        "iterations": {
            "count": 60002,
            "rate": 2999.4485197815034
        },
        "http_req_blocked": {
            "avg": 1.4021487783740652,
            "min": 0.048,
            "med": 0.085,
            "max": 189.068,
            "p(90)": 0.888,
            "p(95)": 3.558849999999992
        },
        "data_sent": {
            "count": 10718957,
            "rate": 535831.4674052796
        }
    },
    "root_group": {
        "id": "d41d8cd98f00b204e9800998ecf8427e",
        "groups": {},
        "checks": {
                "status is 200 or 503": {
                    "id": "9158419957bbc07d723ad901a3da8b58",
                    "passes": 59197,
                    "fails": 805,
                    "name": "status is 200 or 503",
                    "path": "::status is 200 or 503"
                }
            },
        "name": "",
        "path": ""
    }
}