{
    "metrics": {
        "http_req_sending": {
            "max": 4.691,
            "p(90)": 0.124,
            "p(95)": 0.23209999999999956,
            "avg": 0.06127319999999956,
            "min": 0.003,
            "med": 0.019
        },
        "http_req_waiting": {
            "p(90)": 0.655,
            "p(95)": 0.8800999999999995,
            "avg": 0.3439771999999999,
            "min": 0.029,
            "med": 0.259,
            "max": 8.066
        },
        "iteration_duration": {
            "p(95)": 1.782330949999999,
            "avg": 0.7655081178000009,
            "min": 0.143959,
            "med": 0.5984375,
            "max": 15.972792,
            "p(90)": 1.3260128000000004
        },
        "http_req_failed": {
            "passes": 0,
            "fails": 5000,
            "thresholds": {
                "rate==0": false
            },
            "value": 0
        },
        "http_req_tls_handshaking": {
            "avg": 0,
            "min": 0,
            "med": 0,
            "max": 0,
            "p(90)": 0,
            "p(95)": 0
        },
        "http_req_duration{expected_response:true}": {
            "med": 0.357,
            "max": 11.644,
            "p(90)": 0.876,
            "p(95)": 1.2161499999999994,
            "avg": 0.47622000000000153,
            "min": 0.052
        },
        "http_req_duration": {
            "max": 11.644,
            "p(90)": 0.876,
            "p(95)": 1.2161499999999994,
            "avg": 0.47622000000000153,
            "min": 0.052,
            "med": 0.357
        },
        "http_req_blocked": {
            "avg": 0.21541040000000009,
            "min": 0.044,
            "med": 0.152,
            "max": 15.314,
            "p(90)": 0.381,
            "p(95)": 0.5390999999999996
        },
        "data_received": {
            "count": 755000,
            "rate": 1949584.5190078036
        },
        "data_sent": {
            "count": 1004198,
            "rate": 2593071.357375627
        },
        "http_req_connecting": {
            "avg": 0.17958819999999937,
            "min": 0.037,
            "med": 0.129,
            "max": 15.281,
            "p(90)": 0.322,
            "p(95)": 0.43204999999999977
        },
        "iterations": {
            "count": 5000,
            "rate": 12911.155755018566
        },
        "http_reqs": {
            "rate": 12911.155755018566,
            "count": 5000
        },
        "http_req_receiving": {
            "avg": 0.0709695999999995,
            "min": 0.004,
            "med": 0.029,
            "max": 9.866,
            "p(90)": 0.165,
            "p(95)": 0.2710499999999998
        },
        "checks": {
            "fails": 0,
            "passes": 5000,
            "value": 1
        }
    },
    "root_group": {
        "name": "",
        "path": "",
        "id": "d41d8cd98f00b204e9800998ecf8427e",
        "groups": {},
        "checks": {
                "seed status is 200": {
                    "name": "seed status is 200",
                    "path": "::seed status is 200",
                    "id": "2ac229dc72417ad76e9d2b75969e5805",
                    "passes": 5000,
                    "fails": 0
                }
            }
    }
}