{
    "root_group": {
        "groups": {},
        "checks": {
                "status is 200 or 503": {
                    "path": "::status is 200 or 503",
                    "id": "9158419957bbc07d723ad901a3da8b58",
                    "passes": 49238,
                    "fails": 762,
                    "name": "status is 200 or 503"
                }
            },
        "name": "",
        "path": "",
        "id": "d41d8cd98f00b204e9800998ecf8427e"
    },
    "metrics": {
        "http_req_tls_handshaking": {
            "p(95)": 0,
            "avg": 0,
            "min": 0,
            "med": 0,
            "max": 0,
            "p(90)": 0
        },
        "success_duration": {
            "avg": 1.2268931740332656,
            "min": 0.543,
            "med": 0.595,
            "max": 69.975,
            "p(90)": 2.150900000000001,
            "p(95)": 4.5005999999999835
        },
        "checks": {
            "passes": 49238,
            "fails": 762,
            "value": 0.98476
        },
        "vus_max": {
            "min": 1000,
            "max": 1000,
            "value": 1000
        },
        "http_req_failed": {
            "passes": 1538,
            "fails": 48462,
            "value": 0.03076
        },
        "http_req_connecting": {
            "med": 0.068,
            "max": 70.939,
            "p(90)": 0.264,
            "p(95)": 0.701,
            "avg": 0.5056363799999907,
            "min": 0.033
        },
        "http_req_duration{expected_response:true}": {
            "med": 0.595,
            "max": 69.975,
            "p(90)": 2.150900000000001,
            "p(95)": 4.5005999999999835,
            "avg": 1.2268931740332656,
            "min": 0.543
        },
        "data_received": {
            "count": 8342828,
            "rate": 834202.7165392123
        },
        "http_reqs": {
            "count": 50000,
            "rate": 4999.520046075577
        },
        "http_req_receiving": {
            "med": 0.013,
            "max": 26.333,
            "p(90)": 0.08,
            "p(95)": 0.185,
            "avg": 0.05637634000000478,
            "min": 0
        },
        "http_req_sending": {
            "med": 0.012,
            "max": 19.898,
            "p(90)": 0.075,
            "p(95)": 0.159,
            "avg": 0.05317236000000546,
            "min": 0
        },
        "iteration_duration": {
            "med": 0.727,
            "max": 74.373292,
            "p(90)": 3.2180964000000003,
            "p(95)": 6.720112799999997,
            "avg": 1.8901266466799902,
            "min": 0.109459
        },
        "http_req_blocked": {
            "max": 70.96,
            "p(90)": 0.332,
            "p(95)": 0.838,
            "avg": 0.5527706999999971,
            "min": 0.043,
            "med": 0.085
        },
        "data_sent": {
            "count": 9130470,
            "rate": 912959.3559018335
        },
        "iterations": {
            "count": 50000,
            "rate": 4999.520046075577
        },
        "http_req_duration": {
            "med": 0.595,
            "max": 69.975,
            "p(90)": 2.295,
            "p(95)": 4.779049999999998,
            "avg": 1.25806518,
            "min": 0
        },
        "http_req_waiting": {
            "med": 0.558,
            "max": 69.299,
            "p(90)": 2.034,
            "p(95)": 4.123049999999998,
            "avg": 1.1485164799999654,
            "min": 0
        },
        "status_503": {
            "count": 776,
            "rate": 77.59255111509296
        },
        "vus": {
            "value": 4,
            "min": 3,
            "max": 16
        }
    }
}