{
    "root_group": {
        "name": "",
        "path": "",
        "id": "d41d8cd98f00b204e9800998ecf8427e",
        "groups": {},
        "checks": {
                "status is 200 or 503": {
                    "name": "status is 200 or 503",
                    "path": "::status is 200 or 503",
                    "id": "9158419957bbc07d723ad901a3da8b58",
                    "passes": 49137,
                    "fails": 902
                }
            }
    },
    "metrics": {
        "http_req_sending": {
            "p(95)": 0.262,
            "avg": 0.11702212274431453,
            "min": 0,
            "med": 0.01,
            "max": 65.358,
            "p(90)": 0.051
        },
        "http_req_blocked": {
            "p(95)": 8.706599999999986,
            "avg": 2.0085722736264144,
            "min": 0.044,
            "med": 0.065,
            "max": 183.602,
            "p(90)": 1.3514000000000022
        },
        "checks": {
            "passes": 49137,
            "fails": 902,
            "value": 0.9819740602330183
        },
        "iteration_duration": {
            "p(95)": 21.177703499999996,
            "avg": 3.3378989342712737,
            "min": 0.10575,
            "med": 0.161542,
            "max": 330.292584,
            "p(90)": 5.188049800000002
        },
        "http_req_duration{expected_response:true}": {
            "p(90)": 0.814,
            "p(95)": 3.358049999999998,
            "avg": 0.9681190841366867,
            "min": 0.034,
            "med": 0.059,
            "max": 328.338
        },
        "http_reqs": {
            "count": 50039,
            "rate": 4965.204670441845
        },
        "iterations": {
            "rate": 4965.204670441845,
            "count": 50039
        },
        "http_req_waiting": {
            "min": 0,
            "med": 0.034,
            "max": 115.953,
            "p(90)": 0.709,
            "p(95)": 2.5241999999999956,
            "avg": 0.787367653230501
        },
        "http_req_failed": {
            "passes": 4399,
            "fails": 45640,
            "value": 0.08791142908531345
        },
        "success_duration": {
            "min": 0.034,
            "med": 0.059,
            "max": 328.338,
            "p(90)": 0.814,
            "p(95)": 3.358049999999998,
            "avg": 0.9681190841366865
        },
        "data_sent": {
            "count": 8653298,
            "rate": 858638.1751099159
        },
        "vus_max": {
            "value": 1000,
            "min": 1000,
            "max": 1000
        },
        "http_req_receiving": {
            "max": 320.419,
            "p(90)": 0.074,
            "p(95)": 0.28,
            "avg": 0.1325833649753444,
            "min": 0,
            "med": 0.012
        },
        "status_503": {
            "count": 3497,
            "rate": 346.99575795949426
        },
        "vus": {
            "value": 0,
            "min": 0,
            "max": 120
        },
        "http_req_duration": {
            "max": 328.338,
            "p(90)": 1.078,
            "p(95)": 3.85,
            "avg": 1.0369731409500238,
            "min": 0,
            "med": 0.058
        },
        "http_req_connecting": {
            "min": 0.033,
            "med": 0.052,
            "max": 99.25,
            "p(90)": 1.085200000000001,
            "p(95)": 6.641799999999938,
            "avg": 1.6367850876317644
        },
        "http_req_tls_handshaking": {
            "p(95)": 0,
            "avg": 0,
            "min": 0,
            "med": 0,
            "max": 0,
            "p(90)": 0
        },
        "data_received": {
            "count": 8265979,
            "rate": 820205.7902151166
        }
    }
}