{
    "root_group": {
        "name": "",
        "path": "",
        "id": "d41d8cd98f00b204e9800998ecf8427e",
        "groups": {},
        "checks": {
                "seed status is 200": {
                    "fails": 0,
                    "name": "seed status is 200",
                    "path": "::seed status is 200",
                    "id": "2ac229dc72417ad76e9d2b75969e5805",
                    "passes": 5000
                }
            }
    },
    "metrics": {
        "http_reqs": {
            "count": 5000,
            "rate": 18482.443526893803
        },
        "data_received": {
            "count": 755000,
            "rate": 2790848.972560964
        },
        "http_req_receiving": {
            "p(95)": 0.165,
            "avg": 0.046544799999999956,
            "min": 0.003,
            "med": 0.022,
            "max": 4.062,
            "p(90)": 0.101
        },
        "data_sent": {
            "count": 1004387,
            "rate": 3712705.201329257
        },
        "http_req_failed": {
            "passes": 0,
            "fails": 5000,
            "thresholds": {
                "rate==0": false
            },
            "value": 0
        },
        "checks": {
            "passes": 5000,
            "fails": 0,
            "value": 1
        },
        "iterations": {
            "count": 5000,
            "rate": 18482.443526893803
        },
        "http_req_tls_handshaking": {
            "med": 0,
            "max": 0,
            "p(90)": 0,
            "p(95)": 0,
            "avg": 0,
            "min": 0
        },
        "http_req_duration": {
            "med": 0.236,
            "max": 4.787,
            "p(90)": 0.517,
            "p(95)": 0.6640999999999996,
            "avg": 0.29854419999999926,
            "min": 0.043
        },
        "http_req_waiting": {
            "avg": 0.21743459999999967,
            "min": 0.023,
            "med": 0.171,
            "max": 4.654,
            "p(90)": 0.398,
            "p(95)": 0.486
        },
        "http_req_blocked": {
            "p(90)": 0.332,
            "p(95)": 0.421,
            "avg": 0.17825260000000043,
            "min": 0.041,
            "med": 0.132,
            "max": 7.54
        },
        "iteration_duration": {
            "min": 0.115833,
            "med": 0.4353955,
            "max": 9.668625,
            "p(90)": 0.8644672999999999,
            "p(95)": 1.0594026999999997,
            "avg": 0.5347635084000006
        },
        "http_req_duration{expected_response:true}": {
            "avg": 0.29854419999999926,
            "min": 0.043,
            "med": 0.236,
            "max": 4.787,
            "p(90)": 0.517,
            "p(95)": 0.6640999999999996
        },
        "http_req_connecting": {
            "avg": 0.15478080000000013,
            "min": 0.035,
            "med": 0.1135,
            "max": 7.528,
            "p(90)": 0.291,
            "p(95)": 0.391
        },
        "http_req_sending": {
            "med": 0.015,
            "max": 1.586,
            "p(90)": 0.074,
            "p(95)": 0.118,
            "avg": 0.03456479999999997,
            "min": 0.003
        }
    }
}