{
    "root_group": {
        "name": "",
        "path": "",
        "id": "d41d8cd98f00b204e9800998ecf8427e",
        "groups": {},
        "checks": {
                "status is 200 or 503": {
                    "fails": 125,
                    "name": "status is 200 or 503",
                    "path": "::status is 200 or 503",
                    "id": "9158419957bbc07d723ad901a3da8b58",
                    "passes": 49875
                }
            }
    },
    "metrics": {
        "success_duration": {
            "avg": 0.3519358245656633,
            "min": 0.136,
            "med": 0.156,
            "max": 38.898,
            "p(90)": 0.25,
            "p(95)": 0.8843499999999979
        },
        "http_req_connecting": {
            "avg": 0.36226258000000633,
            "min": 0.031,
            "med": 0.049,
            "max": 53.569,
            "p(90)": 0.088,
            "p(95)": 0.196
        },
        "http_req_failed": {
            "passes": 386,
            "fails": 49614,
            "value": 0.00772
        },
        "vus_max": {
            "value": 1000,
            "min": 1000,
            "max": 1000
        },
        "http_req_tls_handshaking": {
            "p(90)": 0,
            "p(95)": 0,
            "avg": 0,
            "min": 0,
            "med": 0,
            "max": 0
        },
        "iteration_duration": {
            "avg": 0.7895946840600038,
            "min": 0.19675,
            "med": 0.2528335,
            "max": 56.4365,
            "p(90)": 0.5064631,
            "p(95)": 1.7440854499999963
        },
        "iterations": {
            "count": 50000,
            "rate": 4999.57503612193
        },
        "http_req_duration{expected_response:true}": {
            "med": 0.156,
            "max": 38.898,
            "p(90)": 0.25,
            "p(95)": 0.8843499999999979,
            "avg": 0.3519358245656633,
            "min": 0.136
        },
        "vus": {
            "value": 1,
            "min": 1,
            "max": 2
        },
        "http_req_duration": {
            "avg": 0.35474424000001675,
            "min": 0,
            "med": 0.156,
            "max": 38.898,
            "p(90)": 0.259,
            "p(95)": 0.9710499999999977
        },
        "http_req_blocked": {
            "min": 0.041,
            "med": 0.061,
            "max": 53.728,
            "p(90)": 0.115,
            "p(95)": 0.265,
            "avg": 0.3858296000000235
        },
        "http_req_waiting": {
            "avg": 0.29825144000000836,
            "min": 0,
            "med": 0.135,
            "max": 38.857,
            "p(90)": 0.195,
            "p(95)": 0.786
        },
        "status_503": {
            "count": 261,
            "rate": 26.097781688556474
        },
        "checks": {
            "passes": 49875,
            "fails": 125,
            "value": 0.9975
        },
        "http_reqs": {
            "count": 50000,
            "rate": 4999.57503612193
        },
        "http_req_sending": {
            "p(90)": 0.02,
            "p(95)": 0.051,
            "avg": 0.0332079999999957,
            "min": 0,
            "med": 0.01,
            "max": 6.847
        },
        "data_received": {
            "count": 8395226,
            "rate": 839451.2466440353
        },
        "http_req_receiving": {
            "p(90)": 0.028,
            "p(95)": 0.055,
            "avg": 0.02328480000000027,
            "min": 0,
            "med": 0.01,
            "max": 7.962
        },
        "data_sent": {
            "rate": 920412.864906483,
            "count": 9204911
        }
    }
}