{
    "root_group": {
        "name": "",
        "path": "",
        "id": "d41d8cd98f00b204e9800998ecf8427e",
        "groups": {},
        "checks": {
                "seed status is 200": {
                    "passes": 5000,
                    "fails": 0,
                    "name": "seed status is 200",
                    "path": "::seed status is 200",
                    "id": "2ac229dc72417ad76e9d2b75969e5805"
                }
            }
    },
    "metrics": {
        "http_req_waiting": {
            "p(90)": 0.161,
            "p(95)": 0.175,
            "avg": 0.14654119999999787,
            "min": 0.122,
            "med": 0.138,
            "max": 14.364
        },
        "http_req_failed": {
            "passes": 0,
            "fails": 5000,
            "thresholds": {
                "rate==0": false
            },
            "value": 0
        },
        "http_req_duration{expected_response:true}": {
            "min": 0.138,
            "med": 0.157,
            "max": 14.41,
            "p(90)": 0.189,
            "p(95)": 0.218,
            "avg": 0.16916859999999953
        },
        "data_received": {
            "count": 755000,
            "rate": 1135975.517094551
        },
        "http_req_duration": {
            "avg": 0.16916859999999953,
            "min": 0.138,
            "med": 0.157,
            "max": 14.41,
            "p(90)": 0.189,
            "p(95)": 0.218
        },
        "http_req_sending": {
            "avg": 0.009347400000000144,
            "min": 0.003,
            "med": 0.007,
            "max": 0.246,
            "p(90)": 0.012,
            "p(95)": 0.017
        },
        "http_req_tls_handshaking": {
            "max": 0,
            "p(90)": 0,
            "p(95)": 0,
            "avg": 0,
            "min": 0,
            "med": 0
        },
        "http_req_receiving": {
            "min": 0.005,
            "med": 0.01,
            "max": 0.398,
            "p(90)": 0.019,
            "p(95)": 0.031,
            "avg": 0.01328000000000019
        },
        "data_sent": {
            "rate": 1516309.1478378098,
            "count": 1007780
        },
        "checks": {
            "passes": 5000,
            "fails": 0,
            "value": 1
        },
        "iteration_duration": {
            "avg": 0.2633108860000007,
            "min": 0.201958,
            "med": 0.2407915,
            "max": 14.534625,
            "p(90)": 0.3012122,
            "p(95)": 0.36704824999999996
        },
        "http_req_blocked": {
            "p(95)": 0.111,
            "avg": 0.0701402000000001,
            "min": 0.038,
            "med": 0.06,
            "max": 14.318,
            "p(90)": 0.09
        },
        "http_reqs": {
            "count": 5000,
            "rate": 7523.016669500336
        },
        "http_req_connecting": {
            "avg": 0.05826359999999994,
            "min": 0.03,
            "med": 0.049,
            "max": 14.302,
            "p(90)": 0.076,
            "p(95)": 0.09104999999999977
        },
        "iterations": {
            "count": 5000,
            "rate": 7523.016669500336
        }
    }
}