{
    "metrics": {
        "http_req_duration{expected_response:true}": {
            "med": 0.062,
            "max": 130.731,
            "p(90)": 0.161,
            "p(95)": 0.809,
            "avg": 0.3224847763629947,
            "min": 0.036
        },
        "http_req_sending": {
            "p(90)": 0.029,
            "p(95)": 0.07,
            "avg": 0.046262899999992786,
            "min": 0,
            "med": 0.011,
            "max": 109.051
        },
        "http_req_receiving": {
            "avg": 0.044097699999998255,
            "min": 0,
            "med": 0.012,
            "max": 17.28,
            "p(90)": 0.038,
            "p(95)": 0.074
        },
        "success_duration": {
            "avg": 0.3224847763629947,
            "min": 0.036,
            "med": 0.062,
            "max": 130.731,
            "p(90)": 0.161,
            "p(95)": 0.809
        },
        "vus_max": {
            "max": 1000,
            "value": 1000,
            "min": 1000
        },
        "http_req_duration": {
            "p(95)": 0.9680499999999973,
            "avg": 0.3489817333333411,
            "min": 0,
            "med": 0.062,
            "max": 130.731,
            "p(90)": 0.178
        },
        "data_received": {
            "count": 10009403,
            "rate": 500436.1453639225
        },
        "status_503": {
            "count": 707,
            "rate": 35.34759813070702
        },
        "http_req_connecting": {
            "avg": 0.9422714333333281,
            "min": 0.033,
            "med": 0.055,
            "max": 242.075,
            "p(90)": 0.126,
            "p(95)": 0.443
        },
        "http_req_waiting": {
            "avg": 0.25862113333334974,
            "min": 0,
            "med": 0.036,
            "max": 129.645,
            "p(90)": 0.107,
            "p(95)": 0.6910499999999973
        },
        "iterations": {
            "count": 60000,
            "rate": 2999.7961638506663
        },
        "data_sent": {
            "rate": 549596.5549140936,
            "count": 10992678
        },
        "vus": {
            "value": 1,
            "min": 0,
            "max": 8
        },
        "http_req_blocked": {
            "min": 0.044,
            "med": 0.069,
            "max": 242.087,
            "p(90)": 0.16,
            "p(95)": 0.534,
            "avg": 0.9809932333333381
        },
        "checks": {
            "passes": 59530,
            "fails": 470,
            "value": 0.9921666666666666
        },
        "http_reqs": {
            "count": 60000,
            "rate": 2999.7961638506663
        },
        "http_req_tls_handshaking": {
            "p(90)": 0,
            "p(95)": 0,
            "avg": 0,
            "min": 0,
            "med": 0,
            "max": 0
        },
        "http_req_failed": {
            "passes": 1177,
            "fails": 58823,
            "value": 0.019616666666666668
        },
        "iteration_duration": {
            "p(95)": 2.243968749999995,
            "avg": 1.3953479631500008,
            "min": 0.109292,
            "med": 0.172042,
            "max": 242.668291,
            "p(90)": 0.492916
        }
    },
    "root_group": {
        "path": "",
        "id": "d41d8cd98f00b204e9800998ecf8427e",
        "groups": {},
        "checks": {
                "status is 200 or 503": {
                    "passes": 59530,
                    "fails": 470,
                    "name": "status is 200 or 503",
                    "path": "::status is 200 or 503",
                    "id": "9158419957bbc07d723ad901a3da8b58"
                }
            },
        "name": ""
    }
}