{
    "root_group": {
        "name": "",
        "path": "",
        "id": "d41d8cd98f00b204e9800998ecf8427e",
        "groups": {},
        "checks": {
                "seed status is 200": {
                    "name": "seed status is 200",
                    "path": "::seed status is 200",
                    "id": "2ac229dc72417ad76e9d2b75969e5805",
                    "passes": 5000,
                    "fails": 0
                }
            }
    },
    "metrics": {
        "http_req_tls_handshaking": {
            "min": 0,
            "med": 0,
            "max": 0,
            "p(90)": 0,
            "p(95)": 0,
            "avg": 0
        },
        "http_req_receiving": {
            "min": 0.004,
            "med": 0.015,
            "max": 0.796,
            "p(90)": 0.07010000000000012,
            "p(95)": 0.12,
            "avg": 0.03332300000000014
        },
        "http_req_failed": {
            "passes": 0,
            "fails": 5000,
            "thresholds": {
                "rate==0": false
            },
            "value": 0
        },
        "http_req_duration{expected_response:true}": {
            "min": 0.061,
            "med": 0.23,
            "max": 1.477,
            "p(90)": 0.4841000000000001,
            "p(95)": 0.6220999999999995,
            "avg": 0.2816835999999996
        },
        "iteration_duration": {
            "avg": 0.47713940600000143,
            "min": 0.143833,
            "med": 0.3988545,
            "max": 3.513667,
            "p(90)": 0.7921417,
            "p(95)": 0.9357065499999998
        },
        "checks": {
            "passes": 5000,
            "fails": 0,
            "value": 1
        },
        "http_req_duration": {
            "p(95)": 0.6220999999999995,
            "avg": 0.2816835999999996,
            "min": 0.061,
            "med": 0.23,
            "max": 1.477,
            "p(90)": 0.4841000000000001
        },
        "data_sent": {
            "count": 1004406,
            "rate": 4159392.742226032
        },
        "http_req_sending": {
            "p(95)": 0.082,
            "avg": 0.02312040000000016,
            "min": 0.003,
            "med": 0.01,
            "max": 0.686,
            "p(90)": 0.047
        },
        "iterations": {
            "count": 5000,
            "rate": 20705.7342460421
        },
        "data_received": {
            "count": 755000,
            "rate": 3126565.8711523567
        },
        "http_req_connecting": {
            "max": 0.93,
            "p(90)": 0.287,
            "p(95)": 0.36404999999999976,
            "avg": 0.13630580000000064,
            "min": 0.032,
            "med": 0.103
        },
        "http_reqs": {
            "count": 5000,
            "rate": 20705.7342460421
        },
        "http_req_blocked": {
            "avg": 0.15538199999999994,
            "min": 0.038,
            "med": 0.118,
            "max": 0.994,
            "p(90)": 0.3181000000000001,
            "p(95)": 0.3850499999999998
        },
        "http_req_waiting": {
            "p(95)": 0.483,
            "avg": 0.22524020000000028,
            "min": 0.033,
            "med": 0.187,
            "max": 1.369,
            "p(90)": 0.391
        }
    }
}