{
    "root_group": {
        "name": "",
        "path": "",
        "id": "d41d8cd98f00b204e9800998ecf8427e",
        "groups": {},
        "checks": {
                "status is 200 or 503": {
                    "passes": 49743,
                    "fails": 258,
                    "name": "status is 200 or 503",
                    "path": "::status is 200 or 503",
                    "id": "9158419957bbc07d723ad901a3da8b58"
                }
            }
    },
    "metrics": {
        "http_req_tls_handshaking": {
            "min": 0,
            "med": 0,
            "max": 0,
            "p(90)": 0,
            "p(95)": 0,
            "avg": 0
        },
        "http_req_failed": {
            "passes": 582,
            "fails": 49419,
            "value": 0.011639767204655907
        },
        "http_req_connecting": {
            "med": 0.053,
            "max": 93.845,
            "p(90)": 0.125,
            "p(95)": 0.299,
            "avg": 0.3269636607268226,
            "min": 0.036
        },
        "checks": {
            "passes": 49743,
            "fails": 258,
            "value": 0.994840103197936
        },
        "http_req_waiting": {
            "max": 43.778,
            "p(90)": 0.561,
            "p(95)": 2.195,
            "avg": 0.6552655946880762,
            "min": 0,
            "med": 0.287
        },
        "data_sent": {
            "count": 9199321,
            "rate": 919842.8752411016
        },
        "http_req_sending": {
            "avg": 0.03551336973259072,
            "min": 0,
            "med": 0.012,
            "max": 4.204,
            "p(90)": 0.037,
            "p(95)": 0.091
        },
        "vus_max": {
            "value": 1000,
            "min": 1000,
            "max": 1000
        },
        "success_duration": {
            "p(90)": 0.61,
            "p(95)": 2.598099999999998,
            "avg": 0.7225140735345054,
            "min": 0.29,
            "med": 0.313,
            "max": 44.188
        },
        "iterations": {
            "count": 50001,
            "rate": 4999.6150373413775
        },
        "http_req_duration{expected_response:true}": {
            "max": 44.188,
            "p(90)": 0.61,
            "p(95)": 2.598099999999998,
            "avg": 0.7225140735345054,
            "min": 0.29,
            "med": 0.313
        },
        "http_req_receiving": {
            "avg": 0.033249915001693435,
            "min": 0,
            "med": 0.011,
            "max": 17.666,
            "p(90)": 0.047,
            "p(95)": 0.096
        },
        "iteration_duration": {
            "avg": 1.1348410532389337,
            "min": 0.247083,
            "med": 0.419833,
            "max": 101.077833,
            "p(90)": 1.104792,
            "p(95)": 3.742
        },
        "http_req_duration": {
            "p(95)": 2.618,
            "avg": 0.7240288794224442,
            "min": 0,
            "med": 0.313,
            "max": 44.188,
            "p(90)": 0.684
        },
        "data_received": {
            "count": 8381042,
            "rate": 838022.9117775576
        },
        "vus": {
            "value": 3,
            "min": 2,
            "max": 35
        },
        "status_503": {
            "count": 324,
            "rate": 32.39685750482203
        },
        "http_reqs": {
            "count": 50001,
            "rate": 4999.6150373413775
        },
        "http_req_blocked": {
            "med": 0.067,
            "max": 93.858,
            "p(90)": 0.174,
            "p(95)": 0.398,
            "avg": 0.3547832843342951,
            "min": 0.047
        }
    }
}