{
    "root_group": {
        "name": "",
        "path": "",
        "id": "d41d8cd98f00b204e9800998ecf8427e",
        "groups": {},
        "checks": {
                "seed status is 200": {
                    "fails": 0,
                    "name": "seed status is 200",
                    "path": "::seed status is 200",
                    "id": "2ac229dc72417ad76e9d2b75969e5805",
                    "passes": 5000
                }
            }
    },
    "metrics": {
        "http_req_sending": {
            "avg": 0.010081200000000184,
            "min": 0.003,
            "med": 0.007,
            "max": 0.467,
            "p(90)": 0.012,
            "p(95)": 0.017
        },
        "vus_max": {
            "value": 2,
            "min": 2,
            "max": 2
        },
        "http_req_failed": {
            "passes": 0,
            "fails": 5000,
            "thresholds": {
                "rate==0": false
            },
            "value": 0
        },
        "checks": {
            "passes": 5000,
            "fails": 0,
            "value": 1
        },
        "http_req_tls_handshaking": {
            "avg": 0,
            "min": 0,
            "med": 0,
            "max": 0,
            "p(90)": 0,
            "p(95)": 0
        },
        "data_sent": {
            "count": 1007780,
            "rate": 927702.5695974844
        },
        "http_reqs": {
            "count": 5000,
            "rate": 4602.703812327514
        },
        "http_req_connecting": {
            "p(90)": 0.09,
            "p(95)": 0.113,
            "avg": 0.06305160000000029,
            "min": 0.036,
            "med": 0.0515,
            "max": 6.523
        },
        "iterations": {
            "count": 5000,
            "rate": 4602.703812327514
        },
        "http_req_waiting": {
            "avg": 0.3061953999999993,
            "min": 0.273,
            "med": 0.29,
            "max": 15.744,
            "p(90)": 0.323,
            "p(95)": 0.344
        },
        "http_req_duration{expected_response:true}": {
            "avg": 0.3293910000000008,
            "min": 0.289,
            "med": 0.31,
            "max": 15.773,
            "p(90)": 0.352,
            "p(95)": 0.3800499999999998
        },
        "http_req_receiving": {
            "min": 0.005,
            "med": 0.01,
            "max": 0.338,
            "p(90)": 0.017,
            "p(95)": 0.026,
            "avg": 0.013114400000000213
        },
        "iteration_duration": {
            "avg": 0.43195221199999917,
            "min": 0.356333,
            "med": 0.398084,
            "max": 15.855334,
            "p(90)": 0.48584140000000003,
            "p(95)": 0.5382916499999998
        },
        "vus": {
            "min": 2,
            "max": 2,
            "value": 2
        },
        "data_received": {
            "count": 755000,
            "rate": 695008.2756614547
        },
        "http_req_duration": {
            "min": 0.289,
            "med": 0.31,
            "max": 15.773,
            "p(90)": 0.352,
            "p(95)": 0.3800499999999998,
            "avg": 0.3293910000000008
        },
        "http_req_blocked": {
            "avg": 0.07606060000000019,
            "min": 0.045,
            "med": 0.063,
            "max": 6.648,
            "p(90)": 0.105,
            "p(95)": 0.12904999999999978
        }
    }
}