{
    "root_group": {
        "name": "",
        "path": "",
        "id": "d41d8cd98f00b204e9800998ecf8427e",
        "groups": {},
        "checks": {
                "status is 200 or 503": {
                    "name": "status is 200 or 503",
                    "path": "::status is 200 or 503",
                    "id": "9158419957bbc07d723ad901a3da8b58",
                    "passes": 29967,
                    "fails": 34
                }
            }
    },
    "metrics": {
        "success_duration": {
            "min": 0.288,
            "med": 0.349,
            "max": 38.178,
            "p(90)": 0.408,
            "p(95)": 0.6850499999999987,
            "avg": 0.48532189171122814
        },
        "iteration_duration": {
            "avg": 0.7953708807039724,
            "min": 0.212416,
            "med": 0.493292,
            "max": 72.512209,
            "p(90)": 0.579125,
            "p(95)": 1.033541
        },
        "status_503": {
            "count": 47,
            "rate": 4.699654105457839
        },
        "http_reqs": {
            "count": 30001,
            "rate": 2999.8792088902255
        },
        "http_req_duration": {
            "min": 0.006,
            "med": 0.349,
            "max": 38.178,
            "p(90)": 0.408,
            "p(95)": 0.695,
            "avg": 0.48494316856104647
        },
        "http_req_duration{expected_response:true}": {
            "med": 0.349,
            "max": 38.178,
            "p(90)": 0.408,
            "p(95)": 0.6850499999999987,
            "avg": 0.48532189171122814,
            "min": 0.288
        },
        "http_req_blocked": {
            "min": 0.043,
            "med": 0.106,
            "max": 71.666,
            "p(90)": 0.139,
            "p(95)": 0.182,
            "avg": 0.2708354388187014
        },
        "checks": {
            "passes": 29967,
            "fails": 34,
            "value": 0.9988667044431853
        },
        "http_req_connecting": {
            "min": 0.034,
            "med": 0.095,
            "max": 71.511,
            "p(90)": 0.124,
            "p(95)": 0.152,
            "avg": 0.25482567247757554
        },
        "http_req_sending": {
            "p(90)": 0.016,
            "p(95)": 0.033,
            "avg": 0.020316489450351242,
            "min": 0,
            "med": 0.01,
            "max": 4.006
        },
        "vus": {
            "value": 1,
            "min": 1,
            "max": 2
        },
        "http_req_receiving": {
            "min": 0.004,
            "med": 0.009,
            "max": 36.238,
            "p(90)": 0.023,
            "p(95)": 0.043,
            "avg": 0.02341485283823617
        },
        "vus_max": {
            "value": 1000,
            "min": 1000,
            "max": 1000
        },
        "data_sent": {
            "rate": 541687.8317755813,
            "count": 5417277
        },
        "data_received": {
            "count": 5166967,
            "rate": 516658.6739215994
        },
        "http_req_tls_handshaking": {
            "avg": 0,
            "min": 0,
            "med": 0,
            "max": 0,
            "p(90)": 0,
            "p(95)": 0
        },
        "http_req_waiting": {
            "p(95)": 0.589,
            "avg": 0.4412118262724547,
            "min": 0,
            "med": 0.328,
            "max": 37.947,
            "p(90)": 0.381
        },
        "iterations": {
            "count": 30001,
            "rate": 2999.8792088902255
        },
        "http_req_failed": {
            "passes": 81,
            "fails": 29920,
            "value": 0.0026999100029999
        }
    }
}