{
    "metrics": {
        "http_req_tls_handshaking": {
            "min": 0,
            "med": 0,
            "max": 0,
            "p(90)": 0,
            "p(95)": 0,
            "avg": 0
        },
        "http_req_sending": {
            "med": 0.007,
            "max": 0.346,
            "p(90)": 0.011,
            "p(95)": 0.015,
            "avg": 0.00937220000000013,
            "min": 0.003
        },
        "http_req_duration{expected_response:true}": {
            "p(95)": 0.355,
            "avg": 0.31841780000000175,
            "min": 0.288,
            "med": 0.308,
            "max": 14.015,
            "p(90)": 0.336
        },
        "http_req_receiving": {
            "avg": 0.013147800000000251,
            "min": 0.005,
            "med": 0.01,
            "max": 0.279,
            "p(90)": 0.019,
            "p(95)": 0.028
        },
        "vus_max": {
            "value": 2,
            "min": 2,
            "max": 2
        },
        "http_req_failed": {
            "fails": 5000,
            "passes": 0,
            "thresholds": {
                "rate==0": false
            },
            "value": 0
        },
        "data_received": {
            "count": 755000,
            "rate": 734480.8096216012
        },
        "iteration_duration": {
            "max": 14.150291,
            "p(90)": 0.4429503,
            "p(95)": 0.49092319999999995,
            "avg": 0.40881527740000023,
            "min": 0.353084,
            "med": 0.388417
        },
        "data_sent": {
            "count": 1007780,
            "rate": 980390.8216164998
        },
        "http_reqs": {
            "count": 5000,
            "rate": 4864.1113219973595
        },
        "http_req_waiting": {
            "min": 0.274,
            "med": 0.288,
            "max": 13.986,
            "p(90)": 0.3101000000000001,
            "p(95)": 0.324,
            "avg": 0.2958977999999992
        },
        "checks": {
            "passes": 5000,
            "fails": 0,
            "value": 1
        },
        "http_req_blocked": {
            "avg": 0.06792600000000011,
            "min": 0.039,
            "med": 0.057,
            "max": 13.793,
            "p(90)": 0.091,
            "p(95)": 0.107
        },
        "iterations": {
            "count": 5000,
            "rate": 4864.1113219973595
        },
        "vus": {
            "value": 2,
            "min": 2,
            "max": 2
        },
        "http_req_connecting": {
            "max": 13.773,
            "p(90)": 0.077,
            "p(95)": 0.09104999999999977,
            "avg": 0.056322000000000025,
            "min": 0.032,
            "med": 0.047
        },
        "http_req_duration": {
            "p(90)": 0.336,
            "p(95)": 0.355,
            "avg": 0.31841780000000175,
            "min": 0.288,
            "med": 0.308,
            "max": 14.015
        }
    },
    "root_group": {
        "path": "",
        "id": "d41d8cd98f00b204e9800998ecf8427e",
        "groups": {},
        "checks": {
                "seed status is 200": {
                    "name": "seed status is 200",
                    "path": "::seed status is 200",
                    "id": "2ac229dc72417ad76e9d2b75969e5805",
                    "passes": 5000,
                    "fails": 0
                }
            },
        "name": ""
    }
}