{
    "root_group": {
        "id": "d41d8cd98f00b204e9800998ecf8427e",
        "groups": {},
        "checks": {
                "status is 200 or 503": {
                    "fails": 138,
                    "name": "status is 200 or 503",
                    "path": "::status is 200 or 503",
                    "id": "9158419957bbc07d723ad901a3da8b58",
                    "passes": 49862
                }
            },
        "name": "",
        "path": ""
    },
    "metrics": {
        "http_req_waiting": {
            "max": 32.514,
            "p(90)": 1.805100000000001,
            "p(95)": 4.0250499999999985,
            "avg": 1.0617154000000022,
            "min": 0,
            "med": 0.555
        },
        "data_sent": {
            "rate": 920222.4321145689,
            "count": 9203047
        },
        "checks": {
            "passes": 49862,
            "fails": 138,
            "value": 0.99724
        },
        "http_req_failed": {
            "passes": 461,
            "fails": 49539,
            "value": 0.00922
        },
        "http_req_sending": {
            "avg": 0.04104079999999173,
            "min": 0,
            "med": 0.012,
            "max": 3.517,
            "p(90)": 0.068,
            "p(95)": 0.134
        },
        "vus": {
            "value": 3,
            "min": 2,
            "max": 6
        },
        "http_req_connecting": {
            "med": 0.064,
            "max": 77.287,
            "p(90)": 0.204,
            "p(95)": 0.522,
            "avg": 0.40630393999999587,
            "min": 0.032
        },
        "vus_max": {
            "max": 1000,
            "value": 1000,
            "min": 1000
        },
        "status_503": {
            "count": 323,
            "rate": 32.29711263813015
        },
        "http_req_blocked": {
            "min": 0.039,
            "med": 0.08,
            "max": 78.732,
            "p(90)": 0.268,
            "p(95)": 0.6530999999999956,
            "avg": 0.44243799999999306
        },
        "http_req_tls_handshaking": {
            "p(95)": 0,
            "avg": 0,
            "min": 0,
            "med": 0,
            "max": 0,
            "p(90)": 0
        },
        "iterations": {
            "count": 50000,
            "rate": 4999.553039958228
        },
        "http_req_duration{expected_response:true}": {
            "avg": 1.1556279496961999,
            "min": 0.54,
            "med": 0.589,
            "max": 32.651,
            "p(90)": 2.035,
            "p(95)": 4.419199999999996
        },
        "success_duration": {
            "avg": 1.1556279496961999,
            "min": 0.54,
            "med": 0.589,
            "max": 32.651,
            "p(90)": 2.035,
            "p(95)": 4.419199999999996
        },
        "data_received": {
            "count": 8387245,
            "rate": 838649.5247324889
        },
        "http_req_duration": {
            "max": 32.651,
            "p(90)": 2.038,
            "p(95)": 4.401049999999998,
            "avg": 1.1505611400000026,
            "min": 0,
            "med": 0.589
        },
        "http_reqs": {
            "count": 50000,
            "rate": 4999.553039958228
        },
        "http_req_receiving": {
            "p(95)": 0.158,
            "avg": 0.04780494000000102,
            "min": 0,
            "med": 0.012,
            "max": 7.08,
            "p(90)": 0.071
        },
        "iteration_duration": {
            "avg": 1.6550749065400043,
            "min": 0.13875,
            "med": 0.713166,
            "max": 83.749709,
            "p(90)": 2.6806669000000025,
            "p(95)": 5.745988949999997
        }
    }
}