{
    "metrics": {
        "http_req_duration": {
            "avg": 2.4154665742484536,
            "min": 0,
            "med": 0.616,
            "max": 305.519,
            "p(90)": 4.253,
            "p(95)": 7.845999999999996
        },
        "iterations": {
            "count": 48331,
            "rate": 4832.458732726167
        },
        "http_req_blocked": {
            "avg": 5.753503403612758,
            "min": 0.046,
            "med": 0.107,
            "max": 415.476,
            "p(90)": 1.853,
            "p(95)": 30.783499999999993
        },
        "vus": {
            "max": 185,
            "value": 24,
            "min": 3
        },
        "http_req_duration{expected_response:true}": {
            "min": 0.544,
            "med": 0.621,
            "max": 305.519,
            "p(90)": 4.136,
            "p(95)": 7.777199999999996,
            "avg": 2.4466080138974946
        },
        "http_req_waiting": {
            "max": 247.387,
            "p(90)": 3.557,
            "p(95)": 6.855499999999985,
            "avg": 2.064921065154865,
            "min": 0,
            "med": 0.568
        },
        "http_req_receiving": {
            "min": 0,
            "med": 0.019,
            "max": 194.821,
            "p(90)": 0.144,
            "p(95)": 0.391,
            "avg": 0.15881173573898177
        },
        "status_503": {
            "count": 3503,
            "rate": 350.25352135771584
        },
        "dropped_iterations": {
            "count": 1670,
            "rate": 166.97784204036125
        },
        "checks": {
            "passes": 47252,
            "fails": 1079,
            "value": 0.9776747842999317
        },
        "iteration_duration": {
            "max": 458.648542,
            "p(90)": 10.371667,
            "p(95)": 37.98666699999996,
            "avg": 9.799909518921591,
            "min": 0.151958,
            "med": 0.819959
        },
        "http_reqs": {
            "count": 48331,
            "rate": 4832.458732726167
        },
        "data_sent": {
            "count": 8337761,
            "rate": 833665.4725917871
        },
        "data_received": {
            "count": 7998887,
            "rate": 799782.5688531132
        },
        "vus_max": {
            "max": 1007,
            "value": 1007,
            "min": 1000
        },
        "http_req_sending": {
            "avg": 0.19173377335462513,
            "min": 0,
            "med": 0.014,
            "max": 135.072,
            "p(90)": 0.123,
            "p(95)": 0.33649999999999786
        },
        "success_duration": {
            "avg": 2.4466080138974946,
            "min": 0.544,
            "med": 0.621,
            "max": 305.519,
            "p(90)": 4.136,
            "p(95)": 7.777199999999996
        },
        "http_req_tls_handshaking": {
            "avg": 0,
            "min": 0,
            "med": 0,
            "max": 0,
            "p(90)": 0,
            "p(95)": 0
        },
        "http_req_connecting": {
            "p(95)": 30.453499999999924,
            "avg": 5.1853442511017676,
            "min": 0.035,
            "med": 0.082,
            "max": 256.942,
            "p(90)": 1.582
        },
        "http_req_failed": {
            "passes": 4582,
            "fails": 43749,
            "value": 0.09480457677267179
        }
    },
    "root_group": {
        "groups": {},
        "checks": {
                "status is 200 or 503": {
                    "fails": 1079,
                    "name": "status is 200 or 503",
                    "path": "::status is 200 or 503",
                    "id": "9158419957bbc07d723ad901a3da8b58",
                    "passes": 47252
                }
            },
        "name": "",
        "path": "",
        "id": "d41d8cd98f00b204e9800998ecf8427e"
    }
}