{
    "root_group": {
        "name": "",
        "path": "",
        "id": "d41d8cd98f00b204e9800998ecf8427e",
        "groups": {},
        "checks": {
                "status is 200 or 503": {
                    "path": "::status is 200 or 503",
                    "id": "9158419957bbc07d723ad901a3da8b58",
                    "passes": 28079,
                    "fails": 1922,
                    "name": "status is 200 or 503"
                }
            }
    },
    "metrics": {
        "http_req_connecting": {
            "p(90)": 0.13,
            "p(95)": 0.189,
            "avg": 0.1538490050331652,
            "min": 0.032,
            "med": 0.094,
            "max": 27.279
        },
        "iterations": {
            "count": 30001,
            "rate": 2994.946296413132
        },
        "http_req_failed": {
            "passes": 10940,
            "fails": 19061,
            "value": 0.3646545115162828
        },
        "vus": {
            "value": 33,
            "min": 33,
            "max": 36
        },
        "http_req_waiting": {
            "avg": 10.949623279223962,
            "min": 0,
            "med": 16.79,
            "max": 58.784,
            "p(90)": 17.141,
            "p(95)": 17.514
        },
        "http_reqs": {
            "rate": 2994.946296413132,
            "count": 30001
        },
        "checks": {
            "passes": 28079,
            "fails": 1922,
            "value": 0.9359354688177061
        },
        "iteration_duration": {
            "max": 60.890584,
            "p(90)": 17.356333,
            "p(95)": 17.900708,
            "avg": 11.237259114129499,
            "min": 0.083417,
            "med": 16.962917
        },
        "http_req_sending": {
            "min": 0,
            "med": 0.011,
            "max": 8.826,
            "p(90)": 0.02,
            "p(95)": 0.043,
            "avg": 0.021014566181126994
        },
        "http_req_tls_handshaking": {
            "p(90)": 0,
            "p(95)": 0,
            "avg": 0,
            "min": 0,
            "med": 0,
            "max": 0
        },
        "status_503": {
            "rate": 900.2508483401762,
            "count": 9018
        },
        "vus_max": {
            "min": 1000,
            "max": 1000,
            "value": 1000
        },
        "http_req_duration": {
            "med": 16.818,
            "max": 58.82,
            "p(90)": 17.184,
            "p(95)": 17.607,
            "avg": 11.002403819872631,
            "min": 0
        },
        "http_req_blocked": {
            "avg": 0.17940808639711947,
            "min": 0.042,
            "med": 0.108,
            "max": 27.298,
            "p(90)": 0.155,
            "p(95)": 0.251
        },
        "http_req_duration{expected_response:true}": {
            "max": 58.82,
            "p(90)": 17.392,
            "p(95)": 18.203,
            "avg": 17.209878075651805,
            "min": 0.978,
            "med": 16.937
        },
        "success_duration": {
            "min": 0.978,
            "med": 16.937,
            "max": 58.82,
            "p(90)": 17.392,
            "p(95)": 18.203,
            "avg": 17.209878075651805
        },
        "data_received": {
            "count": 4832362,
            "rate": 482406.0756250644
        },
        "http_req_receiving": {
            "p(95)": 0.064,
            "avg": 0.03176597446751614,
            "min": 0,
            "med": 0.013,
            "max": 10.836,
            "p(90)": 0.041
        },
        "data_sent": {
            "count": 5034113,
            "rate": 502546.51795190835
        }
    }
}