{
    "root_group": {
        "name": "",
        "path": "",
        "id": "d41d8cd98f00b204e9800998ecf8427e",
        "groups": {},
        "checks": {
                "seed status is 200": {
                    "name": "seed status is 200",
                    "path": "::seed status is 200",
                    "id": "2ac229dc72417ad76e9d2b75969e5805",
                    "passes": 5000,
                    "fails": 0
                }
            }
    },
    "metrics": {
        "http_req_connecting": {
            "p(90)": 0.124,
            "p(95)": 0.145,
            "avg": 0.10517760000000055,
            "min": 0.038,
            "med": 0.099,
            "max": 2.905
        },
        "iterations": {
            "count": 5000,
            "rate": 1922.7833288532481
        },
        "vus": {
            "value": 10,
            "min": 10,
            "max": 10
        },
        "data_sent": {
            "count": 1004399,
            "rate": 386248.3305433747
        },
        "http_req_tls_handshaking": {
            "avg": 0,
            "min": 0,
            "med": 0,
            "max": 0,
            "p(90)": 0,
            "p(95)": 0
        },
        "http_req_receiving": {
            "avg": 0.017161600000000363,
            "min": 0.005,
            "med": 0.013,
            "max": 0.835,
            "p(90)": 0.02110000000000011,
            "p(95)": 0.042
        },
        "http_reqs": {
            "count": 5000,
            "rate": 1922.7833288532481
        },
        "vus_max": {
            "value": 10,
            "min": 10,
            "max": 10
        },
        "http_req_blocked": {
            "avg": 0.11938080000000048,
            "min": 0.048,
            "med": 0.11,
            "max": 2.919,
            "p(90)": 0.142,
            "p(95)": 0.178
        },
        "iteration_duration": {
            "p(90)": 5.241816,
            "p(95)": 5.404685099999999,
            "avg": 5.192606654199994,
            "min": 1.082458,
            "med": 5.136875,
            "max": 14.305042
        },
        "http_req_failed": {
            "fails": 5000,
            "passes": 0,
            "thresholds": {
                "rate==0": false
            },
            "value": 0
        },
        "data_received": {
            "count": 755000,
            "rate": 290340.28265684046
        },
        "checks": {
            "passes": 5000,
            "fails": 0,
            "value": 1
        },
        "http_req_waiting": {
            "avg": 5.013201399999982,
            "min": 0.74,
            "med": 4.984,
            "max": 14.097,
            "p(90)": 5.059,
            "p(95)": 5.16305
        },
        "http_req_duration{expected_response:true}": {
            "p(95)": 5.213,
            "avg": 5.041779799999982,
            "min": 0.765,
            "med": 5.006,
            "max": 14.141,
            "p(90)": 5.095
        },
        "http_req_sending": {
            "med": 0.008,
            "max": 1.213,
            "p(90)": 0.013,
            "p(95)": 0.023,
            "avg": 0.011416799999999892,
            "min": 0.004
        },
        "http_req_duration": {
            "min": 0.765,
            "med": 5.006,
            "max": 14.141,
            "p(90)": 5.095,
            "p(95)": 5.213,
            "avg": 5.041779799999982
        }
    }
}