{
    "metrics": {
        "iterations": {
            "count": 49999,
            "rate": 4999.080650681353
        },
        "http_req_tls_handshaking": {
            "min": 0,
            "med": 0,
            "max": 0,
            "p(90)": 0,
            "p(95)": 0,
            "avg": 0
        },
        "vus": {
            "value": 2,
            "min": 2,
            "max": 3
        },
        "data_sent": {
            "rate": 916923.6162193016,
            "count": 9170739
        },
        "data_received": {
            "count": 8372860,
            "rate": 837148.7913131037
        },
        "http_req_waiting": {
            "avg": 0.47302226044513945,
            "min": 0,
            "med": 0.285,
            "max": 37.172,
            "p(90)": 0.461,
            "p(95)": 1.2400999999999978
        },
        "checks": {
            "passes": 49602,
            "fails": 397,
            "value": 0.9920598411968239
        },
        "success_duration": {
            "min": 0.288,
            "med": 0.31,
            "max": 51.526,
            "p(90)": 0.5065000000000011,
            "p(95)": 1.2972499999999978,
            "avg": 0.5277699731248788
        },
        "iteration_duration": {
            "p(95)": 2.557604199999998,
            "avg": 1.113457403428055,
            "min": 0.231125,
            "med": 0.411375,
            "max": 69.814083,
            "p(90)": 0.9616666000000001
        },
        "status_503": {
            "count": 486,
            "rate": 48.59203576533806
        },
        "http_req_duration": {
            "avg": 0.537558291165858,
            "min": 0,
            "med": 0.31,
            "max": 51.526,
            "p(90)": 0.565,
            "p(95)": 1.4920999999999978
        },
        "http_req_sending": {
            "p(90)": 0.028,
            "p(95)": 0.07,
            "avg": 0.03550667013338523,
            "min": 0,
            "med": 0.011,
            "max": 14.999
        },
        "http_req_receiving": {
            "min": 0,
            "med": 0.011,
            "max": 14.43,
            "p(90)": 0.043,
            "p(95)": 0.075,
            "avg": 0.029029360587207925
        },
        "vus_max": {
            "value": 1000,
            "min": 1000,
            "max": 1000
        },
        "http_reqs": {
            "count": 49999,
            "rate": 4999.080650681353
        },
        "http_req_blocked": {
            "avg": 0.5169146982940305,
            "min": 0.044,
            "med": 0.063,
            "max": 63.514,
            "p(90)": 0.156,
            "p(95)": 0.409
        },
        "http_req_connecting": {
            "p(95)": 0.32,
            "avg": 0.4911756635131847,
            "min": 0.033,
            "med": 0.05,
            "max": 63.489,
            "p(90)": 0.114
        },
        "http_req_duration{expected_response:true}": {
            "avg": 0.5277699731248788,
            "min": 0.288,
            "med": 0.31,
            "max": 51.526,
            "p(90)": 0.5065000000000011,
            "p(95)": 1.2972499999999978
        },
        "http_req_failed": {
            "fails": 49116,
            "passes": 883,
            "value": 0.01766035320706414
        }
    },
    "root_group": {
        "checks": {
            "status is 200 or 503": {
                "name": "status is 200 or 503",
                "path": "::status is 200 or 503",
                "id": "9158419957bbc07d723ad901a3da8b58",
                "passes": 49602,
                "fails": 397
            }
        },
        "name": "",
        "path": "",
        "id": "d41d8cd98f00b204e9800998ecf8427e",
        "groups": {}
    }
}