{
    "metrics": {
        "http_req_sending": {
            "p(90)": 0.021,
            "p(95)": 0.051,
            "avg": 0.02865912681746003,
            "min": 0,
            "med": 0.01,
            "max": 3.515
        },
        "http_req_duration{expected_response:true}": {
            "avg": 0.2696665719908502,
            "min": 0.035,
            "med": 0.057,
            "max": 37.831,
            "p(90)": 0.133,
            "p(95)": 0.7994999999999979
        },
        "http_req_tls_handshaking": {
            "min": 0,
            "med": 0,
            "max": 0,
            "p(90)": 0,
            "p(95)": 0,
            "avg": 0
        },
        "iteration_duration": {
            "max": 71.190208,
            "p(90)": 0.45675,
            "p(95)": 1.728125,
            "avg": 0.6162739710205816,
            "min": 0.110208,
            "med": 0.152209
        },
        "vus": {
            "min": 1,
            "max": 3,
            "value": 1
        },
        "http_req_receiving": {
            "avg": 0.027597768044641688,
            "min": 0,
            "med": 0.011,
            "max": 11.192,
            "p(90)": 0.031,
            "p(95)": 0.061
        },
        "checks": {
            "passes": 49687,
            "fails": 314,
            "value": 0.993720125597488
        },
        "http_req_failed": {
            "passes": 710,
            "fails": 49291,
            "value": 0.014199716005679886
        },
        "success_duration": {
            "avg": 0.26966657199085015,
            "min": 0.035,
            "med": 0.057,
            "max": 37.831,
            "p(90)": 0.133,
            "p(95)": 0.7994999999999979
        },
        "http_req_waiting": {
            "avg": 0.22501967960644423,
            "min": 0,
            "med": 0.033,
            "max": 29.691,
            "p(90)": 0.093,
            "p(95)": 0.744
        },
        "data_received": {
            "count": 8379671,
            "rate": 837695.6028551147
        },
        "iterations": {
            "count": 50001,
            "rate": 4998.479992634388
        },
        "http_reqs": {
            "count": 50001,
            "rate": 4998.479992634388
        },
        "http_req_connecting": {
            "min": 0.034,
            "med": 0.048,
            "max": 70.85,
            "p(90)": 0.089,
            "p(95)": 0.229,
            "avg": 0.25575230495390766
        },
        "http_req_duration": {
            "max": 37.831,
            "p(90)": 0.162,
            "p(95)": 0.97,
            "avg": 0.2812765744685371,
            "min": 0,
            "med": 0.057
        },
        "http_req_blocked": {
            "avg": 0.28517455650888096,
            "min": 0.043,
            "med": 0.061,
            "max": 70.874,
            "p(90)": 0.117,
            "p(95)": 0.302
        },
        "data_sent": {
            "count": 9193333,
            "rate": 919035.4406136972
        },
        "vus_max": {
            "value": 1000,
            "min": 1000,
            "max": 1000
        },
        "status_503": {
            "count": 396,
            "rate": 39.587169798268384
        }
    },
    "root_group": {
        "id": "d41d8cd98f00b204e9800998ecf8427e",
        "groups": {},
        "checks": {
                "status is 200 or 503": {
                    "passes": 49687,
                    "fails": 314,
                    "name": "status is 200 or 503",
                    "path": "::status is 200 or 503",
                    "id": "9158419957bbc07d723ad901a3da8b58"
                }
            },
        "name": "",
        "path": ""
    }
}