{
    "root_group": {
        "name": "",
        "path": "",
        "id": "d41d8cd98f00b204e9800998ecf8427e",
        "groups": {},
        "checks": {
                "seed status is 200": {
                    "id": "2ac229dc72417ad76e9d2b75969e5805",
                    "passes": 5000,
                    "fails": 0,
                    "name": "seed status is 200",
                    "path": "::seed status is 200"
                }
            }
    },
    "metrics": {
        "http_req_duration{expected_response:true}": {
            "p(90)": 0.08510000000000012,
            "p(95)": 0.11,
            "avg": 0.06676979999999992,
            "min": 0.033,
            "med": 0.055,
            "max": 16.682
        },
        "http_req_waiting": {
            "avg": 0.04602979999999994,
            "min": 0.021,
            "med": 0.037,
            "max": 16.637,
            "p(90)": 0.061,
            "p(95)": 0.074
        },
        "http_req_receiving": {
            "p(90)": 0.017,
            "p(95)": 0.026,
            "avg": 0.011891600000000231,
            "min": 0.004,
            "med": 0.009,
            "max": 0.271
        },
        "iteration_duration": {
            "med": 0.1377915,
            "max": 16.778625,
            "p(90)": 0.19775,
            "p(95)": 0.2583776999999998,
            "avg": 0.16047499519999991,
            "min": 0.099875
        },
        "http_req_connecting": {
            "avg": 0.059336799999999836,
            "min": 0.031,
            "med": 0.049,
            "max": 16.639,
            "p(90)": 0.078,
            "p(95)": 0.094
        },
        "iterations": {
            "count": 5000,
            "rate": 12261.724047447968
        },
        "http_req_failed": {
            "passes": 0,
            "fails": 5000,
            "thresholds": {
                "rate==0": false
            },
            "value": 0
        },
        "checks": {
            "passes": 5000,
            "fails": 0,
            "value": 1
        },
        "http_req_tls_handshaking": {
            "avg": 0,
            "min": 0,
            "med": 0,
            "max": 0,
            "p(90)": 0,
            "p(95)": 0
        },
        "http_req_blocked": {
            "p(90)": 0.091,
            "p(95)": 0.111,
            "avg": 0.07048780000000014,
            "min": 0.04,
            "med": 0.059,
            "max": 16.658
        },
        "http_req_sending": {
            "p(95)": 0.017,
            "avg": 0.008848400000000183,
            "min": 0.003,
            "med": 0.006,
            "max": 0.556,
            "p(90)": 0.012
        },
        "data_received": {
            "count": 755000,
            "rate": 1851520.3311646432
        },
        "http_req_duration": {
            "avg": 0.06676979999999992,
            "min": 0.033,
            "med": 0.055,
            "max": 16.682,
            "p(90)": 0.08510000000000012,
            "p(95)": 0.11
        },
        "http_reqs": {
            "rate": 12261.724047447968,
            "count": 5000
        },
        "data_sent": {
            "count": 1007780,
            "rate": 2471424.0521074226
        }
    }
}