{
    "root_group": {
        "name": "",
        "path": "",
        "id": "d41d8cd98f00b204e9800998ecf8427e",
        "groups": {},
        "checks": {
                "status is 200 or 503": {
                    "fails": 39,
                    "name": "status is 200 or 503",
                    "path": "::status is 200 or 503",
                    "id": "9158419957bbc07d723ad901a3da8b58",
                    "passes": 29962
                }
            }
    },
    "metrics": {
        "http_req_blocked": {
            "p(90)": 0.114,
            "p(95)": 0.135,
            "avg": 0.16093860204659624,
            "min": 0.041,
            "med": 0.063,
            "max": 41.078
        },
        "data_received": {
            "rate": 514446.0500944125,
            "count": 5144870
        },
        "iterations": {
            "count": 30001,
            "rate": 2999.8612110476006
        },
        "http_req_waiting": {
            "min": 0,
            "med": 0.034,
            "max": 29.389,
            "p(90)": 0.083,
            "p(95)": 0.116,
            "avg": 0.06765734475517425
        },
        "http_req_failed": {
            "passes": 145,
            "fails": 29856,
            "value": 0.004833172227592414
        },
        "iteration_duration": {
            "min": 0.101916,
            "med": 0.15525,
            "max": 43.525458,
            "p(90)": 0.252125,
            "p(95)": 0.325125,
            "avg": 0.29564172990900317
        },
        "vus_max": {
            "value": 1000,
            "min": 1000,
            "max": 1000
        },
        "http_req_connecting": {
            "avg": 0.14741681943934543,
            "min": 0.032,
            "med": 0.05,
            "max": 41.062,
            "p(90)": 0.102,
            "p(95)": 0.12
        },
        "http_req_receiving": {
            "max": 0.664,
            "p(90)": 0.02,
            "p(95)": 0.026,
            "avg": 0.015326789107028994,
            "min": 0.004,
            "med": 0.01
        },
        "vus": {
            "value": 1,
            "min": 0,
            "max": 1
        },
        "http_req_duration{expected_response:true}": {
            "avg": 0.09764941720256992,
            "min": 0.035,
            "med": 0.059,
            "max": 29.431,
            "p(90)": 0.106,
            "p(95)": 0.142
        },
        "success_duration": {
            "min": 0.035,
            "med": 0.059,
            "max": 29.431,
            "p(90)": 0.106,
            "p(95)": 0.142,
            "avg": 0.09764941720256992
        },
        "checks": {
            "passes": 29962,
            "fails": 39,
            "value": 0.9987000433318889
        },
        "status_503": {
            "count": 106,
            "rate": 10.599156307157951
        },
        "http_reqs": {
            "count": 30001,
            "rate": 2999.8612110476006
        },
        "http_req_tls_handshaking": {
            "avg": 0,
            "min": 0,
            "med": 0,
            "max": 0,
            "p(90)": 0,
            "p(95)": 0
        },
        "data_sent": {
            "count": 5411106,
            "rate": 541067.5310245305
        },
        "http_req_duration": {
            "avg": 0.09928782373920582,
            "min": 0.006,
            "med": 0.059,
            "max": 29.431,
            "p(90)": 0.107,
            "p(95)": 0.148
        },
        "http_req_sending": {
            "max": 2.392,
            "p(90)": 0.013,
            "p(95)": 0.019,
            "avg": 0.016303689877004146,
            "min": 0,
            "med": 0.01
        }
    }
}