{
    "root_group": {
        "checks": {
            "seed status is 200": {
                "name": "seed status is 200",
                "path": "::seed status is 200",
                "id": "2ac229dc72417ad76e9d2b75969e5805",
                "passes": 5000,
                "fails": 0
            }
        },
        "name": "",
        "path": "",
        "id": "d41d8cd98f00b204e9800998ecf8427e",
        "groups": {}
    },
    "metrics": {
        "http_req_duration{expected_response:true}": {
            "p(90)": 0.365,
            "p(95)": 0.42,
            "avg": 0.20490299999999997,
            "min": 0.04,
            "med": 0.172,
            "max": 1.449
        },
        "iterations": {
            "count": 5000,
            "rate": 25296.602666261922
        },
        "http_req_sending": {
            "max": 1.045,
            "p(90)": 0.047,
            "p(95)": 0.076,
            "avg": 0.02237600000000024,
            "min": 0.003,
            "med": 0.011
        },
        "http_req_duration": {
            "med": 0.172,
            "max": 1.449,
            "p(90)": 0.365,
            "p(95)": 0.42,
            "avg": 0.20490299999999997,
            "min": 0.04
        },
        "http_req_blocked": {
            "avg": 0.14581380000000013,
            "min": 0.04,
            "med": 0.118,
            "max": 1.127,
            "p(90)": 0.2781000000000001,
            "p(95)": 0.36604999999999976
        },
        "http_req_receiving": {
            "p(95)": 0.105,
            "avg": 0.0316986000000002,
            "min": 0.004,
            "med": 0.017,
            "max": 1.154,
            "p(90)": 0.067
        },
        "http_reqs": {
            "count": 5000,
            "rate": 25296.602666261922
        },
        "iteration_duration": {
            "avg": 0.3903709178000011,
            "min": 0.111417,
            "med": 0.3350835,
            "max": 2.008875,
            "p(90)": 0.6884294999999999,
            "p(95)": 0.7867173
        },
        "http_req_waiting": {
            "med": 0.127,
            "max": 0.807,
            "p(90)": 0.2781000000000001,
            "p(95)": 0.35204999999999975,
            "avg": 0.15082840000000022,
            "min": 0.023
        },
        "data_sent": {
            "count": 1004396,
            "rate": 5081561.306316562
        },
        "checks": {
            "passes": 5000,
            "fails": 0,
            "value": 1
        },
        "http_req_tls_handshaking": {
            "p(90)": 0,
            "p(95)": 0,
            "avg": 0,
            "min": 0,
            "med": 0,
            "max": 0
        },
        "http_req_failed": {
            "passes": 0,
            "fails": 5000,
            "thresholds": {
                "rate==0": false
            },
            "value": 0
        },
        "http_req_connecting": {
            "p(95)": 0.349,
            "avg": 0.12805780000000028,
            "min": 0.032,
            "med": 0.103,
            "max": 1.107,
            "p(90)": 0.2371000000000001
        },
        "data_received": {
            "count": 755000,
            "rate": 3819787.00260555
        }
    }
}