{
    "metrics": {
        "data_sent": {
            "count": 9181970,
            "rate": 918110.6057919951
        },
        "http_req_blocked": {
            "avg": 0.5018152599999877,
            "min": 0.043,
            "med": 0.085,
            "max": 65.032,
            "p(90)": 0.275,
            "p(95)": 0.66
        },
        "iteration_duration": {
            "avg": 1.694840501020013,
            "min": 0.153292,
            "med": 0.730291,
            "max": 69.109958,
            "p(90)": 2.6075913,
            "p(95)": 5.556035449999999
        },
        "vus": {
            "value": 3,
            "min": 3,
            "max": 10
        },
        "http_req_receiving": {
            "min": 0,
            "med": 0.013,
            "max": 28.968,
            "p(90)": 0.073,
            "p(95)": 0.16304999999999778,
            "avg": 0.048972520000001796
        },
        "vus_max": {
            "value": 1000,
            "min": 1000,
            "max": 1000
        },
        "http_req_duration": {
            "avg": 1.1275665799999968,
            "min": 0,
            "med": 0.596,
            "max": 56.759,
            "p(90)": 1.9011000000000011,
            "p(95)": 4.147
        },
        "http_reqs": {
            "rate": 4999.529544269884,
            "count": 50000
        },
        "success_duration": {
            "avg": 1.1194701096352937,
            "min": 0.544,
            "med": 0.596,
            "max": 56.759,
            "p(90)": 1.818,
            "p(95)": 3.954899999999998
        },
        "http_req_tls_handshaking": {
            "p(95)": 0,
            "avg": 0,
            "min": 0,
            "med": 0,
            "max": 0,
            "p(90)": 0
        },
        "http_req_connecting": {
            "min": 0.034,
            "med": 0.068,
            "max": 63.608,
            "p(90)": 0.212,
            "p(95)": 0.531,
            "avg": 0.466182699999992
        },
        "status_503": {
            "count": 437,
            "rate": 43.69588821691879
        },
        "http_req_sending": {
            "max": 4.798,
            "p(90)": 0.069,
            "p(95)": 0.135,
            "avg": 0.045255099999994455,
            "min": 0,
            "med": 0.012
        },
        "http_req_waiting": {
            "med": 0.558,
            "max": 53.024,
            "p(90)": 1.6831000000000012,
            "p(95)": 3.741099999999996,
            "avg": 1.033338959999989,
            "min": 0
        },
        "iterations": {
            "count": 50000,
            "rate": 4999.529544269884
        },
        "http_req_duration{expected_response:true}": {
            "min": 0.544,
            "med": 0.596,
            "max": 56.759,
            "p(90)": 1.818,
            "p(95)": 3.954899999999998,
            "avg": 1.1194701096352937
        },
        "http_req_failed": {
            "passes": 837,
            "fails": 49163,
            "value": 0.01674
        },
        "checks": {
            "passes": 49600,
            "fails": 400,
            "value": 0.992
        },
        "data_received": {
            "count": 8370393,
            "rate": 836960.5420129966
        }
    },
    "root_group": {
        "groups": {},
        "checks": {
                "status is 200 or 503": {
                    "passes": 49600,
                    "fails": 400,
                    "name": "status is 200 or 503",
                    "path": "::status is 200 or 503",
                    "id": "9158419957bbc07d723ad901a3da8b58"
                }
            },
        "name": "",
        "path": "",
        "id": "d41d8cd98f00b204e9800998ecf8427e"
    }
}