{
    "root_group": {
        "name": "",
        "path": "",
        "id": "d41d8cd98f00b204e9800998ecf8427e",
        "groups": {},
        "checks": {
                "seed status is 200": {
                    "path": "::seed status is 200",
                    "id": "2ac229dc72417ad76e9d2b75969e5805",
                    "passes": 5000,
                    "fails": 0,
                    "name": "seed status is 200"
                }
            }
    },
    "metrics": {
        "data_sent": {
            "count": 1007780,
            "rate": 521687.0943812699
        },
        "iterations": {
            "rate": 2588.2985095024205,
            "count": 5000
        },
        "vus_max": {
            "max": 2,
            "value": 2,
            "min": 2
        },
        "http_req_failed": {
            "passes": 0,
            "fails": 5000,
            "thresholds": {
                "rate==0": false
            },
            "value": 0
        },
        "http_req_sending": {
            "avg": 0.00893860000000019,
            "min": 0.002,
            "med": 0.007,
            "max": 0.379,
            "p(90)": 0.011,
            "p(95)": 0.013
        },
        "http_req_receiving": {
            "p(90)": 0.015,
            "p(95)": 0.017,
            "avg": 0.01152420000000022,
            "min": 0.005,
            "med": 0.01,
            "max": 0.247
        },
        "checks": {
            "passes": 5000,
            "fails": 0,
            "value": 1
        },
        "http_req_duration": {
            "p(90)": 0.64,
            "p(95)": 0.664,
            "avg": 0.6172624000000011,
            "min": 0.55,
            "med": 0.603,
            "max": 23.462
        },
        "vus": {
            "value": 2,
            "min": 2,
            "max": 2
        },
        "http_req_connecting": {
            "avg": 0.11892940000000017,
            "min": 0.04,
            "med": 0.104,
            "max": 23.044,
            "p(90)": 0.146,
            "p(95)": 0.159
        },
        "iteration_duration": {
            "p(95)": 0.84854315,
            "avg": 0.7702089999999981,
            "min": 0.620709,
            "med": 0.739792,
            "max": 23.7295,
            "p(90)": 0.8090039
        },
        "http_req_duration{expected_response:true}": {
            "min": 0.55,
            "med": 0.603,
            "max": 23.462,
            "p(90)": 0.64,
            "p(95)": 0.664,
            "avg": 0.6172624000000011
        },
        "http_req_blocked": {
            "p(95)": 0.173,
            "avg": 0.1298918000000012,
            "min": 0.05,
            "med": 0.114,
            "max": 23.055,
            "p(90)": 0.158
        },
        "http_req_tls_handshaking": {
            "med": 0,
            "max": 0,
            "p(90)": 0,
            "p(95)": 0,
            "avg": 0,
            "min": 0
        },
        "http_reqs": {
            "count": 5000,
            "rate": 2588.2985095024205
        },
        "http_req_waiting": {
            "avg": 0.5967996000000003,
            "min": 0.533,
            "med": 0.585,
            "max": 23.414,
            "p(90)": 0.6171000000000001,
            "p(95)": 0.638
        },
        "data_received": {
            "count": 755000,
            "rate": 390833.07493486546
        }
    }
}