{
    "root_group": {
        "name": "",
        "path": "",
        "id": "d41d8cd98f00b204e9800998ecf8427e",
        "groups": {},
        "checks": {
                "status is 200 or 503": {
                    "id": "9158419957bbc07d723ad901a3da8b58",
                    "passes": 49733,
                    "fails": 268,
                    "name": "status is 200 or 503",
                    "path": "::status is 200 or 503"
                }
            }
    },
    "metrics": {
        "http_req_waiting": {
            "p(95)": 0.333,
            "avg": 0.15287600247996966,
            "min": 0,
            "med": 0.032,
            "max": 36.043,
            "p(90)": 0.059
        },
        "data_sent": {
            "count": 9114966,
            "rate": 911419.4939108152
        },
        "status_503": {
            "count": 812,
            "rate": 81.19313106111224
        },
        "iteration_duration": {
            "min": 0.102292,
            "med": 0.146292,
            "max": 62.292875,
            "p(90)": 0.350042,
            "p(95)": 1.450583,
            "avg": 0.6693474614107716
        },
        "http_reqs": {
            "count": 50001,
            "rate": 4999.677027323489
        },
        "http_req_blocked": {
            "avg": 0.39344623107541055,
            "min": 0.042,
            "med": 0.059,
            "max": 62.007,
            "p(90)": 0.102,
            "p(95)": 0.311
        },
        "http_req_duration{expected_response:true}": {
            "p(95)": 0.395,
            "avg": 0.1999808466711668,
            "min": 0.035,
            "med": 0.055,
            "max": 36.134,
            "p(90)": 0.093
        },
        "http_req_failed": {
            "passes": 1080,
            "fails": 48921,
            "value": 0.021599568008639828
        },
        "http_req_sending": {
            "max": 16.17,
            "p(90)": 0.017,
            "p(95)": 0.037,
            "avg": 0.03395200095997868,
            "min": 0,
            "med": 0.01
        },
        "checks": {
            "passes": 49733,
            "fails": 268,
            "value": 0.994640107197856
        },
        "vus_max": {
            "value": 1000,
            "min": 1000,
            "max": 1000
        },
        "http_req_duration": {
            "p(95)": 0.482,
            "avg": 0.21432665346694577,
            "min": 0,
            "med": 0.055,
            "max": 36.134,
            "p(90)": 0.101
        },
        "http_req_connecting": {
            "avg": 0.3549405611887826,
            "min": 0.031,
            "med": 0.047,
            "max": 61.997,
            "p(90)": 0.08,
            "p(95)": 0.221
        },
        "http_req_tls_handshaking": {
            "avg": 0,
            "min": 0,
            "med": 0,
            "max": 0,
            "p(90)": 0,
            "p(95)": 0
        },
        "data_received": {
            "count": 8370839,
            "rate": 837013.0886926966
        },
        "iterations": {
            "count": 50001,
            "rate": 4999.677027323489
        },
        "success_duration": {
            "avg": 0.1999808466711668,
            "min": 0.035,
            "med": 0.055,
            "max": 36.134,
            "p(90)": 0.093,
            "p(95)": 0.395
        },
        "http_req_receiving": {
            "avg": 0.027498650027004263,
            "min": 0,
            "med": 0.01,
            "max": 16.162,
            "p(90)": 0.024,
            "p(95)": 0.049
        },
        "vus": {
            "value": 1,
            "min": 1,
            "max": 2
        }
    }
}