{
    "root_group": {
        "name": "",
        "path": "",
        "id": "d41d8cd98f00b204e9800998ecf8427e",
        "groups": {},
        "checks": {
                "status is 200 or 503": {
                    "fails": 58,
                    "name": "status is 200 or 503",
                    "path": "::status is 200 or 503",
                    "id": "9158419957bbc07d723ad901a3da8b58",
                    "passes": 29942
                }
            }
    },
    "metrics": {
        "http_req_blocked": {
            "p(90)": 0.115,
            "p(95)": 0.159,
            "avg": 0.14764943333333255,
            "min": 0.042,
            "med": 0.063,
            "max": 30.222
        },
        "http_req_connecting": {
            "min": 0.032,
            "med": 0.051,
            "max": 30.006,
            "p(90)": 0.102,
            "p(95)": 0.135,
            "avg": 0.13248029999999217
        },
        "vus": {
            "value": 1,
            "min": 0,
            "max": 1
        },
        "http_req_waiting": {
            "avg": 0.07549563333333145,
            "min": 0,
            "med": 0.034,
            "max": 20.486,
            "p(90)": 0.078,
            "p(95)": 0.138
        },
        "success_duration": {
            "avg": 0.10898062678062426,
            "min": 0.035,
            "med": 0.059,
            "max": 20.633,
            "p(90)": 0.104,
            "p(95)": 0.17729999999999865
        },
        "http_reqs": {
            "count": 30000,
            "rate": 2999.7795162055586
        },
        "status_503": {
            "count": 107,
            "rate": 10.699213607799827
        },
        "iteration_duration": {
            "med": 0.157416,
            "max": 30.49625,
            "p(90)": 0.259542,
            "p(95)": 0.522292,
            "avg": 0.29687995139999845,
            "min": 0.107459
        },
        "checks": {
            "passes": 29942,
            "fails": 58,
            "value": 0.9980666666666667
        },
        "iterations": {
            "rate": 2999.7795162055586,
            "count": 30000
        },
        "vus_max": {
            "value": 1000,
            "min": 1000,
            "max": 1000
        },
        "http_req_tls_handshaking": {
            "avg": 0,
            "min": 0,
            "med": 0,
            "max": 0,
            "p(90)": 0,
            "p(95)": 0
        },
        "http_req_receiving": {
            "avg": 0.018114233333333188,
            "min": 0.004,
            "med": 0.011,
            "max": 1.951,
            "p(90)": 0.022,
            "p(95)": 0.036
        },
        "data_sent": {
            "count": 5410756,
            "rate": 541035.8338662108
        },
        "data_received": {
            "count": 5163682,
            "rate": 516330.24972664507
        },
        "http_req_sending": {
            "min": 0,
            "med": 0.01,
            "max": 1.158,
            "p(90)": 0.015,
            "p(95)": 0.02704999999999867,
            "avg": 0.016843000000000212
        },
        "http_req_duration": {
            "avg": 0.11045286666666414,
            "min": 0.006,
            "med": 0.059,
            "max": 20.633,
            "p(90)": 0.106,
            "p(95)": 0.198
        },
        "http_req_failed": {
            "passes": 165,
            "fails": 29835,
            "value": 0.0055
        },
        "http_req_duration{expected_response:true}": {
            "avg": 0.10898062678062426,
            "min": 0.035,
            "med": 0.059,
            "max": 20.633,
            "p(90)": 0.104,
            "p(95)": 0.17729999999999865
        }
    }
}