{
    "root_group": {
        "id": "d41d8cd98f00b204e9800998ecf8427e",
        "groups": {},
        "checks": {
                "seed status is 200": {
                    "name": "seed status is 200",
                    "path": "::seed status is 200",
                    "id": "2ac229dc72417ad76e9d2b75969e5805",
                    "passes": 5000,
                    "fails": 0
                }
            },
        "name": "",
        "path": ""
    },
    "metrics": {
        "http_reqs": {
            "count": 5000,
            "rate": 11170.513419137771
        },
        "http_req_duration{expected_response:true}": {
            "avg": 0.07846959999999996,
            "min": 0.035,
            "med": 0.058,
            "max": 15.36,
            "p(90)": 0.109,
            "p(95)": 0.148
        },
        "http_req_sending": {
            "p(95)": 0.024,
            "avg": 0.00994360000000023,
            "min": 0.003,
            "med": 0.006,
            "max": 0.369,
            "p(90)": 0.014
        },
        "data_received": {
            "count": 755000,
            "rate": 1686747.5262898034
        },
        "http_req_receiving": {
            "med": 0.009,
            "max": 0.399,
            "p(90)": 0.024,
            "p(95)": 0.037,
            "avg": 0.01387460000000024,
            "min": 0.004
        },
        "checks": {
            "fails": 0,
            "passes": 5000,
            "value": 1
        },
        "iterations": {
            "count": 5000,
            "rate": 11170.513419137771
        },
        "data_sent": {
            "rate": 2251484.0027077324,
            "count": 1007780
        },
        "http_req_connecting": {
            "p(95)": 0.107,
            "avg": 0.05962420000000003,
            "min": 0.03,
            "med": 0.05,
            "max": 0.707,
            "p(90)": 0.087
        },
        "iteration_duration": {
            "p(90)": 0.2449705,
            "p(95)": 0.3330270999999999,
            "avg": 0.17654236080000013,
            "min": 0.096958,
            "med": 0.1441875,
            "max": 15.4905
        },
        "http_req_blocked": {
            "avg": 0.07226919999999985,
            "min": 0.037,
            "med": 0.06,
            "max": 0.812,
            "p(90)": 0.103,
            "p(95)": 0.13404999999999978
        },
        "http_req_waiting": {
            "p(95)": 0.096,
            "avg": 0.05465139999999988,
            "min": 0.021,
            "med": 0.04,
            "max": 15.337,
            "p(90)": 0.074
        },
        "http_req_failed": {
            "passes": 0,
            "fails": 5000,
            "thresholds": {
                "rate==0": false
            },
            "value": 0
        },
        "http_req_duration": {
            "p(90)": 0.109,
            "p(95)": 0.148,
            "avg": 0.07846959999999996,
            "min": 0.035,
            "med": 0.058,
            "max": 15.36
        },
        "http_req_tls_handshaking": {
            "avg": 0,
            "min": 0,
            "med": 0,
            "max": 0,
            "p(90)": 0,
            "p(95)": 0
        }
    }
}