{
    "metrics": {
        "http_req_tls_handshaking": {
            "med": 0,
            "max": 0,
            "p(90)": 0,
            "p(95)": 0,
            "avg": 0,
            "min": 0
        },
        "checks": {
            "passes": 49761,
            "fails": 239,
            "value": 0.99522
        },
        "vus_max": {
            "value": 1000,
            "min": 1000,
            "max": 1000
        },
        "http_req_blocked": {
            "p(90)": 0.144,
            "p(95)": 0.44,
            "avg": 0.3328726000000159,
            "min": 0.045,
            "med": 0.062,
            "max": 74.818
        },
        "data_received": {
            "count": 8370558,
            "rate": 836997.8797467215
        },
        "http_reqs": {
            "count": 50000,
            "rate": 4999.654023941543
        },
        "http_req_duration{expected_response:true}": {
            "p(95)": 0.6770999999999979,
            "avg": 0.26794003983656606,
            "min": 0.035,
            "med": 0.058,
            "max": 111.58,
            "p(90)": 0.152
        },
        "http_req_waiting": {
            "max": 99.668,
            "p(90)": 0.093,
            "p(95)": 0.5630499999999977,
            "avg": 0.20539602000003213,
            "min": 0,
            "med": 0.033
        },
        "iteration_duration": {
            "avg": 0.6959079539399983,
            "min": 0.107958,
            "med": 0.155959,
            "max": 112.234375,
            "p(90)": 0.5840461,
            "p(95)": 1.98112915
        },
        "http_req_connecting": {
            "min": 0.033,
            "med": 0.05,
            "max": 74.804,
            "p(90)": 0.105,
            "p(95)": 0.3180499999999978,
            "avg": 0.2896345800000157
        },
        "vus": {
            "value": 1,
            "min": 0,
            "max": 2
        },
        "status_503": {
            "count": 1062,
            "rate": 106.19265146851836
        },
        "success_duration": {
            "avg": 0.26794003983656606,
            "min": 0.035,
            "med": 0.058,
            "max": 111.58,
            "p(90)": 0.152,
            "p(95)": 0.6770999999999979
        },
        "iterations": {
            "count": 50000,
            "rate": 4999.654023941543
        },
        "http_req_sending": {
            "avg": 0.03620251999999561,
            "min": 0,
            "med": 0.01,
            "max": 19.502,
            "p(90)": 0.023,
            "p(95)": 0.052
        },
        "data_sent": {
            "count": 9072487,
            "rate": 907185.9227341467
        },
        "http_req_duration": {
            "avg": 0.27488952000001954,
            "min": 0,
            "med": 0.057,
            "max": 111.58,
            "p(90)": 0.172,
            "p(95)": 0.7870499999999978
        },
        "http_req_receiving": {
            "med": 0.011,
            "max": 17.64,
            "p(90)": 0.034,
            "p(95)": 0.067,
            "avg": 0.03329098000000209,
            "min": 0
        },
        "http_req_failed": {
            "passes": 1301,
            "fails": 48699,
            "value": 0.02602
        }
    },
    "root_group": {
        "id": "d41d8cd98f00b204e9800998ecf8427e",
        "groups": {},
        "checks": {
                "status is 200 or 503": {
                    "name": "status is 200 or 503",
                    "path": "::status is 200 or 503",
                    "id": "9158419957bbc07d723ad901a3da8b58",
                    "passes": 49761,
                    "fails": 239
                }
            },
        "name": "",
        "path": ""
    }
}