{
    "metrics": {
        "iteration_duration": {
            "p(95)": 0.414542,
            "avg": 0.2864670112996236,
            "min": 0.109667,
            "med": 0.153459,
            "max": 27.463333,
            "p(90)": 0.248416
        },
        "iterations": {
            "count": 30001,
            "rate": 2999.8285155193457
        },
        "vus": {
            "value": 0,
            "min": 0,
            "max": 1
        },
        "http_req_blocked": {
            "max": 26.046,
            "p(90)": 0.112,
            "p(95)": 0.148,
            "avg": 0.1420705976467453,
            "min": 0.044,
            "med": 0.062
        },
        "data_received": {
            "rate": 516260.9783814565,
            "count": 5163077
        },
        "checks": {
            "passes": 29920,
            "fails": 81,
            "value": 0.9973000899970001
        },
        "data_sent": {
            "count": 5412834,
            "rate": 541234.4182851452
        },
        "http_req_failed": {
            "passes": 162,
            "fails": 29839,
            "value": 0.0053998200059998
        },
        "http_req_waiting": {
            "avg": 0.07208089730342178,
            "min": 0,
            "med": 0.034,
            "max": 21.494,
            "p(90)": 0.075,
            "p(95)": 0.126
        },
        "status_503": {
            "count": 81,
            "rate": 8.099267016335022
        },
        "http_req_receiving": {
            "avg": 0.018556114796173185,
            "min": 0,
            "med": 0.01,
            "max": 23.282,
            "p(90)": 0.021,
            "p(95)": 0.035
        },
        "success_duration": {
            "p(95)": 0.158,
            "avg": 0.10506994202218266,
            "min": 0.035,
            "med": 0.058,
            "max": 23.338,
            "p(90)": 0.098
        },
        "http_req_connecting": {
            "avg": 0.12766997766740604,
            "min": 0.034,
            "med": 0.05,
            "max": 26.032,
            "p(90)": 0.099,
            "p(95)": 0.124
        },
        "http_req_sending": {
            "p(90)": 0.014,
            "p(95)": 0.024,
            "avg": 0.016473884203859406,
            "min": 0,
            "med": 0.01,
            "max": 1.043
        },
        "vus_max": {
            "value": 1000,
            "min": 1000,
            "max": 1000
        },
        "http_req_duration{expected_response:true}": {
            "max": 23.338,
            "p(90)": 0.098,
            "p(95)": 0.158,
            "avg": 0.10506994202218266,
            "min": 0.035,
            "med": 0.058
        },
        "http_req_duration": {
            "p(90)": 0.1,
            "p(95)": 0.171,
            "avg": 0.10711089630345359,
            "min": 0,
            "med": 0.058,
            "max": 23.338
        },
        "http_req_tls_handshaking": {
            "p(95)": 0,
            "avg": 0,
            "min": 0,
            "med": 0,
            "max": 0,
            "p(90)": 0
        },
        "http_reqs": {
            "count": 30001,
            "rate": 2999.8285155193457
        }
    },
    "root_group": {
        "name": "",
        "path": "",
        "id": "d41d8cd98f00b204e9800998ecf8427e",
        "groups": {},
        "checks": {
                "status is 200 or 503": {
                    "name": "status is 200 or 503",
                    "path": "::status is 200 or 503",
                    "id": "9158419957bbc07d723ad901a3da8b58",
                    "passes": 29920,
                    "fails": 81
                }
            }
    }
}