{
    "root_group": {
        "name": "",
        "path": "",
        "id": "d41d8cd98f00b204e9800998ecf8427e",
        "groups": {},
        "checks": {
                "seed status is 200": {
                    "passes": 5000,
                    "fails": 0,
                    "name": "seed status is 200",
                    "path": "::seed status is 200",
                    "id": "2ac229dc72417ad76e9d2b75969e5805"
                }
            }
    },
    "metrics": {
        "http_req_receiving": {
            "p(90)": 0.018,
            "p(95)": 0.027,
            "avg": 0.011843800000000225,
            "min": 0.004,
            "med": 0.009,
            "max": 0.28
        },
        "http_reqs": {
            "count": 5000,
            "rate": 12324.68140698563
        },
        "http_req_blocked": {
            "min": 0.038,
            "med": 0.058,
            "max": 16.901,
            "p(90)": 0.093,
            "p(95)": 0.10904999999999977,
            "avg": 0.07000640000000019
        },
        "http_req_sending": {
            "p(90)": 0.011,
            "p(95)": 0.018,
            "avg": 0.008652800000000172,
            "min": 0.002,
            "med": 0.006,
            "max": 0.284
        },
        "iterations": {
            "count": 5000,
            "rate": 12324.68140698563
        },
        "http_req_failed": {
            "passes": 0,
            "fails": 5000,
            "thresholds": {
                "rate==0": false
            },
            "value": 0
        },
        "http_req_duration": {
            "avg": 0.06734680000000012,
            "min": 0.032,
            "med": 0.056,
            "max": 16.901,
            "p(90)": 0.08610000000000011,
            "p(95)": 0.109
        },
        "http_req_tls_handshaking": {
            "max": 0,
            "p(90)": 0,
            "p(95)": 0,
            "avg": 0,
            "min": 0,
            "med": 0
        },
        "checks": {
            "passes": 5000,
            "fails": 0,
            "value": 1
        },
        "data_sent": {
            "rate": 2484113.4856663956,
            "count": 1007780
        },
        "http_req_connecting": {
            "avg": 0.059149999999999966,
            "min": 0.031,
            "med": 0.048,
            "max": 16.886,
            "p(90)": 0.081,
            "p(95)": 0.09204999999999977
        },
        "http_req_waiting": {
            "avg": 0.04685019999999981,
            "min": 0.02,
            "med": 0.038,
            "max": 16.848,
            "p(90)": 0.063,
            "p(95)": 0.07404999999999977
        },
        "iteration_duration": {
            "avg": 0.16002586319999967,
            "min": 0.09525,
            "med": 0.136375,
            "max": 17.044458,
            "p(90)": 0.195708,
            "p(95)": 0.25347529999999974
        },
        "http_req_duration{expected_response:true}": {
            "p(90)": 0.08610000000000011,
            "p(95)": 0.109,
            "avg": 0.06734680000000012,
            "min": 0.032,
            "med": 0.056,
            "max": 16.901
        },
        "data_received": {
            "count": 755000,
            "rate": 1861026.89245483
        }
    }
}