{
    "root_group": {
        "name": "",
        "path": "",
        "id": "d41d8cd98f00b204e9800998ecf8427e",
        "groups": {},
        "checks": {
                "status is 200 or 503": {
                    "name": "status is 200 or 503",
                    "path": "::status is 200 or 503",
                    "id": "9158419957bbc07d723ad901a3da8b58",
                    "passes": 30001,
                    "fails": 0
                }
            }
    },
    "metrics": {
        "data_sent": {
            "count": 5422409,
            "rate": 542189.6088630016
        },
        "iterations": {
            "rate": 2999.816217385835,
            "count": 30001
        },
        "http_req_tls_handshaking": {
            "med": 0,
            "max": 0,
            "p(90)": 0,
            "p(95)": 0,
            "avg": 0,
            "min": 0
        },
        "vus": {
            "min": 2,
            "max": 2,
            "value": 2
        },
        "http_req_duration": {
            "avg": 0.7311766274457779,
            "min": 0.007,
            "med": 0.562,
            "max": 34.968,
            "p(90)": 0.62,
            "p(95)": 1.1
        },
        "http_req_receiving": {
            "med": 0.012,
            "max": 2.264,
            "p(90)": 0.035,
            "p(95)": 0.056,
            "avg": 0.026627612412919468,
            "min": 0.004
        },
        "vus_max": {
            "value": 1000,
            "min": 1000,
            "max": 1000
        },
        "http_req_duration{expected_response:true}": {
            "avg": 0.7313876700453718,
            "min": 0.538,
            "med": 0.562,
            "max": 34.968,
            "p(90)": 0.62,
            "p(95)": 1.1008999999999973
        },
        "iteration_duration": {
            "p(90)": 0.783959,
            "p(95)": 1.424542,
            "avg": 0.9127538398720063,
            "min": 0.25,
            "med": 0.655958,
            "max": 42.933584
        },
        "status_503": {
            "count": 9,
            "rate": 0.8999148680534821
        },
        "http_req_sending": {
            "p(90)": 0.017,
            "p(95)": 0.038,
            "avg": 0.019063864537847967,
            "min": 0,
            "med": 0.01,
            "max": 6.833
        },
        "success_duration": {
            "max": 34.968,
            "p(90)": 0.62,
            "p(95)": 1.1008999999999973,
            "avg": 0.7313876700453718,
            "min": 0.538,
            "med": 0.562
        },
        "http_reqs": {
            "count": 30001,
            "rate": 2999.816217385835
        },
        "http_req_waiting": {
            "avg": 0.6854851504949684,
            "min": 0,
            "med": 0.537,
            "max": 34.881,
            "p(90)": 0.573,
            "p(95)": 0.946
        },
        "http_req_connecting": {
            "p(90)": 0.087,
            "p(95)": 0.13,
            "avg": 0.12011202959900577,
            "min": 0.033,
            "med": 0.048,
            "max": 35.295
        },
        "checks": {
            "passes": 30001,
            "fails": 0,
            "value": 1
        },
        "http_req_failed": {
            "passes": 9,
            "fails": 29992,
            "value": 0.0002999900003333222
        },
        "data_received": {
            "count": 5170274,
            "rate": 516978.4938344832
        },
        "http_req_blocked": {
            "p(90)": 0.106,
            "p(95)": 0.167,
            "avg": 0.13867767741075196,
            "min": 0.044,
            "med": 0.06,
            "max": 35.306
        }
    }
}