{
    "root_group": {
        "name": "",
        "path": "",
        "id": "d41d8cd98f00b204e9800998ecf8427e",
        "groups": {},
        "checks": {
                "seed status is 200": {
                    "passes": 5000,
                    "fails": 0,
                    "name": "seed status is 200",
                    "path": "::seed status is 200",
                    "id": "2ac229dc72417ad76e9d2b75969e5805"
                }
            }
    },
    "metrics": {
        "http_req_tls_handshaking": {
            "avg": 0,
            "min": 0,
            "med": 0,
            "max": 0,
            "p(90)": 0,
            "p(95)": 0
        },
        "checks": {
            "passes": 5000,
            "fails": 0,
            "value": 1
        },
        "vus": {
            "value": 2,
            "min": 2,
            "max": 2
        },
        "http_req_waiting": {
            "p(95)": 0.636,
            "avg": 0.6094302000000026,
            "min": 0.523,
            "med": 0.582,
            "max": 39.235,
            "p(90)": 0.619
        },
        "data_received": {
            "count": 755000,
            "rate": 392471.0026308553
        },
        "http_req_connecting": {
            "max": 0.453,
            "p(90)": 0.144,
            "p(95)": 0.159,
            "avg": 0.10473920000000032,
            "min": 0.035,
            "med": 0.1
        },
        "data_sent": {
            "count": 1007780,
            "rate": 523873.41328652104
        },
        "iteration_duration": {
            "p(95)": 0.84413335,
            "avg": 0.7672762131999983,
            "min": 0.601584,
            "med": 0.7334164999999999,
            "max": 39.431416,
            "p(90)": 0.8099622
        },
        "http_req_sending": {
            "min": 0.003,
            "med": 0.006,
            "max": 0.309,
            "p(90)": 0.011,
            "p(95)": 0.014,
            "avg": 0.008372800000000126
        },
        "http_reqs": {
            "count": 5000,
            "rate": 2599.1457127871213
        },
        "http_req_duration": {
            "p(95)": 0.662,
            "avg": 0.6292395999999996,
            "min": 0.535,
            "med": 0.6,
            "max": 39.297,
            "p(90)": 0.641
        },
        "vus_max": {
            "value": 2,
            "min": 2,
            "max": 2
        },
        "http_req_receiving": {
            "p(90)": 0.015,
            "p(95)": 0.01704999999999978,
            "avg": 0.011436600000000295,
            "min": 0.004,
            "med": 0.009,
            "max": 0.503
        },
        "http_req_failed": {
            "passes": 0,
            "fails": 5000,
            "thresholds": {
                "rate==0": false
            },
            "value": 0
        },
        "iterations": {
            "count": 5000,
            "rate": 2599.1457127871213
        },
        "http_req_duration{expected_response:true}": {
            "p(95)": 0.662,
            "avg": 0.6292395999999996,
            "min": 0.535,
            "med": 0.6,
            "max": 39.297,
            "p(90)": 0.641
        },
        "http_req_blocked": {
            "med": 0.11,
            "max": 0.539,
            "p(90)": 0.155,
            "p(95)": 0.172,
            "avg": 0.11523300000000002,
            "min": 0.043
        }
    }
}