{
    "root_group": {
        "name": "",
        "path": "",
        "id": "d41d8cd98f00b204e9800998ecf8427e",
        "groups": {},
        "checks": {
                "status is 200 or 503": {
                    "path": "::status is 200 or 503",
                    "id": "9158419957bbc07d723ad901a3da8b58",
                    "passes": 49669,
                    "fails": 332,
                    "name": "status is 200 or 503"
                }
            }
    },
    "metrics": {
        "http_req_sending": {
            "med": 0.01,
            "max": 10.666,
            "p(90)": 0.022,
            "p(95)": 0.068,
            "avg": 0.040170376592468214,
            "min": 0
        },
        "checks": {
            "passes": 49669,
            "fails": 332,
            "value": 0.993360132797344
        },
        "iterations": {
            "count": 50001,
            "rate": 4999.723020884225
        },
        "http_req_blocked": {
            "max": 124.037,
            "p(90)": 0.13,
            "p(95)": 0.444,
            "avg": 0.7274313913721706,
            "min": 0.041,
            "med": 0.059
        },
        "success_duration": {
            "med": 0.155,
            "max": 101.032,
            "p(90)": 0.258,
            "p(95)": 1.0314499999999978,
            "avg": 0.5632268989660812,
            "min": 0.137
        },
        "http_reqs": {
            "count": 50001,
            "rate": 4999.723020884225
        },
        "http_req_duration{expected_response:true}": {
            "max": 101.032,
            "p(90)": 0.258,
            "p(95)": 1.0314499999999978,
            "avg": 0.5632268989660812,
            "min": 0.137,
            "med": 0.155
        },
        "vus": {
            "value": 1,
            "min": 1,
            "max": 62
        },
        "http_req_waiting": {
            "max": 100.65,
            "p(90)": 0.215,
            "p(95)": 1.034,
            "avg": 0.5546433471331453,
            "min": 0,
            "med": 0.134
        },
        "http_req_failed": {
            "passes": 869,
            "fails": 49132,
            "value": 0.01737965240695186
        },
        "iteration_duration": {
            "p(90)": 0.633875,
            "p(95)": 2.963541,
            "avg": 1.4238204714705793,
            "min": 0.145208,
            "med": 0.24875,
            "max": 125.509833
        },
        "data_sent": {
            "count": 9163617,
            "rate": 916292.61153709
        },
        "http_req_connecting": {
            "max": 124.012,
            "p(90)": 0.097,
            "p(95)": 0.334,
            "avg": 0.6932301353973388,
            "min": 0.032,
            "med": 0.047
        },
        "http_req_receiving": {
            "med": 0.009,
            "max": 29.157,
            "p(90)": 0.031,
            "p(95)": 0.067,
            "avg": 0.04495088098239103,
            "min": 0
        },
        "data_received": {
            "count": 8375469,
            "rate": 837483.7537249691
        },
        "vus_max": {
            "value": 1000,
            "min": 1000,
            "max": 1000
        },
        "http_req_tls_handshaking": {
            "avg": 0,
            "min": 0,
            "med": 0,
            "max": 0,
            "p(90)": 0,
            "p(95)": 0
        },
        "status_503": {
            "count": 537,
            "rate": 53.69595132527007
        },
        "http_req_duration": {
            "med": 0.155,
            "max": 101.032,
            "p(90)": 0.296,
            "p(95)": 1.288,
            "avg": 0.6397646047079314,
            "min": 0
        }
    }
}