{
    "root_group": {
        "checks": {
            "seed status is 200": {
                "passes": 5000,
                "fails": 0,
                "name": "seed status is 200",
                "path": "::seed status is 200",
                "id": "2ac229dc72417ad76e9d2b75969e5805"
            }
        },
        "name": "",
        "path": "",
        "id": "d41d8cd98f00b204e9800998ecf8427e",
        "groups": {}
    },
    "metrics": {
        "http_req_waiting": {
            "p(90)": 0.162,
            "p(95)": 0.175,
            "avg": 0.1444823999999983,
            "min": 0.121,
            "med": 0.139,
            "max": 0.62
        },
        "checks": {
            "passes": 5000,
            "fails": 0,
            "value": 1
        },
        "data_received": {
            "rate": 1150719.923915313,
            "count": 755000
        },
        "http_req_failed": {
            "passes": 0,
            "fails": 5000,
            "thresholds": {
                "rate==0": false
            },
            "value": 0
        },
        "iteration_duration": {
            "avg": 0.2599839893999992,
            "min": 0.205083,
            "med": 0.2427705,
            "max": 1.002625,
            "p(90)": 0.3063422,
            "p(95)": 0.364417
        },
        "iterations": {
            "count": 5000,
            "rate": 7620.661747783531
        },
        "http_req_duration{expected_response:true}": {
            "avg": 0.16697379999999915,
            "min": 0.136,
            "med": 0.157,
            "max": 0.728,
            "p(90)": 0.189,
            "p(95)": 0.215
        },
        "http_req_sending": {
            "avg": 0.00959020000000017,
            "min": 0.003,
            "med": 0.007,
            "max": 0.28,
            "p(90)": 0.012,
            "p(95)": 0.017
        },
        "http_reqs": {
            "count": 5000,
            "rate": 7620.661747783531
        },
        "http_req_duration": {
            "max": 0.728,
            "p(90)": 0.189,
            "p(95)": 0.215,
            "avg": 0.16697379999999915,
            "min": 0.136,
            "med": 0.157
        },
        "http_req_blocked": {
            "avg": 0.0690078000000003,
            "min": 0.044,
            "med": 0.061,
            "max": 0.635,
            "p(90)": 0.091,
            "p(95)": 0.113
        },
        "http_req_connecting": {
            "avg": 0.056587400000000045,
            "min": 0.033,
            "med": 0.05,
            "max": 0.62,
            "p(90)": 0.077,
            "p(95)": 0.092
        },
        "data_sent": {
            "count": 1007780,
            "rate": 1535990.0992362574
        },
        "http_req_tls_handshaking": {
            "p(90)": 0,
            "p(95)": 0,
            "avg": 0,
            "min": 0,
            "med": 0,
            "max": 0
        },
        "http_req_receiving": {
            "avg": 0.012901200000000253,
            "min": 0.004,
            "med": 0.01,
            "max": 0.478,
            "p(90)": 0.017,
            "p(95)": 0.026
        }
    }
}