{
    "root_group": {
        "name": "",
        "path": "",
        "id": "d41d8cd98f00b204e9800998ecf8427e",
        "groups": {},
        "checks": {
                "status is 200 or 503": {
                    "path": "::status is 200 or 503",
                    "id": "9158419957bbc07d723ad901a3da8b58",
                    "passes": 49623,
                    "fails": 377,
                    "name": "status is 200 or 503"
                }
            }
    },
    "metrics": {
        "http_req_tls_handshaking": {
            "med": 0,
            "max": 0,
            "p(90)": 0,
            "p(95)": 0,
            "avg": 0,
            "min": 0
        },
        "vus": {
            "min": 0,
            "max": 2,
            "value": 0
        },
        "http_req_duration{expected_response:true}": {
            "min": 0.036,
            "med": 0.055,
            "max": 30.956,
            "p(90)": 0.096,
            "p(95)": 0.4074499999999978,
            "avg": 0.1750695349405385
        },
        "vus_max": {
            "value": 1000,
            "min": 1000,
            "max": 1000
        },
        "status_503": {
            "count": 511,
            "rate": 51.097225420659655
        },
        "success_duration": {
            "p(95)": 0.4074499999999978,
            "avg": 0.1750695349405385,
            "min": 0.036,
            "med": 0.055,
            "max": 30.956,
            "p(90)": 0.096
        },
        "iterations": {
            "rate": 4999.72851474165,
            "count": 50000
        },
        "http_req_waiting": {
            "avg": 0.13943598000001245,
            "min": 0,
            "med": 0.032,
            "max": 30.88,
            "p(90)": 0.063,
            "p(95)": 0.37204999999999777
        },
        "http_reqs": {
            "count": 50000,
            "rate": 4999.72851474165
        },
        "http_req_blocked": {
            "avg": 0.2961665200000306,
            "min": 0.042,
            "med": 0.058,
            "max": 79.277,
            "p(90)": 0.098,
            "p(95)": 0.247
        },
        "http_req_sending": {
            "med": 0.01,
            "max": 17.525,
            "p(90)": 0.017,
            "p(95)": 0.042,
            "avg": 0.024792139999999907,
            "min": 0
        },
        "data_received": {
            "count": 8343442,
            "rate": 834298.897569862
        },
        "http_req_duration": {
            "avg": 0.1974273199999998,
            "min": 0,
            "med": 0.055,
            "max": 30.956,
            "p(90)": 0.109,
            "p(95)": 0.539
        },
        "checks": {
            "passes": 49623,
            "fails": 377,
            "value": 0.99246
        },
        "data_sent": {
            "count": 9171229,
            "rate": 917073.1029305109
        },
        "http_req_receiving": {
            "p(95)": 0.059,
            "avg": 0.03319920000000678,
            "min": 0,
            "med": 0.011,
            "max": 18.571,
            "p(90)": 0.027
        },
        "http_req_failed": {
            "fails": 49112,
            "passes": 888,
            "value": 0.01776
        },
        "iteration_duration": {
            "p(95)": 1.1790934499999997,
            "avg": 0.542125497419995,
            "min": 0.109542,
            "med": 0.146083,
            "max": 96.023458,
            "p(90)": 0.3263381000000001
        },
        "http_req_connecting": {
            "avg": 0.2629626200000109,
            "min": 0.034,
            "med": 0.046,
            "max": 41.551,
            "p(90)": 0.077,
            "p(95)": 0.176
        }
    }
}