{
    "metrics": {
        "http_req_failed": {
            "passes": 0,
            "fails": 5000,
            "thresholds": {
                "rate==0": false
            },
            "value": 0
        },
        "http_req_connecting": {
            "p(90)": 0.278,
            "p(95)": 0.361,
            "avg": 0.16287160000000012,
            "min": 0.029,
            "med": 0.1,
            "max": 17.701
        },
        "http_req_receiving": {
            "avg": 0.04135460000000001,
            "min": 0.004,
            "med": 0.018,
            "max": 4.482,
            "p(90)": 0.078,
            "p(95)": 0.138
        },
        "iteration_duration": {
            "min": 0.133833,
            "med": 0.3571875,
            "max": 18.12575,
            "p(90)": 0.7968333000000001,
            "p(95)": 1.0222544999999996,
            "avg": 0.5201177314000014
        },
        "http_reqs": {
            "count": 5000,
            "rate": 19015.094181761484
        },
        "data_received": {
            "count": 755000,
            "rate": 2871279.2214459837
        },
        "http_req_blocked": {
            "avg": 0.18085600000000038,
            "min": 0.036,
            "med": 0.115,
            "max": 17.723,
            "p(90)": 0.307,
            "p(95)": 0.3840499999999998
        },
        "iterations": {
            "count": 5000,
            "rate": 19015.094181761484
        },
        "http_req_sending": {
            "min": 0.003,
            "med": 0.011,
            "max": 2.184,
            "p(90)": 0.05,
            "p(95)": 0.083,
            "avg": 0.02523240000000029
        },
        "http_req_duration{expected_response:true}": {
            "min": 0.048,
            "med": 0.198,
            "max": 17.748,
            "p(90)": 0.4671000000000001,
            "p(95)": 0.6320999999999996,
            "avg": 0.2942930000000003
        },
        "http_req_waiting": {
            "p(90)": 0.361,
            "p(95)": 0.475,
            "avg": 0.2277060000000009,
            "min": 0.031,
            "med": 0.152,
            "max": 17.669
        },
        "data_sent": {
            "count": 1004395,
            "rate": 3819733.104138065
        },
        "http_req_duration": {
            "med": 0.198,
            "max": 17.748,
            "p(90)": 0.4671000000000001,
            "p(95)": 0.6320999999999996,
            "avg": 0.2942930000000003,
            "min": 0.048
        },
        "checks": {
            "passes": 5000,
            "fails": 0,
            "value": 1
        },
        "http_req_tls_handshaking": {
            "min": 0,
            "med": 0,
            "max": 0,
            "p(90)": 0,
            "p(95)": 0,
            "avg": 0
        }
    },
    "root_group": {
        "checks": {
            "seed status is 200": {
                "name": "seed status is 200",
                "path": "::seed status is 200",
                "id": "2ac229dc72417ad76e9d2b75969e5805",
                "passes": 5000,
                "fails": 0
            }
        },
        "name": "",
        "path": "",
        "id": "d41d8cd98f00b204e9800998ecf8427e",
        "groups": {}
    }
}