{
    "root_group": {
        "name": "",
        "path": "",
        "id": "d41d8cd98f00b204e9800998ecf8427e",
        "groups": {},
        "checks": {
                "status is 200 or 503": {
                    "id": "9158419957bbc07d723ad901a3da8b58",
                    "passes": 49844,
                    "fails": 157,
                    "name": "status is 200 or 503",
                    "path": "::status is 200 or 503"
                }
            }
    },
    "metrics": {
        "http_req_receiving": {
            "max": 9.378,
            "p(90)": 0.072,
            "p(95)": 0.161,
            "avg": 0.047771144577109015,
            "min": 0,
            "med": 0.013
        },
        "http_req_sending": {
            "max": 10.994,
            "p(90)": 0.068,
            "p(95)": 0.129,
            "avg": 0.04451328973419801,
            "min": 0,
            "med": 0.012
        },
        "checks": {
            "passes": 49844,
            "fails": 157,
            "value": 0.9968600627987441
        },
        "vus": {
            "value": 4,
            "min": 3,
            "max": 38
        },
        "success_duration": {
            "max": 36.598,
            "p(90)": 1.874,
            "p(95)": 4.239799999999991,
            "avg": 1.114138244849362,
            "min": 0.543,
            "med": 0.596
        },
        "iteration_duration": {
            "p(95)": 5.519333,
            "avg": 1.6305293020339422,
            "min": 0.156125,
            "med": 0.724667,
            "max": 66.50675,
            "p(90)": 2.561791
        },
        "status_503": {
            "rate": 28.697414362965894,
            "count": 287
        },
        "http_req_connecting": {
            "min": 0.036,
            "med": 0.068,
            "max": 65.123,
            "p(90)": 0.189,
            "p(95)": 0.463,
            "avg": 0.4214598108037808
        },
        "http_req_waiting": {
            "max": 36.536,
            "p(90)": 1.684,
            "p(95)": 3.743,
            "avg": 1.0204927901442062,
            "min": 0,
            "med": 0.559
        },
        "data_received": {
            "count": 8388591,
            "rate": 838783.525604343
        },
        "http_reqs": {
            "count": 50001,
            "rate": 4999.6495315772045
        },
        "vus_max": {
            "value": 1000,
            "min": 1000,
            "max": 1000
        },
        "http_req_duration": {
            "avg": 1.1127772244555085,
            "min": 0,
            "med": 0.596,
            "max": 36.598,
            "p(90)": 1.92,
            "p(95)": 4.212
        },
        "iterations": {
            "count": 50001,
            "rate": 4999.6495315772045
        },
        "http_req_duration{expected_response:true}": {
            "avg": 1.114138244849362,
            "min": 0.543,
            "med": 0.596,
            "max": 36.598,
            "p(90)": 1.874,
            "p(95)": 4.239799999999991
        },
        "http_req_blocked": {
            "med": 0.085,
            "max": 65.153,
            "p(90)": 0.251,
            "p(95)": 0.583,
            "avg": 0.45588368232634036,
            "min": 0.045
        },
        "http_req_failed": {
            "passes": 444,
            "fails": 49557,
            "value": 0.008879822403551929
        },
        "data_sent": {
            "count": 9204751,
            "rate": 920392.1726652428
        },
        "http_req_tls_handshaking": {
            "avg": 0,
            "min": 0,
            "med": 0,
            "max": 0,
            "p(90)": 0,
            "p(95)": 0
        }
    }
}