{
    "root_group": {
        "path": "",
        "id": "d41d8cd98f00b204e9800998ecf8427e",
        "groups": {},
        "checks": {
                "status is 200 or 503": {
                    "passes": 29981,
                    "fails": 20,
                    "name": "status is 200 or 503",
                    "path": "::status is 200 or 503",
                    "id": "9158419957bbc07d723ad901a3da8b58"
                }
            },
        "name": ""
    },
    "metrics": {
        "checks": {
            "passes": 29981,
            "fails": 20,
            "value": 0.9993333555548148
        },
        "http_req_blocked": {
            "min": 0.046,
            "med": 0.065,
            "max": 68.159,
            "p(90)": 0.135,
            "p(95)": 0.528,
            "avg": 0.3301130295656864
        },
        "http_req_tls_handshaking": {
            "max": 0,
            "p(90)": 0,
            "p(95)": 0,
            "avg": 0,
            "min": 0,
            "med": 0
        },
        "success_duration": {
            "med": 0.06,
            "max": 55.034,
            "p(90)": 0.154,
            "p(95)": 1.1747999999999987,
            "avg": 0.43402997493737266,
            "min": 0.037
        },
        "http_req_duration{expected_response:true}": {
            "avg": 0.43402997493737266,
            "min": 0.037,
            "med": 0.06,
            "max": 55.034,
            "p(90)": 0.154,
            "p(95)": 1.1747999999999987
        },
        "vus": {
            "value": 0,
            "min": 0,
            "max": 26
        },
        "data_sent": {
            "count": 5415125,
            "rate": 541462.6854329401
        },
        "iteration_duration": {
            "max": 96.099209,
            "p(90)": 0.38625,
            "p(95)": 2.230792,
            "avg": 0.8265262981233931,
            "min": 0.110625,
            "med": 0.160958
        },
        "http_req_failed": {
            "passes": 76,
            "fails": 29925,
            "value": 0.00253324889170361
        },
        "status_503": {
            "count": 56,
            "rate": 5.59948484739404
        },
        "http_req_waiting": {
            "med": 0.035,
            "max": 47.726,
            "p(90)": 0.108,
            "p(95)": 0.919,
            "avg": 0.29744521849274724,
            "min": 0
        },
        "http_req_connecting": {
            "max": 68.116,
            "p(90)": 0.115,
            "p(95)": 0.441,
            "avg": 0.2943188227059109,
            "min": 0.035,
            "med": 0.051
        },
        "vus_max": {
            "value": 1000,
            "min": 1000,
            "max": 1000
        },
        "http_req_receiving": {
            "med": 0.011,
            "max": 23.3,
            "p(90)": 0.034,
            "p(95)": 0.098,
            "avg": 0.08211912936236955,
            "min": 0.005
        },
        "http_reqs": {
            "rate": 2999.82401619051,
            "count": 30001
        },
        "iterations": {
            "count": 30001,
            "rate": 2999.82401619051
        },
        "data_received": {
            "count": 5167562,
            "rate": 516708.6628030221
        },
        "http_req_duration": {
            "p(90)": 0.158,
            "p(95)": 1.193,
            "avg": 0.4404078864038189,
            "min": 0.007,
            "med": 0.06,
            "max": 55.034
        },
        "http_req_sending": {
            "min": 0,
            "med": 0.011,
            "max": 24.203,
            "p(90)": 0.022,
            "p(95)": 0.074,
            "avg": 0.06084353854869912
        }
    }
}