{
    "root_group": {
        "groups": {},
        "checks": {
                "seed status is 200": {
                    "name": "seed status is 200",
                    "path": "::seed status is 200",
                    "id": "2ac229dc72417ad76e9d2b75969e5805",
                    "passes": 5000,
                    "fails": 0
                }
            },
        "name": "",
        "path": "",
        "id": "d41d8cd98f00b204e9800998ecf8427e"
    },
    "metrics": {
        "checks": {
            "passes": 5000,
            "fails": 0,
            "value": 1
        },
        "http_req_sending": {
            "p(90)": 0.018,
            "p(95)": 0.031,
            "avg": 0.012300000000000262,
            "min": 0.003,
            "med": 0.007,
            "max": 4.368
        },
        "iterations": {
            "count": 5000,
            "rate": 9911.647573529557
        },
        "http_req_blocked": {
            "p(95)": 0.153,
            "avg": 0.07957180000000008,
            "min": 0.041,
            "med": 0.066,
            "max": 1.86,
            "p(90)": 0.117
        },
        "http_req_connecting": {
            "min": 0.032,
            "med": 0.054,
            "max": 1.695,
            "p(90)": 0.096,
            "p(95)": 0.11904999999999977,
            "avg": 0.06508779999999978
        },
        "http_req_duration{expected_response:true}": {
            "p(95)": 0.18,
            "avg": 0.08857300000000004,
            "min": 0.037,
            "med": 0.064,
            "max": 7.208,
            "p(90)": 0.135
        },
        "http_req_tls_handshaking": {
            "avg": 0,
            "min": 0,
            "med": 0,
            "max": 0,
            "p(90)": 0,
            "p(95)": 0
        },
        "data_received": {
            "count": 755000,
            "rate": 1496658.783602963
        },
        "iteration_duration": {
            "p(95)": 0.391583,
            "avg": 0.1986087719999999,
            "min": 0.104083,
            "med": 0.1559375,
            "max": 9.830459,
            "p(90)": 0.2975628
        },
        "http_req_failed": {
            "passes": 0,
            "fails": 5000,
            "thresholds": {
                "rate==0": false
            },
            "value": 0
        },
        "data_sent": {
            "count": 1007780,
            "rate": 1997752.0383303233
        },
        "http_req_duration": {
            "max": 7.208,
            "p(90)": 0.135,
            "p(95)": 0.18,
            "avg": 0.08857300000000004,
            "min": 0.037,
            "med": 0.064
        },
        "http_req_waiting": {
            "avg": 0.05961639999999952,
            "min": 0.023,
            "med": 0.043,
            "max": 7.121,
            "p(90)": 0.087,
            "p(95)": 0.116
        },
        "http_req_receiving": {
            "avg": 0.016656600000000223,
            "min": 0.005,
            "med": 0.01,
            "max": 1.321,
            "p(90)": 0.03,
            "p(95)": 0.046
        },
        "http_reqs": {
            "count": 5000,
            "rate": 9911.647573529557
        }
    }
}