{
    "root_group": {
        "id": "d41d8cd98f00b204e9800998ecf8427e",
        "groups": {},
        "checks": {
                "status is 200 or 503": {
                    "name": "status is 200 or 503",
                    "path": "::status is 200 or 503",
                    "id": "9158419957bbc07d723ad901a3da8b58",
                    "passes": 30000,
                    "fails": 0
                }
            },
        "name": "",
        "path": ""
    },
    "metrics": {
        "http_req_duration": {
            "avg": 0.7546891333333668,
            "min": 0.04,
            "med": 0.562,
            "max": 33.372,
            "p(90)": 0.648,
            "p(95)": 1.1390999999999973
        },
        "http_req_sending": {
            "max": 9.854,
            "p(90)": 0.017,
            "p(95)": 0.04,
            "avg": 0.022099433333332582,
            "min": 0,
            "med": 0.01
        },
        "iteration_duration": {
            "p(95)": 1.4864208499999987,
            "avg": 0.9655831011333281,
            "min": 0.307709,
            "med": 0.656667,
            "max": 41.207208,
            "p(90)": 0.828583
        },
        "iterations": {
            "count": 30000,
            "rate": 2999.728824514264
        },
        "data_sent": {
            "count": 5422868,
            "rate": 542237.7817045338
        },
        "vus_max": {
            "value": 1000,
            "min": 1000,
            "max": 1000
        },
        "data_received": {
            "count": 5170071,
            "rate": 516960.36678284284
        },
        "http_req_failed": {
            "passes": 3,
            "fails": 29997,
            "value": 0.0001
        },
        "http_reqs": {
            "count": 30000,
            "rate": 2999.728824514264
        },
        "http_req_receiving": {
            "avg": 0.02707500000000143,
            "min": 0.005,
            "med": 0.011,
            "max": 2.785,
            "p(90)": 0.034,
            "p(95)": 0.061
        },
        "status_503": {
            "count": 3,
            "rate": 0.2999728824514264
        },
        "checks": {
            "passes": 30000,
            "fails": 0,
            "value": 1
        },
        "vus": {
            "min": 1,
            "max": 2,
            "value": 2
        },
        "http_req_connecting": {
            "max": 33.187,
            "p(90)": 0.101,
            "p(95)": 0.141,
            "avg": 0.15222143333332191,
            "min": 0.031,
            "med": 0.048
        },
        "http_req_duration{expected_response:true}": {
            "max": 33.372,
            "p(90)": 0.648,
            "p(95)": 1.1393999999999973,
            "avg": 0.7547399406607662,
            "min": 0.537,
            "med": 0.562
        },
        "http_req_waiting": {
            "p(90)": 0.601,
            "p(95)": 1.018,
            "avg": 0.7055146999999945,
            "min": 0,
            "med": 0.537,
            "max": 33.301
        },
        "http_req_blocked": {
            "avg": 0.1693306666666633,
            "min": 0.043,
            "med": 0.061,
            "max": 33.198,
            "p(90)": 0.119,
            "p(95)": 0.184
        },
        "http_req_tls_handshaking": {
            "avg": 0,
            "min": 0,
            "med": 0,
            "max": 0,
            "p(90)": 0,
            "p(95)": 0
        },
        "success_duration": {
            "avg": 0.7547399406607662,
            "min": 0.537,
            "med": 0.562,
            "max": 33.372,
            "p(90)": 0.648,
            "p(95)": 1.1393999999999973
        }
    }
}