{
    "metrics": {
        "http_req_duration": {
            "min": 0,
            "med": 0.073,
            "max": 200.584,
            "p(90)": 1.0463000000000011,
            "p(95)": 2.565149999999998,
            "avg": 0.6873449798233917
        },
        "iteration_duration": {
            "med": 0.193917,
            "max": 219.865292,
            "p(90)": 2.6230750000000005,
            "p(95)": 6.146921449999987,
            "avg": 1.7720196837868158,
            "min": 0.108125
        },
        "http_req_waiting": {
            "avg": 0.5688461384791913,
            "min": 0,
            "med": 0.043,
            "max": 200.47,
            "p(90)": 0.8063000000000011,
            "p(95)": 1.9462999999999955
        },
        "iterations": {
            "count": 50058,
            "rate": 4982.66151644991
        },
        "data_received": {
            "count": 8289868,
            "rate": 825154.9454642531
        },
        "http_req_duration{expected_response:true}": {
            "min": 0.036,
            "med": 0.074,
            "max": 200.584,
            "p(90)": 0.894900000000001,
            "p(95)": 2.2959499999999977,
            "avg": 0.6649327622124698
        },
        "http_req_receiving": {
            "med": 0.013,
            "max": 32.538,
            "p(90)": 0.074,
            "p(95)": 0.202,
            "avg": 0.05885307043829718,
            "min": 0
        },
        "checks": {
            "passes": 49048,
            "fails": 1010,
            "value": 0.9798234048503736
        },
        "http_req_sending": {
            "med": 0.012,
            "max": 52.486,
            "p(90)": 0.059,
            "p(95)": 0.156,
            "avg": 0.05964577090575523,
            "min": 0
        },
        "vus": {
            "value": 1,
            "min": 1,
            "max": 8
        },
        "vus_max": {
            "value": 1000,
            "min": 1000,
            "max": 1000
        },
        "http_reqs": {
            "count": 50058,
            "rate": 4982.66151644991
        },
        "http_req_blocked": {
            "avg": 0.9383939230491255,
            "min": 0.043,
            "med": 0.072,
            "max": 117.181,
            "p(90)": 0.555,
            "p(95)": 2.0822999999999956
        },
        "http_req_failed": {
            "passes": 3016,
            "fails": 47042,
            "value": 0.06025010987254784
        },
        "success_duration": {
            "p(95)": 2.2959499999999977,
            "avg": 0.6649327622124698,
            "min": 0.036,
            "med": 0.074,
            "max": 200.584,
            "p(90)": 0.894900000000001
        },
        "http_req_tls_handshaking": {
            "avg": 0,
            "min": 0,
            "med": 0,
            "max": 0,
            "p(90)": 0,
            "p(95)": 0
        },
        "data_sent": {
            "count": 8927146,
            "rate": 888588.1742364806
        },
        "http_req_connecting": {
            "p(95)": 1.776,
            "avg": 0.8630120660034558,
            "min": 0.031,
            "med": 0.055,
            "max": 117.169,
            "p(90)": 0.434
        },
        "status_503": {
            "count": 2006,
            "rate": 199.6727596387894
        }
    },
    "root_group": {
        "checks": {
            "status is 200 or 503": {
                "name": "status is 200 or 503",
                "path": "::status is 200 or 503",
                "id": "9158419957bbc07d723ad901a3da8b58",
                "passes": 49048,
                "fails": 1010
            }
        },
        "name": "",
        "path": "",
        "id": "d41d8cd98f00b204e9800998ecf8427e",
        "groups": {}
    }
}