{
    "root_group": {
        "name": "",
        "path": "",
        "id": "d41d8cd98f00b204e9800998ecf8427e",
        "groups": {},
        "checks": {
                "seed status is 200": {
                    "name": "seed status is 200",
                    "path": "::seed status is 200",
                    "id": "2ac229dc72417ad76e9d2b75969e5805",
                    "passes": 5000,
                    "fails": 0
                }
            }
    },
    "metrics": {
        "http_req_tls_handshaking": {
            "med": 0,
            "max": 0,
            "p(90)": 0,
            "p(95)": 0,
            "avg": 0,
            "min": 0
        },
        "http_req_connecting": {
            "med": 0.099,
            "max": 1.848,
            "p(90)": 0.222,
            "p(95)": 0.3190499999999998,
            "avg": 0.1298518000000004,
            "min": 0.032
        },
        "iteration_duration": {
            "p(95)": 0.9772464999999998,
            "avg": 0.4715197134000001,
            "min": 0.161417,
            "med": 0.39079149999999996,
            "max": 2.911875,
            "p(90)": 0.7740545
        },
        "http_req_waiting": {
            "med": 0.191,
            "max": 1.741,
            "p(90)": 0.3881000000000001,
            "p(95)": 0.514,
            "avg": 0.2296910000000007,
            "min": 0.026
        },
        "http_req_sending": {
            "avg": 0.02179400000000023,
            "min": 0.003,
            "med": 0.01,
            "max": 1.129,
            "p(90)": 0.045,
            "p(95)": 0.069
        },
        "checks": {
            "passes": 5000,
            "fails": 0,
            "value": 1
        },
        "http_req_failed": {
            "passes": 0,
            "fails": 5000,
            "thresholds": {
                "rate==0": false
            },
            "value": 0
        },
        "http_req_duration": {
            "avg": 0.2866882000000011,
            "min": 0.044,
            "med": 0.235,
            "max": 2.224,
            "p(90)": 0.5001000000000001,
            "p(95)": 0.6390499999999998
        },
        "http_req_duration{expected_response:true}": {
            "avg": 0.2866882000000011,
            "min": 0.044,
            "med": 0.235,
            "max": 2.224,
            "p(90)": 0.5001000000000001,
            "p(95)": 0.6390499999999998
        },
        "iterations": {
            "count": 5000,
            "rate": 20993.584360619396
        },
        "http_reqs": {
            "count": 5000,
            "rate": 20993.584360619396
        },
        "data_received": {
            "count": 755000,
            "rate": 3170031.238453529
        },
        "http_req_blocked": {
            "med": 0.113,
            "max": 2.159,
            "p(90)": 0.251,
            "p(95)": 0.35904999999999976,
            "avg": 0.14710120000000051,
            "min": 0.039
        },
        "data_sent": {
            "count": 1004400,
            "rate": 4217191.226361224
        },
        "http_req_receiving": {
            "avg": 0.03520320000000003,
            "min": 0.004,
            "med": 0.016,
            "max": 1.238,
            "p(90)": 0.07410000000000011,
            "p(95)": 0.12404999999999977
        }
    }
}