{
    "root_group": {
        "name": "",
        "path": "",
        "id": "d41d8cd98f00b204e9800998ecf8427e",
        "groups": {},
        "checks": {
                "status is 200 or 503": {
                    "passes": 49536,
                    "fails": 465,
                    "name": "status is 200 or 503",
                    "path": "::status is 200 or 503",
                    "id": "9158419957bbc07d723ad901a3da8b58"
                }
            }
    },
    "metrics": {
        "checks": {
            "passes": 49536,
            "fails": 465,
            "value": 0.9907001859962801
        },
        "data_received": {
            "count": 8328091,
            "rate": 832758.4682851282
        },
        "http_req_duration": {
            "p(95)": 1.381,
            "avg": 0.41139407211855106,
            "min": 0,
            "med": 0.058,
            "max": 51.665,
            "p(90)": 0.315
        },
        "http_req_waiting": {
            "avg": 0.3043353532929655,
            "min": 0,
            "med": 0.034,
            "max": 47.298,
            "p(90)": 0.2,
            "p(95)": 0.986
        },
        "status_503": {
            "rate": 126.69229710833582,
            "count": 1267
        },
        "http_req_sending": {
            "min": 0,
            "med": 0.01,
            "max": 11.783,
            "p(90)": 0.033,
            "p(95)": 0.089,
            "avg": 0.05051176976461978
        },
        "http_req_duration{expected_response:true}": {
            "avg": 0.37084764548676136,
            "min": 0.033,
            "med": 0.059,
            "max": 51.665,
            "p(90)": 0.247,
            "p(95)": 1.074
        },
        "data_sent": {
            "count": 9042621,
            "rate": 904207.1242068482
        },
        "vus": {
            "min": 1,
            "max": 3,
            "value": 3
        },
        "http_req_tls_handshaking": {
            "avg": 0,
            "min": 0,
            "med": 0,
            "max": 0,
            "p(90)": 0,
            "p(95)": 0
        },
        "http_req_receiving": {
            "med": 0.011,
            "max": 24.464,
            "p(90)": 0.045,
            "p(95)": 0.108,
            "avg": 0.05654694906102461,
            "min": 0
        },
        "iterations": {
            "count": 50001,
            "rate": 4999.796012402446
        },
        "vus_max": {
            "min": 1000,
            "max": 1000,
            "value": 1000
        },
        "http_req_blocked": {
            "p(90)": 0.218,
            "p(95)": 0.861,
            "avg": 0.49136547269062514,
            "min": 0.04,
            "med": 0.062,
            "max": 71.045
        },
        "http_req_connecting": {
            "avg": 0.4310868982619994,
            "min": 0.031,
            "med": 0.049,
            "max": 70.968,
            "p(90)": 0.159,
            "p(95)": 0.689
        },
        "http_req_failed": {
            "passes": 1732,
            "fails": 48269,
            "value": 0.034639307213855726
        },
        "iteration_duration": {
            "avg": 1.0005025829083458,
            "min": 0.10275,
            "med": 0.156625,
            "max": 85.928875,
            "p(90)": 1.025625,
            "p(95)": 3.527208
        },
        "http_reqs": {
            "count": 50001,
            "rate": 4999.796012402446
        },
        "success_duration": {
            "avg": 0.37084764548676136,
            "min": 0.033,
            "med": 0.059,
            "max": 51.665,
            "p(90)": 0.247,
            "p(95)": 1.074
        }
    }
}