{
    "root_group": {
        "path": "",
        "id": "d41d8cd98f00b204e9800998ecf8427e",
        "groups": {},
        "checks": {
                "status is 200 or 503": {
                    "fails": 134,
                    "name": "status is 200 or 503",
                    "path": "::status is 200 or 503",
                    "id": "9158419957bbc07d723ad901a3da8b58",
                    "passes": 49866
                }
            },
        "name": ""
    },
    "metrics": {
        "iteration_duration": {
            "avg": 0.7609998028999985,
            "min": 0.20175,
            "med": 0.250916,
            "max": 72.41925,
            "p(90)": 0.5121919000000003,
            "p(95)": 1.5813874999999995
        },
        "success_duration": {
            "min": 0.135,
            "med": 0.155,
            "max": 40.385,
            "p(90)": 0.243,
            "p(95)": 0.792,
            "avg": 0.32539244338597284
        },
        "vus": {
            "value": 2,
            "min": 1,
            "max": 63
        },
        "http_req_duration": {
            "avg": 0.3289549200000263,
            "min": 0,
            "med": 0.155,
            "max": 40.385,
            "p(90)": 0.253,
            "p(95)": 0.867
        },
        "http_req_blocked": {
            "min": 0.041,
            "med": 0.06,
            "max": 68.036,
            "p(90)": 0.114,
            "p(95)": 0.264,
            "avg": 0.3851168000000231
        },
        "checks": {
            "passes": 49866,
            "fails": 134,
            "value": 0.99732
        },
        "http_req_duration{expected_response:true}": {
            "avg": 0.3253924433859728,
            "min": 0.135,
            "med": 0.155,
            "max": 40.385,
            "p(90)": 0.243,
            "p(95)": 0.792
        },
        "http_req_sending": {
            "avg": 0.024423479999997912,
            "min": 0,
            "med": 0.01,
            "max": 2.011,
            "p(90)": 0.02,
            "p(95)": 0.049
        },
        "http_req_failed": {
            "passes": 454,
            "fails": 49546,
            "value": 0.00908
        },
        "iterations": {
            "count": 50000,
            "rate": 4999.599032157621
        },
        "http_req_waiting": {
            "p(95)": 0.708,
            "avg": 0.2821399800000088,
            "min": 0,
            "med": 0.134,
            "max": 39.144,
            "p(90)": 0.194
        },
        "data_sent": {
            "count": 9198525,
            "rate": 919778.7337455536
        },
        "status_503": {
            "count": 320,
            "rate": 31.997433805808775
        },
        "vus_max": {
            "value": 1000,
            "min": 1000,
            "max": 1000
        },
        "http_req_tls_handshaking": {
            "max": 0,
            "p(90)": 0,
            "p(95)": 0,
            "avg": 0,
            "min": 0,
            "med": 0
        },
        "http_reqs": {
            "count": 50000,
            "rate": 4999.599032157621
        },
        "http_req_connecting": {
            "avg": 0.36464954,
            "min": 0.029,
            "med": 0.048,
            "max": 67.563,
            "p(90)": 0.087,
            "p(95)": 0.193
        },
        "http_req_receiving": {
            "avg": 0.022391460000000998,
            "min": 0,
            "med": 0.009,
            "max": 7.031,
            "p(90)": 0.028,
            "p(95)": 0.055
        },
        "data_received": {
            "count": 8390317,
            "rate": 838964.4150539127
        }
    }
}