{
    "metrics": {
        "http_req_duration": {
            "avg": 0.1740867999999992,
            "min": 0.138,
            "med": 0.158,
            "max": 16.874,
            "p(90)": 0.189,
            "p(95)": 0.215
        },
        "http_req_duration{expected_response:true}": {
            "avg": 0.1740867999999992,
            "min": 0.138,
            "med": 0.158,
            "max": 16.874,
            "p(90)": 0.189,
            "p(95)": 0.215
        },
        "http_req_sending": {
            "avg": 0.009774600000000145,
            "min": 0.003,
            "med": 0.007,
            "max": 0.44,
            "p(90)": 0.012,
            "p(95)": 0.017
        },
        "checks": {
            "passes": 5000,
            "fails": 0,
            "value": 1
        },
        "http_req_tls_handshaking": {
            "max": 0,
            "p(90)": 0,
            "p(95)": 0,
            "avg": 0,
            "min": 0,
            "med": 0
        },
        "http_req_failed": {
            "passes": 0,
            "fails": 5000,
            "thresholds": {
                "rate==0": false
            },
            "value": 0
        },
        "http_reqs": {
            "rate": 7349.70946598481,
            "count": 5000
        },
        "iterations": {
            "rate": 7349.70946598481,
            "count": 5000
        },
        "iteration_duration": {
            "avg": 0.2695392223999994,
            "min": 0.207708,
            "med": 0.2455,
            "max": 17.000583,
            "p(90)": 0.3048833,
            "p(95)": 0.37358815
        },
        "http_req_connecting": {
            "avg": 0.0575836000000003,
            "min": 0.032,
            "med": 0.051,
            "max": 0.455,
            "p(90)": 0.077,
            "p(95)": 0.093
        },
        "http_req_waiting": {
            "max": 16.798,
            "p(90)": 0.162,
            "p(95)": 0.175,
            "avg": 0.15111199999999836,
            "min": 0.122,
            "med": 0.139
        },
        "data_sent": {
            "count": 1007780,
            "rate": 1481378.0411260342
        },
        "data_received": {
            "count": 755000,
            "rate": 1109806.1293637063
        },
        "http_req_receiving": {
            "med": 0.01,
            "max": 0.336,
            "p(90)": 0.017,
            "p(95)": 0.027,
            "avg": 0.013200200000000219,
            "min": 0.005
        },
        "http_req_blocked": {
            "max": 0.49,
            "p(90)": 0.092,
            "p(95)": 0.11004999999999977,
            "avg": 0.0701674000000001,
            "min": 0.04,
            "med": 0.062
        }
    },
    "root_group": {
        "groups": {},
        "checks": {
                "seed status is 200": {
                    "id": "2ac229dc72417ad76e9d2b75969e5805",
                    "passes": 5000,
                    "fails": 0,
                    "name": "seed status is 200",
                    "path": "::seed status is 200"
                }
            },
        "name": "",
        "path": "",
        "id": "d41d8cd98f00b204e9800998ecf8427e"
    }
}