{
    "metrics": {
        "http_req_duration{expected_response:true}": {
            "min": 0.537,
            "med": 0.564,
            "max": 24.408,
            "p(90)": 0.651,
            "p(95)": 0.9135999999999987,
            "avg": 0.6980077568625034
        },
        "http_req_failed": {
            "passes": 92,
            "fails": 29909,
            "value": 0.0030665644478517383
        },
        "data_received": {
            "count": 5165784,
            "rate": 516515.84993057343
        },
        "iterations": {
            "count": 30001,
            "rate": 2999.736731881769
        },
        "http_req_connecting": {
            "min": 0.032,
            "med": 0.049,
            "max": 21.392,
            "p(90)": 0.109,
            "p(95)": 0.133,
            "avg": 0.11725689143694643
        },
        "http_req_sending": {
            "min": 0,
            "med": 0.01,
            "max": 6.309,
            "p(90)": 0.016,
            "p(95)": 0.031,
            "avg": 0.020772674244189215
        },
        "checks": {
            "passes": 29948,
            "fails": 53,
            "value": 0.9982333922202593
        },
        "iteration_duration": {
            "avg": 0.877519147361761,
            "min": 0.393625,
            "med": 0.660375,
            "max": 29.410333,
            "p(90)": 0.828958,
            "p(95)": 1.27525
        },
        "vus_max": {
            "value": 1000,
            "min": 1000,
            "max": 1000
        },
        "http_req_waiting": {
            "avg": 0.6574323522549121,
            "min": 0,
            "med": 0.539,
            "max": 23.95,
            "p(90)": 0.612,
            "p(95)": 0.833
        },
        "vus": {
            "value": 2,
            "min": 2,
            "max": 11
        },
        "http_req_tls_handshaking": {
            "med": 0,
            "max": 0,
            "p(90)": 0,
            "p(95)": 0,
            "avg": 0,
            "min": 0
        },
        "status_503": {
            "count": 39,
            "rate": 3.8995277671873936
        },
        "http_req_blocked": {
            "avg": 0.13451968267724326,
            "min": 0.042,
            "med": 0.062,
            "max": 21.406,
            "p(90)": 0.126,
            "p(95)": 0.166
        },
        "http_req_receiving": {
            "p(95)": 0.054,
            "avg": 0.022475284157194814,
            "min": 0,
            "med": 0.011,
            "max": 4.964,
            "p(90)": 0.032
        },
        "success_duration": {
            "avg": 0.6980077568625034,
            "min": 0.537,
            "med": 0.564,
            "max": 24.408,
            "p(90)": 0.651,
            "p(95)": 0.9135999999999987
        },
        "http_reqs": {
            "count": 30001,
            "rate": 2999.736731881769
        },
        "data_sent": {
            "count": 5418794,
            "rate": 541813.786350473
        },
        "http_req_duration": {
            "med": 0.564,
            "max": 24.408,
            "p(90)": 0.652,
            "p(95)": 0.949,
            "avg": 0.7006803106563327,
            "min": 0
        }
    },
    "root_group": {
        "groups": {},
        "checks": {
                "status is 200 or 503": {
                    "name": "status is 200 or 503",
                    "path": "::status is 200 or 503",
                    "id": "9158419957bbc07d723ad901a3da8b58",
                    "passes": 29948,
                    "fails": 53
                }
            },
        "name": "",
        "path": "",
        "id": "d41d8cd98f00b204e9800998ecf8427e"
    }
}