{
    "root_group": {
        "checks": {
            "seed status is 200": {
                "path": "::seed status is 200",
                "id": "2ac229dc72417ad76e9d2b75969e5805",
                "passes": 5000,
                "fails": 0,
                "name": "seed status is 200"
            }
        },
        "name": "",
        "path": "",
        "id": "d41d8cd98f00b204e9800998ecf8427e",
        "groups": {}
    },
    "metrics": {
        "http_req_sending": {
            "max": 0.428,
            "p(90)": 0.011,
            "p(95)": 0.014,
            "avg": 0.008540000000000204,
            "min": 0.003,
            "med": 0.007
        },
        "http_req_waiting": {
            "med": 0.588,
            "max": 1.24,
            "p(90)": 0.626,
            "p(95)": 0.643,
            "avg": 0.5926340000000017,
            "min": 0.542
        },
        "http_req_failed": {
            "fails": 5000,
            "passes": 0,
            "thresholds": {
                "rate==0": false
            },
            "value": 0
        },
        "iterations": {
            "count": 5000,
            "rate": 2604.2358416812112
        },
        "data_sent": {
            "count": 1007780,
            "rate": 524899.3593058983
        },
        "http_reqs": {
            "count": 5000,
            "rate": 2604.2358416812112
        },
        "http_req_duration{expected_response:true}": {
            "p(90)": 0.649,
            "p(95)": 0.6720499999999998,
            "avg": 0.6158390000000022,
            "min": 0.559,
            "med": 0.6065,
            "max": 16.532
        },
        "http_req_tls_handshaking": {
            "max": 0,
            "p(90)": 0,
            "p(95)": 0,
            "avg": 0,
            "min": 0,
            "med": 0
        },
        "http_req_receiving": {
            "avg": 0.014665000000000216,
            "min": 0.006,
            "med": 0.01,
            "max": 15.928,
            "p(90)": 0.015,
            "p(95)": 0.01704999999999978
        },
        "vus_max": {
            "value": 2,
            "min": 2,
            "max": 2
        },
        "http_req_duration": {
            "avg": 0.6158390000000022,
            "min": 0.559,
            "med": 0.6065,
            "max": 16.532,
            "p(90)": 0.649,
            "p(95)": 0.6720499999999998
        },
        "vus": {
            "max": 2,
            "value": 2,
            "min": 2
        },
        "checks": {
            "passes": 5000,
            "fails": 0,
            "value": 1
        },
        "http_req_connecting": {
            "med": 0.106,
            "max": 16.018,
            "p(90)": 0.148,
            "p(95)": 0.163,
            "avg": 0.11597020000000016,
            "min": 0.054
        },
        "data_received": {
            "count": 755000,
            "rate": 393239.6120938629
        },
        "http_req_blocked": {
            "p(90)": 0.161,
            "p(95)": 0.177,
            "avg": 0.12671000000000046,
            "min": 0.063,
            "med": 0.117,
            "max": 16.03
        },
        "iteration_duration": {
            "avg": 0.7656526752000008,
            "min": 0.656334,
            "med": 0.745542,
            "max": 16.74725,
            "p(90)": 0.8240914,
            "p(95)": 0.85980035
        }
    }
}