{
    "root_group": {
        "id": "d41d8cd98f00b204e9800998ecf8427e",
        "groups": {},
        "checks": {
                "seed status is 200": {
                    "name": "seed status is 200",
                    "path": "::seed status is 200",
                    "id": "2ac229dc72417ad76e9d2b75969e5805",
                    "passes": 5000,
                    "fails": 0
                }
            },
        "name": "",
        "path": ""
    },
    "metrics": {
        "http_reqs": {
            "count": 5000,
            "rate": 11967.219392639681
        },
        "http_req_tls_handshaking": {
            "p(90)": 0,
            "p(95)": 0,
            "avg": 0,
            "min": 0,
            "med": 0,
            "max": 0
        },
        "http_req_failed": {
            "passes": 0,
            "fails": 5000,
            "thresholds": {
                "rate==0": false
            },
            "value": 0
        },
        "http_req_receiving": {
            "p(90)": 0.019,
            "p(95)": 0.029,
            "avg": 0.012322400000000278,
            "min": 0.004,
            "med": 0.009,
            "max": 0.301
        },
        "iterations": {
            "count": 5000,
            "rate": 11967.219392639681
        },
        "http_req_duration": {
            "med": 0.056,
            "max": 20.727,
            "p(90)": 0.089,
            "p(95)": 0.111,
            "avg": 0.0694730000000001,
            "min": 0.033
        },
        "http_req_waiting": {
            "p(90)": 0.064,
            "p(95)": 0.078,
            "avg": 0.04818179999999994,
            "min": 0.022,
            "med": 0.038,
            "max": 20.621
        },
        "http_req_duration{expected_response:true}": {
            "min": 0.033,
            "med": 0.056,
            "max": 20.727,
            "p(90)": 0.089,
            "p(95)": 0.111,
            "avg": 0.0694730000000001
        },
        "http_req_blocked": {
            "avg": 0.07131240000000016,
            "min": 0.039,
            "med": 0.058,
            "max": 20.632,
            "p(90)": 0.096,
            "p(95)": 0.114
        },
        "iteration_duration": {
            "p(90)": 0.2069253,
            "p(95)": 0.2653444,
            "avg": 0.16481719960000024,
            "min": 0.097708,
            "med": 0.138458,
            "max": 20.880833
        },
        "checks": {
            "passes": 5000,
            "fails": 0,
            "value": 1
        },
        "data_sent": {
            "count": 1007780,
            "rate": 2412064.8719028835
        },
        "http_req_connecting": {
            "p(95)": 0.098,
            "avg": 0.06020739999999988,
            "min": 0.031,
            "med": 0.048,
            "max": 20.604,
            "p(90)": 0.083
        },
        "data_received": {
            "count": 755000,
            "rate": 1807050.1282885917
        },
        "http_req_sending": {
            "p(95)": 0.017,
            "avg": 0.008968800000000192,
            "min": 0.003,
            "med": 0.006,
            "max": 0.77,
            "p(90)": 0.012
        }
    }
}