{
    "root_group": {
        "name": "",
        "path": "",
        "id": "d41d8cd98f00b204e9800998ecf8427e",
        "groups": {},
        "checks": {
                "status is 200 or 503": {
                    "passes": 29930,
                    "fails": 71,
                    "name": "status is 200 or 503",
                    "path": "::status is 200 or 503",
                    "id": "9158419957bbc07d723ad901a3da8b58"
                }
            }
    },
    "metrics": {
        "http_req_connecting": {
            "med": 0.05,
            "max": 33.511,
            "p(90)": 0.104,
            "p(95)": 0.257,
            "avg": 0.2240549648344883,
            "min": 0.033
        },
        "http_req_failed": {
            "passes": 100,
            "fails": 29901,
            "value": 0.0033332222259258026
        },
        "data_sent": {
            "count": 5420039,
            "rate": 541967.6423647258
        },
        "iteration_duration": {
            "p(95)": 1.031958,
            "avg": 0.6415368201059936,
            "min": 0.109792,
            "med": 0.153917,
            "max": 86.593834,
            "p(90)": 0.266
        },
        "http_req_receiving": {
            "p(95)": 0.046,
            "avg": 0.042079664011201515,
            "min": 0.005,
            "med": 0.011,
            "max": 42.982,
            "p(90)": 0.022
        },
        "http_req_duration": {
            "avg": 0.348704476517475,
            "min": 0.008,
            "med": 0.058,
            "max": 82.935,
            "p(90)": 0.111,
            "p(95)": 0.517
        },
        "success_duration": {
            "min": 0.035,
            "med": 0.058,
            "max": 82.935,
            "p(90)": 0.109,
            "p(95)": 0.468,
            "avg": 0.3166431891910114
        },
        "http_req_duration{expected_response:true}": {
            "p(90)": 0.109,
            "p(95)": 0.468,
            "avg": 0.3166431891910114,
            "min": 0.035,
            "med": 0.058,
            "max": 82.935
        },
        "http_req_tls_handshaking": {
            "avg": 0,
            "min": 0,
            "med": 0,
            "max": 0,
            "p(90)": 0,
            "p(95)": 0
        },
        "checks": {
            "passes": 29930,
            "fails": 71,
            "value": 0.9976334122195927
        },
        "vus_max": {
            "value": 1000,
            "min": 1000,
            "max": 1000
        },
        "http_reqs": {
            "count": 30001,
            "rate": 2999.8993067363795
        },
        "iterations": {
            "count": 30001,
            "rate": 2999.8993067363795
        },
        "http_req_blocked": {
            "avg": 0.24912332922235295,
            "min": 0.046,
            "med": 0.062,
            "max": 49.45,
            "p(90)": 0.117,
            "p(95)": 0.297
        },
        "http_req_sending": {
            "avg": 0.025530315656144116,
            "min": 0,
            "med": 0.01,
            "max": 31.936,
            "p(90)": 0.016,
            "p(95)": 0.039
        },
        "vus": {
            "value": 1,
            "min": 1,
            "max": 1
        },
        "data_received": {
            "count": 5165100,
            "rate": 516475.4477925427
        },
        "http_req_waiting": {
            "avg": 0.2810944968501313,
            "min": 0,
            "med": 0.034,
            "max": 76.82,
            "p(90)": 0.082,
            "p(95)": 0.366
        },
        "status_503": {
            "count": 29,
            "rate": 2.8998060029784005
        }
    }
}