{
    "root_group": {
        "id": "d41d8cd98f00b204e9800998ecf8427e",
        "groups": {},
        "checks": {
                "status is 200 or 503": {
                    "path": "::status is 200 or 503",
                    "id": "9158419957bbc07d723ad901a3da8b58",
                    "passes": 49899,
                    "fails": 101,
                    "name": "status is 200 or 503"
                }
            },
        "name": "",
        "path": ""
    },
    "metrics": {
        "success_duration": {
            "p(95)": 0.571,
            "avg": 0.27919466305207896,
            "min": 0.136,
            "med": 0.154,
            "max": 39.254,
            "p(90)": 0.208
        },
        "iterations": {
            "count": 50000,
            "rate": 4999.532543707163
        },
        "http_req_duration{expected_response:true}": {
            "min": 0.136,
            "med": 0.154,
            "max": 39.254,
            "p(90)": 0.208,
            "p(95)": 0.571,
            "avg": 0.27919466305207896
        },
        "http_req_sending": {
            "avg": 0.02390066000000027,
            "min": 0,
            "med": 0.01,
            "max": 5.602,
            "p(90)": 0.017,
            "p(95)": 0.039
        },
        "iteration_duration": {
            "med": 0.247292,
            "max": 79.607417,
            "p(90)": 0.39106190000000024,
            "p(95)": 1.1307121999999998,
            "avg": 0.7351800436399961,
            "min": 0.203959
        },
        "vus": {
            "max": 3,
            "value": 1,
            "min": 1
        },
        "http_req_duration": {
            "max": 39.254,
            "p(90)": 0.21,
            "p(95)": 0.591,
            "avg": 0.28029106000002485,
            "min": 0,
            "med": 0.154
        },
        "checks": {
            "passes": 49899,
            "fails": 101,
            "value": 0.99798
        },
        "http_req_tls_handshaking": {
            "min": 0,
            "med": 0,
            "max": 0,
            "p(90)": 0,
            "p(95)": 0,
            "avg": 0
        },
        "data_received": {
            "count": 8386873,
            "rate": 838608.8900687785
        },
        "http_reqs": {
            "count": 50000,
            "rate": 4999.532543707163
        },
        "http_req_receiving": {
            "p(90)": 0.024,
            "p(95)": 0.046,
            "avg": 0.02130894000000173,
            "min": 0,
            "med": 0.009,
            "max": 38.969
        },
        "data_sent": {
            "count": 9171189,
            "rate": 917033.1573997831
        },
        "status_503": {
            "count": 470,
            "rate": 46.99560591084734
        },
        "http_req_waiting": {
            "avg": 0.23508146000000787,
            "min": 0,
            "med": 0.134,
            "max": 39.043,
            "p(90)": 0.172,
            "p(95)": 0.471
        },
        "http_req_failed": {
            "passes": 571,
            "fails": 49429,
            "value": 0.01142
        },
        "http_req_connecting": {
            "avg": 0.3828360000000123,
            "min": 0.032,
            "med": 0.046,
            "max": 76.665,
            "p(90)": 0.076,
            "p(95)": 0.156
        },
        "vus_max": {
            "max": 1000,
            "value": 1000,
            "min": 1000
        },
        "http_req_blocked": {
            "p(90)": 0.097,
            "p(95)": 0.213,
            "avg": 0.40617510000001295,
            "min": 0.042,
            "med": 0.058,
            "max": 78.184
        }
    }
}