{
    "root_group": {
        "name": "",
        "path": "",
        "id": "d41d8cd98f00b204e9800998ecf8427e",
        "groups": {},
        "checks": {
                "seed status is 200": {
                    "name": "seed status is 200",
                    "path": "::seed status is 200",
                    "id": "2ac229dc72417ad76e9d2b75969e5805",
                    "passes": 5000,
                    "fails": 0
                }
            }
    },
    "metrics": {
        "http_req_failed": {
            "fails": 5000,
            "passes": 0,
            "thresholds": {
                "rate==0": false
            },
            "value": 0
        },
        "http_req_blocked": {
            "p(95)": 0.106,
            "avg": 0.07398259999999994,
            "min": 0.039,
            "med": 0.06,
            "max": 15.489,
            "p(90)": 0.089
        },
        "http_req_sending": {
            "avg": 0.009561200000000178,
            "min": 0.003,
            "med": 0.007,
            "max": 0.362,
            "p(90)": 0.012,
            "p(95)": 0.016
        },
        "http_req_receiving": {
            "p(90)": 0.017,
            "p(95)": 0.026,
            "avg": 0.012698600000000199,
            "min": 0.005,
            "med": 0.01,
            "max": 0.379
        },
        "iteration_duration": {
            "p(90)": 0.2976542,
            "p(95)": 0.36013574999999953,
            "avg": 0.26385978279999933,
            "min": 0.20375,
            "med": 0.24095850000000002,
            "max": 15.724833
        },
        "data_sent": {
            "count": 1007780,
            "rate": 1513983.3665841406
        },
        "iterations": {
            "count": 5000,
            "rate": 7511.4775376775715
        },
        "http_reqs": {
            "count": 5000,
            "rate": 7511.4775376775715
        },
        "http_req_duration{expected_response:true}": {
            "avg": 0.16586359999999928,
            "min": 0.136,
            "med": 0.157,
            "max": 0.539,
            "p(90)": 0.185,
            "p(95)": 0.21104999999999977
        },
        "http_req_connecting": {
            "min": 0.031,
            "med": 0.049,
            "max": 15.469,
            "p(90)": 0.075,
            "p(95)": 0.09004999999999977,
            "avg": 0.06174100000000003
        },
        "http_req_tls_handshaking": {
            "p(95)": 0,
            "avg": 0,
            "min": 0,
            "med": 0,
            "max": 0,
            "p(90)": 0
        },
        "data_received": {
            "count": 755000,
            "rate": 1134233.1081893132
        },
        "http_req_duration": {
            "avg": 0.16586359999999928,
            "min": 0.136,
            "med": 0.157,
            "max": 0.539,
            "p(90)": 0.185,
            "p(95)": 0.21104999999999977
        },
        "http_req_waiting": {
            "avg": 0.1436037999999981,
            "min": 0.122,
            "med": 0.138,
            "max": 0.52,
            "p(90)": 0.16,
            "p(95)": 0.174
        },
        "checks": {
            "passes": 5000,
            "fails": 0,
            "value": 1
        }
    }
}