{
    "root_group": {
        "path": "",
        "id": "d41d8cd98f00b204e9800998ecf8427e",
        "groups": {},
        "checks": {
                "status is 200 or 503": {
                    "name": "status is 200 or 503",
                    "path": "::status is 200 or 503",
                    "id": "9158419957bbc07d723ad901a3da8b58",
                    "passes": 49604,
                    "fails": 397
                }
            },
        "name": ""
    },
    "metrics": {
        "http_req_duration": {
            "avg": 0.7853935321293473,
            "min": 0,
            "med": 0.31,
            "max": 58.074,
            "p(90)": 0.927,
            "p(95)": 2.641
        },
        "http_req_receiving": {
            "avg": 0.04339553208935806,
            "min": 0,
            "med": 0.011,
            "max": 38.176,
            "p(90)": 0.047,
            "p(95)": 0.099
        },
        "vus_max": {
            "min": 1000,
            "max": 1000,
            "value": 1000
        },
        "http_req_waiting": {
            "p(90)": 0.782,
            "p(95)": 2.29,
            "avg": 0.7008745225094936,
            "min": 0,
            "med": 0.286,
            "max": 57.968
        },
        "http_req_sending": {
            "min": 0,
            "med": 0.011,
            "max": 9.232,
            "p(90)": 0.036,
            "p(95)": 0.09,
            "avg": 0.0411234775304365
        },
        "http_req_tls_handshaking": {
            "avg": 0,
            "min": 0,
            "med": 0,
            "max": 0,
            "p(90)": 0,
            "p(95)": 0
        },
        "iteration_duration": {
            "p(95)": 4.822334,
            "avg": 1.384628347073049,
            "min": 0.130917,
            "med": 0.413167,
            "max": 74.186292,
            "p(90)": 1.499
        },
        "iterations": {
            "count": 50001,
            "rate": 4999.602039636852
        },
        "vus": {
            "value": 2,
            "min": 2,
            "max": 12
        },
        "http_reqs": {
            "count": 50001,
            "rate": 4999.602039636852
        },
        "http_req_blocked": {
            "p(95)": 0.57,
            "avg": 0.5375805883882855,
            "min": 0.046,
            "med": 0.064,
            "max": 62.574,
            "p(90)": 0.202
        },
        "checks": {
            "passes": 49604,
            "fails": 397,
            "value": 0.9920601587968241
        },
        "success_duration": {
            "max": 58.074,
            "p(90)": 0.832,
            "p(95)": 2.4135999999999953,
            "avg": 0.7752320733571051,
            "min": 0.29,
            "med": 0.31
        },
        "data_received": {
            "count": 8370045,
            "rate": 836921.1426541916
        },
        "status_503": {
            "count": 529,
            "rate": 52.8947316847242
        },
        "http_req_duration{expected_response:true}": {
            "p(95)": 2.4135999999999953,
            "avg": 0.7752320733571051,
            "min": 0.29,
            "med": 0.31,
            "max": 58.074,
            "p(90)": 0.832
        },
        "http_req_connecting": {
            "avg": 0.4993414131715816,
            "min": 0.035,
            "med": 0.051,
            "max": 62.564,
            "p(90)": 0.149,
            "p(95)": 0.46
        },
        "data_sent": {
            "count": 9169249,
            "rate": 916833.5833750957
        },
        "http_req_failed": {
            "passes": 926,
            "fails": 49075,
            "value": 0.018519629607407852
        }
    }
}