{
    "metrics": {
        "iteration_duration": {
            "avg": 0.41027628699999985,
            "min": 0.350166,
            "med": 0.3846665,
            "max": 14.427125,
            "p(90)": 0.4763464,
            "p(95)": 0.5168128
        },
        "http_req_duration{expected_response:true}": {
            "p(90)": 0.346,
            "p(95)": 0.369,
            "avg": 0.3211004000000003,
            "min": 0.287,
            "med": 0.306,
            "max": 14.33
        },
        "http_req_connecting": {
            "p(95)": 0.109,
            "avg": 0.05630740000000029,
            "min": 0.031,
            "med": 0.046,
            "max": 0.308,
            "p(90)": 0.09
        },
        "http_req_tls_handshaking": {
            "avg": 0,
            "min": 0,
            "med": 0,
            "max": 0,
            "p(90)": 0,
            "p(95)": 0
        },
        "checks": {
            "passes": 5000,
            "fails": 0,
            "value": 1
        },
        "data_sent": {
            "count": 1007780,
            "rate": 977240.2644942891
        },
        "http_req_duration": {
            "avg": 0.3211004000000003,
            "min": 0.287,
            "med": 0.306,
            "max": 14.33,
            "p(90)": 0.346,
            "p(95)": 0.369
        },
        "data_received": {
            "count": 755000,
            "rate": 732120.5021861797
        },
        "vus": {
            "value": 2,
            "min": 2,
            "max": 2
        },
        "http_req_waiting": {
            "min": 0.272,
            "med": 0.287,
            "max": 14.303,
            "p(90)": 0.32,
            "p(95)": 0.343,
            "avg": 0.3005593999999984
        },
        "iterations": {
            "count": 5000,
            "rate": 4848.480146928343
        },
        "http_req_blocked": {
            "min": 0.038,
            "med": 0.057,
            "max": 0.342,
            "p(90)": 0.103,
            "p(95)": 0.126,
            "avg": 0.06751459999999991
        },
        "http_req_receiving": {
            "p(95)": 0.024,
            "avg": 0.012060800000000193,
            "min": 0.005,
            "med": 0.009,
            "max": 0.274,
            "p(90)": 0.017
        },
        "http_reqs": {
            "count": 5000,
            "rate": 4848.480146928343
        },
        "vus_max": {
            "value": 2,
            "min": 2,
            "max": 2
        },
        "http_req_failed": {
            "passes": 0,
            "fails": 5000,
            "thresholds": {
                "rate==0": false
            },
            "value": 0
        },
        "http_req_sending": {
            "p(95)": 0.013,
            "avg": 0.008480200000000106,
            "min": 0.003,
            "med": 0.007,
            "max": 0.27,
            "p(90)": 0.01
        }
    },
    "root_group": {
        "name": "",
        "path": "",
        "id": "d41d8cd98f00b204e9800998ecf8427e",
        "groups": {},
        "checks": {
                "seed status is 200": {
                    "name": "seed status is 200",
                    "path": "::seed status is 200",
                    "id": "2ac229dc72417ad76e9d2b75969e5805",
                    "passes": 5000,
                    "fails": 0
                }
            }
    }
}