{
    "root_group": {
        "checks": {
            "status is 200 or 503": {
                "name": "status is 200 or 503",
                "path": "::status is 200 or 503",
                "id": "9158419957bbc07d723ad901a3da8b58",
                "passes": 29659,
                "fails": 341
            }
        },
        "name": "",
        "path": "",
        "id": "d41d8cd98f00b204e9800998ecf8427e",
        "groups": {}
    },
    "metrics": {
        "http_req_receiving": {
            "avg": 0.05765233333332398,
            "min": 0,
            "med": 0.013,
            "max": 22.489,
            "p(90)": 0.06,
            "p(95)": 0.20104999999999867
        },
        "data_sent": {
            "count": 5280761,
            "rate": 528049.0110857313
        },
        "vus_max": {
            "value": 1000,
            "min": 1000,
            "max": 1000
        },
        "data_received": {
            "rate": 510949.3882963804,
            "count": 5109756
        },
        "http_reqs": {
            "count": 30000,
            "rate": 2999.8461078946652
        },
        "status_503": {
            "count": 852,
            "rate": 85.1956294642085
        },
        "iterations": {
            "count": 30000,
            "rate": 2999.8461078946652
        },
        "iteration_duration": {
            "avg": 1.6131542642999956,
            "min": 0.112125,
            "med": 0.188041,
            "max": 189.936042,
            "p(90)": 2.1177119,
            "p(95)": 6.053110099999989
        },
        "success_duration": {
            "max": 117.477,
            "p(90)": 0.7708000000000013,
            "p(95)": 2.1353999999999975,
            "avg": 0.5486866386642175,
            "min": 0.037,
            "med": 0.072
        },
        "http_req_duration{expected_response:true}": {
            "min": 0.037,
            "med": 0.072,
            "max": 117.477,
            "p(90)": 0.7708000000000013,
            "p(95)": 2.1353999999999975,
            "avg": 0.5486866386642176
        },
        "http_req_connecting": {
            "p(90)": 0.335,
            "p(95)": 1.5670999999999973,
            "avg": 0.8620627666666363,
            "min": 0.031,
            "med": 0.055,
            "max": 172.16
        },
        "http_req_tls_handshaking": {
            "avg": 0,
            "min": 0,
            "med": 0,
            "max": 0,
            "p(90)": 0,
            "p(95)": 0
        },
        "http_req_failed": {
            "passes": 1193,
            "fails": 28807,
            "value": 0.039766666666666665
        },
        "checks": {
            "passes": 29659,
            "fails": 341,
            "value": 0.9886333333333334
        },
        "http_req_blocked": {
            "avg": 0.9302983666667363,
            "min": 0.042,
            "med": 0.071,
            "max": 172.175,
            "p(90)": 0.4061000000000007,
            "p(95)": 1.7390999999999974
        },
        "vus": {
            "value": 1,
            "min": 0,
            "max": 3
        },
        "http_req_sending": {
            "max": 7.773,
            "p(90)": 0.046,
            "p(95)": 0.14,
            "avg": 0.06187519999998846,
            "min": 0,
            "med": 0.013
        },
        "http_req_waiting": {
            "p(90)": 0.7171000000000006,
            "p(95)": 1.9580499999999987,
            "avg": 0.4505148333333731,
            "min": 0,
            "med": 0.042,
            "max": 110.308
        },
        "http_req_duration": {
            "med": 0.072,
            "max": 117.477,
            "p(90)": 0.932,
            "p(95)": 2.5411999999999946,
            "avg": 0.5700423666666519,
            "min": 0
        }
    }
}