{
    "root_group": {
        "path": "",
        "id": "d41d8cd98f00b204e9800998ecf8427e",
        "groups": {},
        "checks": {
                "seed status is 200": {
                    "fails": 0,
                    "name": "seed status is 200",
                    "path": "::seed status is 200",
                    "id": "2ac229dc72417ad76e9d2b75969e5805",
                    "passes": 5000
                }
            },
        "name": ""
    },
    "metrics": {
        "http_req_duration{expected_response:true}": {
            "avg": 0.818207,
            "min": 0.052,
            "med": 0.428,
            "max": 34.358,
            "p(90)": 1.2564000000000004,
            "p(95)": 1.9747999999999963
        },
        "iteration_duration": {
            "avg": 1.2440642018000043,
            "min": 0.189542,
            "med": 0.6880415,
            "max": 71.138375,
            "p(90)": 1.8483452000000005,
            "p(95)": 2.7717326999999985
        },
        "iterations": {
            "count": 5000,
            "rate": 7960.769328747931
        },
        "http_reqs": {
            "count": 5000,
            "rate": 7960.769328747931
        },
        "http_req_connecting": {
            "avg": 0.2895170000000009,
            "min": 0.033,
            "med": 0.14,
            "max": 70.126,
            "p(90)": 0.4141000000000001,
            "p(95)": 0.6661499999999994
        },
        "data_received": {
            "count": 755000,
            "rate": 1202076.1686409374
        },
        "http_req_failed": {
            "passes": 0,
            "fails": 5000,
            "thresholds": {
                "rate==0": false
            },
            "value": 0
        },
        "http_req_duration": {
            "avg": 0.818207,
            "min": 0.052,
            "med": 0.428,
            "max": 34.358,
            "p(90)": 1.2564000000000004,
            "p(95)": 1.9747999999999963
        },
        "http_req_blocked": {
            "avg": 0.35679979999999983,
            "min": 0.039,
            "med": 0.163,
            "max": 70.188,
            "p(90)": 0.477,
            "p(95)": 0.7620499999999998
        },
        "http_req_sending": {
            "med": 0.02,
            "max": 30.144,
            "p(90)": 0.124,
            "p(95)": 0.213,
            "avg": 0.10236819999999926,
            "min": 0.003
        },
        "http_req_tls_handshaking": {
            "p(95)": 0,
            "avg": 0,
            "min": 0,
            "med": 0,
            "max": 0,
            "p(90)": 0
        },
        "http_req_waiting": {
            "med": 0.317,
            "max": 33.347,
            "p(90)": 0.947,
            "p(95)": 1.4100499999999998,
            "avg": 0.5837451999999991,
            "min": 0.027
        },
        "http_req_receiving": {
            "avg": 0.13209359999999964,
            "min": 0.004,
            "med": 0.033,
            "max": 27.867,
            "p(90)": 0.2321000000000001,
            "p(95)": 0.401
        },
        "checks": {
            "passes": 5000,
            "fails": 0,
            "value": 1
        },
        "data_sent": {
            "count": 1004414,
            "rate": 1599181.6329130048
        }
    }
}