{
    "root_group": {
        "name": "",
        "path": "",
        "id": "d41d8cd98f00b204e9800998ecf8427e",
        "groups": {},
        "checks": {
                "status is 200 or 503": {
                    "name": "status is 200 or 503",
                    "path": "::status is 200 or 503",
                    "id": "9158419957bbc07d723ad901a3da8b58",
                    "passes": 49696,
                    "fails": 318
                }
            }
    },
    "metrics": {
        "http_req_connecting": {
            "avg": 0.41001689526932683,
            "min": 0.034,
            "med": 0.071,
            "max": 80.972,
            "p(90)": 0.222,
            "p(95)": 0.5203499999999978
        },
        "iterations": {
            "rate": 4996.780476449522,
            "count": 50014
        },
        "vus_max": {
            "value": 1000,
            "min": 1000,
            "max": 1000
        },
        "data_received": {
            "count": 8374019,
            "rate": 836628.4370099843
        },
        "iteration_duration": {
            "min": 0.1115,
            "med": 0.738875,
            "max": 81.736875,
            "p(90)": 3.135858000000006,
            "p(95)": 7.064391549999995,
            "avg": 1.769434169932436
        },
        "vus": {
            "value": 5,
            "min": 3,
            "max": 96
        },
        "http_req_blocked": {
            "p(95)": 0.6703499999999978,
            "avg": 0.45693893709759564,
            "min": 0.043,
            "med": 0.089,
            "max": 80.994,
            "p(90)": 0.288
        },
        "http_req_duration": {
            "avg": 1.2437926180669483,
            "min": 0,
            "med": 0.6,
            "max": 61.47,
            "p(90)": 2.303,
            "p(95)": 5.360049999999993
        },
        "checks": {
            "passes": 49696,
            "fails": 318,
            "value": 0.9936417803015156
        },
        "data_sent": {
            "count": 9173701,
            "rate": 916522.7746947947
        },
        "http_req_receiving": {
            "avg": 0.055205122565684474,
            "min": 0,
            "med": 0.014,
            "max": 32.129,
            "p(90)": 0.077,
            "p(95)": 0.17234999999999775
        },
        "success_duration": {
            "min": 0.544,
            "med": 0.601,
            "max": 61.47,
            "p(90)": 2.293,
            "p(95)": 5.400749999999998,
            "avg": 1.249691250050859
        },
        "status_503": {
            "rate": 52.9510467572729,
            "count": 530
        },
        "http_req_tls_handshaking": {
            "med": 0,
            "max": 0,
            "p(90)": 0,
            "p(95)": 0,
            "avg": 0,
            "min": 0
        },
        "http_req_sending": {
            "max": 16.17,
            "p(90)": 0.074,
            "p(95)": 0.144,
            "avg": 0.04889019074659258,
            "min": 0,
            "med": 0.013
        },
        "http_req_duration{expected_response:true}": {
            "med": 0.601,
            "max": 61.47,
            "p(90)": 2.293,
            "p(95)": 5.400749999999998,
            "avg": 1.249691250050859,
            "min": 0.544
        },
        "http_req_waiting": {
            "avg": 1.1396973047546644,
            "min": 0,
            "med": 0.561,
            "max": 61.383,
            "p(90)": 2.060700000000001,
            "p(95)": 4.798699999999996
        },
        "http_req_failed": {
            "passes": 848,
            "fails": 49166,
            "value": 0.0169552525292918
        },
        "http_reqs": {
            "count": 50014,
            "rate": 4996.780476449522
        }
    }
}