{
    "metrics": {
        "http_req_sending": {
            "med": 0.01,
            "max": 3.739,
            "p(90)": 0.017,
            "p(95)": 0.039,
            "avg": 0.018493583547214674,
            "min": 0
        },
        "checks": {
            "passes": 29922,
            "fails": 79,
            "value": 0.9973667544415186
        },
        "http_reqs": {
            "count": 30001,
            "rate": 2999.850712405799
        },
        "success_duration": {
            "med": 0.562,
            "max": 35.364,
            "p(90)": 0.641,
            "p(95)": 1.225,
            "avg": 0.7343992688734856,
            "min": 0.539
        },
        "iterations": {
            "count": 30001,
            "rate": 2999.850712405799
        },
        "status_503": {
            "count": 105,
            "rate": 10.49912752250288
        },
        "vus": {
            "value": 2,
            "min": 2,
            "max": 3
        },
        "http_req_waiting": {
            "p(95)": 1.139,
            "avg": 0.6924436852104793,
            "min": 0,
            "med": 0.537,
            "max": 35.33,
            "p(90)": 0.588
        },
        "http_req_tls_handshaking": {
            "avg": 0,
            "min": 0,
            "med": 0,
            "max": 0,
            "p(90)": 0,
            "p(95)": 0
        },
        "data_sent": {
            "count": 5409408,
            "rate": 540895.8515547358
        },
        "http_req_connecting": {
            "med": 0.047,
            "max": 34.708,
            "p(90)": 0.09,
            "p(95)": 0.155,
            "avg": 0.14315449485016554,
            "min": 0.034
        },
        "vus_max": {
            "value": 1000,
            "min": 1000,
            "max": 1000
        },
        "http_req_failed": {
            "passes": 184,
            "fails": 29817,
            "value": 0.0061331288957034765
        },
        "http_req_duration{expected_response:true}": {
            "min": 0.539,
            "med": 0.562,
            "max": 35.364,
            "p(90)": 0.641,
            "p(95)": 1.225,
            "avg": 0.7343992688734856
        },
        "http_req_duration": {
            "p(90)": 0.644,
            "p(95)": 1.287,
            "avg": 0.7357345755141732,
            "min": 0,
            "med": 0.562,
            "max": 35.364
        },
        "http_req_receiving": {
            "p(90)": 0.035,
            "p(95)": 0.062,
            "avg": 0.024797306756441036,
            "min": 0,
            "med": 0.011,
            "max": 2.828
        },
        "data_received": {
            "count": 5163012,
            "rate": 516258.29893535847
        },
        "iteration_duration": {
            "med": 0.656291,
            "max": 36.870458,
            "p(90)": 0.838459,
            "p(95)": 1.750083,
            "avg": 0.9420368351388292,
            "min": 0.359542
        },
        "http_req_blocked": {
            "p(90)": 0.113,
            "p(95)": 0.207,
            "avg": 0.16183190560314575,
            "min": 0.045,
            "med": 0.06,
            "max": 34.729
        }
    },
    "root_group": {
        "path": "",
        "id": "d41d8cd98f00b204e9800998ecf8427e",
        "groups": {},
        "checks": {
                "status is 200 or 503": {
                    "name": "status is 200 or 503",
                    "path": "::status is 200 or 503",
                    "id": "9158419957bbc07d723ad901a3da8b58",
                    "passes": 29922,
                    "fails": 79
                }
            },
        "name": ""
    }
}