{
    "metrics": {
        "checks": {
            "passes": 5000,
            "fails": 0,
            "value": 1
        },
        "iteration_duration": {
            "avg": 0.7635245382000021,
            "min": 0.610167,
            "med": 0.733417,
            "max": 37.109583,
            "p(90)": 0.8119756,
            "p(95)": 0.8467101
        },
        "data_sent": {
            "count": 1007780,
            "rate": 526311.3915932646
        },
        "http_reqs": {
            "count": 5000,
            "rate": 2611.2414991032997
        },
        "http_req_duration": {
            "p(90)": 0.641,
            "p(95)": 0.6620499999999998,
            "avg": 0.608533800000002,
            "min": 0.541,
            "med": 0.598,
            "max": 36.458
        },
        "data_received": {
            "count": 755000,
            "rate": 394297.46636459825
        },
        "http_req_connecting": {
            "avg": 0.12093699999999989,
            "min": 0.033,
            "med": 0.098,
            "max": 36.327,
            "p(90)": 0.148,
            "p(95)": 0.163
        },
        "http_req_tls_handshaking": {
            "avg": 0,
            "min": 0,
            "med": 0,
            "max": 0,
            "p(90)": 0,
            "p(95)": 0
        },
        "http_req_duration{expected_response:true}": {
            "p(90)": 0.641,
            "p(95)": 0.6620499999999998,
            "avg": 0.608533800000002,
            "min": 0.541,
            "med": 0.598,
            "max": 36.458
        },
        "http_req_sending": {
            "avg": 0.008792800000000135,
            "min": 0.002,
            "med": 0.007,
            "max": 0.306,
            "p(90)": 0.011,
            "p(95)": 0.014
        },
        "iterations": {
            "rate": 2611.2414991032997,
            "count": 5000
        },
        "vus": {
            "value": 2,
            "min": 2,
            "max": 2
        },
        "http_req_failed": {
            "passes": 0,
            "fails": 5000,
            "thresholds": {
                "rate==0": false
            },
            "value": 0
        },
        "http_req_blocked": {
            "min": 0.041,
            "med": 0.108,
            "max": 36.365,
            "p(90)": 0.159,
            "p(95)": 0.177,
            "avg": 0.13213739999999974
        },
        "http_req_waiting": {
            "min": 0.526,
            "med": 0.579,
            "max": 36.272,
            "p(90)": 0.618,
            "p(95)": 0.638,
            "avg": 0.5878570000000013
        },
        "http_req_receiving": {
            "avg": 0.011884000000000209,
            "min": 0.006,
            "med": 0.01,
            "max": 0.282,
            "p(90)": 0.016,
            "p(95)": 0.019
        },
        "vus_max": {
            "max": 2,
            "value": 2,
            "min": 2
        }
    },
    "root_group": {
        "name": "",
        "path": "",
        "id": "d41d8cd98f00b204e9800998ecf8427e",
        "groups": {},
        "checks": {
                "seed status is 200": {
                    "name": "seed status is 200",
                    "path": "::seed status is 200",
                    "id": "2ac229dc72417ad76e9d2b75969e5805",
                    "passes": 5000,
                    "fails": 0
                }
            }
    }
}