{
    "root_group": {
        "name": "",
        "path": "",
        "id": "d41d8cd98f00b204e9800998ecf8427e",
        "groups": {},
        "checks": {
                "status is 200 or 503": {
                    "id": "9158419957bbc07d723ad901a3da8b58",
                    "passes": 49972,
                    "fails": 29,
                    "name": "status is 200 or 503",
                    "path": "::status is 200 or 503"
                }
            }
    },
    "metrics": {
        "http_req_connecting": {
            "p(95)": 0.184,
            "avg": 0.36058044839100994,
            "min": 0.033,
            "med": 0.048,
            "max": 86.87,
            "p(90)": 0.077
        },
        "http_reqs": {
            "count": 50001,
            "rate": 4999.6905253459745
        },
        "iterations": {
            "count": 50001,
            "rate": 4999.6905253459745
        },
        "http_req_duration": {
            "avg": 0.2310562788744259,
            "min": 0.008,
            "med": 0.056,
            "max": 37.962,
            "p(90)": 0.116,
            "p(95)": 0.788
        },
        "http_req_failed": {
            "passes": 54,
            "fails": 49947,
            "value": 0.0010799784004319913
        },
        "success_duration": {
            "avg": 0.23044657336777322,
            "min": 0.035,
            "med": 0.056,
            "max": 37.962,
            "p(90)": 0.114,
            "p(95)": 0.7646999999999978
        },
        "http_req_duration{expected_response:true}": {
            "avg": 0.23044657336777322,
            "min": 0.035,
            "med": 0.056,
            "max": 37.962,
            "p(90)": 0.114,
            "p(95)": 0.7646999999999978
        },
        "checks": {
            "fails": 29,
            "passes": 49972,
            "value": 0.999420011599768
        },
        "http_req_waiting": {
            "avg": 0.17567138657228262,
            "min": 0,
            "med": 0.033,
            "max": 37.921,
            "p(90)": 0.067,
            "p(95)": 0.567
        },
        "vus_max": {
            "min": 1000,
            "max": 1000,
            "value": 1000
        },
        "http_req_sending": {
            "min": 0,
            "med": 0.01,
            "max": 5.544,
            "p(90)": 0.018,
            "p(95)": 0.049,
            "avg": 0.02886320273594391
        },
        "data_sent": {
            "count": 9248552,
            "rate": 924779.4605621799
        },
        "http_req_blocked": {
            "avg": 0.38311531769368357,
            "min": 0.043,
            "med": 0.059,
            "max": 86.882,
            "p(90)": 0.097,
            "p(95)": 0.251
        },
        "iteration_duration": {
            "p(90)": 0.29175,
            "p(95)": 1.566625,
            "avg": 0.6543892007559851,
            "min": 0.103875,
            "med": 0.149083,
            "max": 87.257292
        },
        "status_503": {
            "count": 25,
            "rate": 2.4997952667676517
        },
        "vus": {
            "max": 1,
            "value": 1,
            "min": 1
        },
        "http_req_tls_handshaking": {
            "avg": 0,
            "min": 0,
            "med": 0,
            "max": 0,
            "p(90)": 0,
            "p(95)": 0
        },
        "data_received": {
            "count": 8399456,
            "rate": 839876.8140889261
        },
        "http_req_receiving": {
            "max": 14.788,
            "p(90)": 0.025,
            "p(95)": 0.046,
            "avg": 0.026521689566210125,
            "min": 0.004,
            "med": 0.011
        }
    }
}