{
    "root_group": {
        "id": "d41d8cd98f00b204e9800998ecf8427e",
        "groups": {},
        "checks": {
                "status is 200 or 503": {
                    "name": "status is 200 or 503",
                    "path": "::status is 200 or 503",
                    "id": "9158419957bbc07d723ad901a3da8b58",
                    "passes": 49912,
                    "fails": 89
                }
            },
        "name": "",
        "path": ""
    },
    "metrics": {
        "iterations": {
            "count": 50001,
            "rate": 4988.61122834113
        },
        "vus": {
            "max": 109,
            "value": 10,
            "min": 0
        },
        "http_req_failed": {
            "passes": 337,
            "fails": 49664,
            "value": 0.006739865202695946
        },
        "http_req_waiting": {
            "med": 0.032,
            "max": 33.307,
            "p(90)": 0.052,
            "p(95)": 0.208,
            "avg": 0.09525735485290691,
            "min": 0
        },
        "vus_max": {
            "value": 1000,
            "min": 1000,
            "max": 1000
        },
        "http_req_blocked": {
            "min": 0.044,
            "med": 0.058,
            "max": 33.895,
            "p(90)": 0.084,
            "p(95)": 0.177,
            "avg": 0.19455636887261984
        },
        "success_duration": {
            "min": 0.036,
            "med": 0.055,
            "max": 33.862,
            "p(90)": 0.086,
            "p(95)": 0.298,
            "avg": 0.13825342300257146
        },
        "http_req_sending": {
            "max": 3.169,
            "p(90)": 0.016,
            "p(95)": 0.035,
            "avg": 0.022590648187036502,
            "min": 0,
            "med": 0.01
        },
        "http_reqs": {
            "count": 50001,
            "rate": 4988.61122834113
        },
        "http_req_duration": {
            "p(90)": 0.087,
            "p(95)": 0.316,
            "avg": 0.13960040799183387,
            "min": 0,
            "med": 0.055,
            "max": 33.862
        },
        "iteration_duration": {
            "med": 0.144417,
            "max": 38.070208,
            "p(90)": 0.219666,
            "p(95)": 0.685333,
            "avg": 0.37461359902802055,
            "min": 0.107584
        },
        "checks": {
            "passes": 49912,
            "fails": 89,
            "value": 0.9982200355992881
        },
        "data_sent": {
            "count": 9213089,
            "rate": 919192.0008221066
        },
        "data_received": {
            "count": 8391735,
            "rate": 837245.3240187847
        },
        "status_503": {
            "rate": 24.743016832235362,
            "count": 248
        },
        "http_req_duration{expected_response:true}": {
            "avg": 0.13825342300257146,
            "min": 0.036,
            "med": 0.055,
            "max": 33.862,
            "p(90)": 0.086,
            "p(95)": 0.298
        },
        "http_req_connecting": {
            "min": 0.033,
            "med": 0.046,
            "max": 33.884,
            "p(90)": 0.066,
            "p(95)": 0.124,
            "avg": 0.1769194416111577
        },
        "http_req_tls_handshaking": {
            "max": 0,
            "p(90)": 0,
            "p(95)": 0,
            "avg": 0,
            "min": 0,
            "med": 0
        },
        "http_req_receiving": {
            "p(90)": 0.022,
            "p(95)": 0.038,
            "avg": 0.021752404951903576,
            "min": 0,
            "med": 0.01,
            "max": 27.454
        }
    }
}