{
    "root_group": {
        "name": "",
        "path": "",
        "id": "d41d8cd98f00b204e9800998ecf8427e",
        "groups": {},
        "checks": {
                "status is 200 or 503": {
                    "name": "status is 200 or 503",
                    "path": "::status is 200 or 503",
                    "id": "9158419957bbc07d723ad901a3da8b58",
                    "passes": 49734,
                    "fails": 266
                }
            }
    },
    "metrics": {
        "http_req_failed": {
            "passes": 1308,
            "fails": 48692,
            "value": 0.02616
        },
        "iterations": {
            "count": 50000,
            "rate": 4999.644025345396
        },
        "status_503": {
            "count": 1042,
            "rate": 104.19258148819804
        },
        "vus": {
            "value": 1,
            "min": 1,
            "max": 2
        },
        "vus_max": {
            "value": 1000,
            "min": 1000,
            "max": 1000
        },
        "http_req_duration": {
            "max": 121.567,
            "p(90)": 0.275,
            "p(95)": 1.085,
            "avg": 0.5131959000000372,
            "min": 0,
            "med": 0.154
        },
        "http_req_connecting": {
            "max": 93.789,
            "p(90)": 0.104,
            "p(95)": 0.474,
            "avg": 0.6324955400000651,
            "min": 0.032,
            "med": 0.047
        },
        "http_req_sending": {
            "avg": 0.048033140000018563,
            "min": 0,
            "med": 0.01,
            "max": 27.729,
            "p(90)": 0.019,
            "p(95)": 0.059
        },
        "data_sent": {
            "count": 9070437,
            "rate": 906979.1230864362
        },
        "checks": {
            "passes": 49734,
            "fails": 266,
            "value": 0.99468
        },
        "iteration_duration": {
            "avg": 1.3128840314200043,
            "min": 0.20575,
            "med": 0.248375,
            "max": 145.078333,
            "p(90)": 0.7010955000000002,
            "p(95)": 2.97555894999999
        },
        "http_req_receiving": {
            "p(90)": 0.031,
            "p(95)": 0.073,
            "avg": 0.05217065999999347,
            "min": 0,
            "med": 0.009,
            "max": 54.908
        },
        "http_req_duration{expected_response:true}": {
            "p(90)": 0.252,
            "p(95)": 0.9124499999999979,
            "avg": 0.49192892056193577,
            "min": 0.136,
            "med": 0.154,
            "max": 121.567
        },
        "success_duration": {
            "avg": 0.49192892056193577,
            "min": 0.136,
            "med": 0.154,
            "max": 121.567,
            "p(90)": 0.252,
            "p(95)": 0.9124499999999979
        },
        "http_req_waiting": {
            "med": 0.134,
            "max": 115.457,
            "p(90)": 0.2,
            "p(95)": 0.8240499999999977,
            "avg": 0.41299210000005465,
            "min": 0
        },
        "http_reqs": {
            "rate": 4999.644025345396,
            "count": 50000
        },
        "data_received": {
            "count": 8371629,
            "rate": 837103.2982451649
        },
        "http_req_blocked": {
            "min": 0.042,
            "med": 0.058,
            "max": 136.43,
            "p(90)": 0.144,
            "p(95)": 0.587,
            "avg": 0.6922112000000107
        },
        "http_req_tls_handshaking": {
            "max": 0,
            "p(90)": 0,
            "p(95)": 0,
            "avg": 0,
            "min": 0,
            "med": 0
        }
    }
}