{
    "metrics": {
        "http_req_tls_handshaking": {
            "max": 0,
            "p(90)": 0,
            "p(95)": 0,
            "avg": 0,
            "min": 0,
            "med": 0
        },
        "http_req_sending": {
            "avg": 0.009411800000000144,
            "min": 0.003,
            "med": 0.007,
            "max": 0.286,
            "p(90)": 0.012,
            "p(95)": 0.017
        },
        "http_req_duration{expected_response:true}": {
            "avg": 0.16588959999999914,
            "min": 0.136,
            "med": 0.156,
            "max": 8.714,
            "p(90)": 0.186,
            "p(95)": 0.205
        },
        "http_req_duration": {
            "min": 0.136,
            "med": 0.156,
            "max": 8.714,
            "p(90)": 0.186,
            "p(95)": 0.205,
            "avg": 0.16588959999999914
        },
        "http_req_connecting": {
            "avg": 0.05417680000000004,
            "min": 0.032,
            "med": 0.046,
            "max": 8.663,
            "p(90)": 0.071,
            "p(95)": 0.085
        },
        "checks": {
            "passes": 5000,
            "fails": 0,
            "value": 1
        },
        "iterations": {
            "count": 5000,
            "rate": 7774.550475491506
        },
        "http_req_blocked": {
            "min": 0.038,
            "med": 0.057,
            "max": 8.679,
            "p(90)": 0.086,
            "p(95)": 0.103,
            "avg": 0.06591140000000005
        },
        "http_reqs": {
            "rate": 7774.550475491506,
            "count": 5000
        },
        "iteration_duration": {
            "max": 8.906458,
            "p(90)": 0.28935810000000006,
            "p(95)": 0.34426249999999997,
            "avg": 0.254867501599999,
            "min": 0.197041,
            "med": 0.2366455
        },
        "data_sent": {
            "count": 1007780,
            "rate": 1567007.2956381661
        },
        "http_req_waiting": {
            "p(90)": 0.16,
            "p(95)": 0.173,
            "avg": 0.14392379999999821,
            "min": 0.121,
            "med": 0.137,
            "max": 8.67
        },
        "http_req_failed": {
            "passes": 0,
            "fails": 5000,
            "thresholds": {
                "rate==0": false
            },
            "value": 0
        },
        "http_req_receiving": {
            "max": 0.257,
            "p(90)": 0.018,
            "p(95)": 0.026,
            "avg": 0.012554000000000214,
            "min": 0.004,
            "med": 0.009
        },
        "data_received": {
            "count": 755000,
            "rate": 1173957.1217992175
        }
    },
    "root_group": {
        "path": "",
        "id": "d41d8cd98f00b204e9800998ecf8427e",
        "groups": {},
        "checks": {
                "seed status is 200": {
                    "name": "seed status is 200",
                    "path": "::seed status is 200",
                    "id": "2ac229dc72417ad76e9d2b75969e5805",
                    "passes": 5000,
                    "fails": 0
                }
            },
        "name": ""
    }
}