{
    "root_group": {
        "id": "d41d8cd98f00b204e9800998ecf8427e",
        "groups": {},
        "checks": {
                "status is 200 or 503": {
                    "passes": 49808,
                    "fails": 193,
                    "name": "status is 200 or 503",
                    "path": "::status is 200 or 503",
                    "id": "9158419957bbc07d723ad901a3da8b58"
                }
            },
        "name": "",
        "path": ""
    },
    "metrics": {
        "http_req_failed": {
            "passes": 620,
            "fails": 49381,
            "value": 0.0123997520049599
        },
        "http_req_duration{expected_response:true}": {
            "avg": 0.3253467325490105,
            "min": 0.034,
            "med": 0.055,
            "max": 112.633,
            "p(90)": 0.102,
            "p(95)": 0.413
        },
        "iterations": {
            "count": 50001,
            "rate": 4999.643532545479
        },
        "http_req_connecting": {
            "med": 0.046,
            "max": 39.365,
            "p(90)": 0.077,
            "p(95)": 0.197,
            "avg": 0.22002005959881457,
            "min": 0.033
        },
        "vus": {
            "value": 1,
            "min": 0,
            "max": 33
        },
        "http_req_sending": {
            "med": 0.01,
            "max": 29.027,
            "p(90)": 0.017,
            "p(95)": 0.048,
            "avg": 0.0371635167296668,
            "min": 0
        },
        "http_req_waiting": {
            "min": 0,
            "med": 0.032,
            "max": 95.993,
            "p(90)": 0.063,
            "p(95)": 0.336,
            "avg": 0.2930563788724803
        },
        "http_req_receiving": {
            "p(95)": 0.046,
            "avg": 0.02922895542090013,
            "min": 0,
            "med": 0.01,
            "max": 49.49,
            "p(90)": 0.024
        },
        "data_received": {
            "count": 8385983,
            "rate": 838521.7429648673
        },
        "http_req_duration": {
            "max": 112.633,
            "p(90)": 0.112,
            "p(95)": 0.497,
            "avg": 0.35944885102295565,
            "min": 0,
            "med": 0.055
        },
        "checks": {
            "passes": 49808,
            "fails": 193,
            "value": 0.996140077198456
        },
        "data_sent": {
            "count": 9182762,
            "rate": 918192.3690367069
        },
        "http_reqs": {
            "count": 50001,
            "rate": 4999.643532545479
        },
        "success_duration": {
            "avg": 0.3253467325490105,
            "min": 0.034,
            "med": 0.055,
            "max": 112.633,
            "p(90)": 0.102,
            "p(95)": 0.413
        },
        "iteration_duration": {
            "avg": 0.6833425111097821,
            "min": 0.104,
            "med": 0.144333,
            "max": 133.235125,
            "p(90)": 0.332208,
            "p(95)": 1.244875
        },
        "vus_max": {
            "min": 1000,
            "max": 1000,
            "value": 1000
        },
        "status_503": {
            "count": 427,
            "rate": 42.69610184590147
        },
        "http_req_blocked": {
            "med": 0.057,
            "max": 74.515,
            "p(90)": 0.101,
            "p(95)": 0.276,
            "avg": 0.27475606487873083,
            "min": 0.043
        },
        "http_req_tls_handshaking": {
            "p(90)": 0,
            "p(95)": 0,
            "avg": 0,
            "min": 0,
            "med": 0,
            "max": 0
        }
    }
}