{
    "metrics": {
        "iteration_duration": {
            "p(90)": 0.24271220000000002,
            "p(95)": 0.31634134999999997,
            "avg": 0.17137989800000072,
            "min": 0.098709,
            "med": 0.1458955,
            "max": 1.374375
        },
        "http_req_duration{expected_response:true}": {
            "p(95)": 0.148,
            "avg": 0.07358840000000008,
            "min": 0.035,
            "med": 0.06,
            "max": 0.854,
            "p(90)": 0.112
        },
        "data_sent": {
            "count": 1007780,
            "rate": 2317465.500628934
        },
        "http_reqs": {
            "count": 5000,
            "rate": 11497.874043089432
        },
        "http_req_duration": {
            "avg": 0.07358840000000008,
            "min": 0.035,
            "med": 0.06,
            "max": 0.854,
            "p(90)": 0.112,
            "p(95)": 0.148
        },
        "http_req_tls_handshaking": {
            "avg": 0,
            "min": 0,
            "med": 0,
            "max": 0,
            "p(90)": 0,
            "p(95)": 0
        },
        "checks": {
            "passes": 5000,
            "fails": 0,
            "value": 1
        },
        "data_received": {
            "rate": 1736178.9805065044,
            "count": 755000
        },
        "iterations": {
            "count": 5000,
            "rate": 11497.874043089432
        },
        "http_req_failed": {
            "passes": 0,
            "fails": 5000,
            "thresholds": {
                "rate==0": false
            },
            "value": 0
        },
        "http_req_sending": {
            "min": 0.003,
            "med": 0.007,
            "max": 0.376,
            "p(90)": 0.015,
            "p(95)": 0.028,
            "avg": 0.010412400000000195
        },
        "http_req_receiving": {
            "avg": 0.014737800000000209,
            "min": 0.004,
            "med": 0.009,
            "max": 0.523,
            "p(90)": 0.027,
            "p(95)": 0.041
        },
        "http_req_connecting": {
            "avg": 0.05915000000000008,
            "min": 0.032,
            "med": 0.05,
            "max": 0.685,
            "p(90)": 0.087,
            "p(95)": 0.103
        },
        "http_req_waiting": {
            "avg": 0.04843819999999981,
            "min": 0.02,
            "med": 0.04,
            "max": 0.646,
            "p(90)": 0.07310000000000011,
            "p(95)": 0.093
        },
        "http_req_blocked": {
            "p(90)": 0.105,
            "p(95)": 0.128,
            "avg": 0.07181939999999992,
            "min": 0.04,
            "med": 0.061,
            "max": 0.737
        }
    },
    "root_group": {
        "path": "",
        "id": "d41d8cd98f00b204e9800998ecf8427e",
        "groups": {},
        "checks": {
                "seed status is 200": {
                    "id": "2ac229dc72417ad76e9d2b75969e5805",
                    "passes": 5000,
                    "fails": 0,
                    "name": "seed status is 200",
                    "path": "::seed status is 200"
                }
            },
        "name": ""
    }
}