{
    "root_group": {
        "name": "",
        "path": "",
        "id": "d41d8cd98f00b204e9800998ecf8427e",
        "groups": {},
        "checks": {
                "status is 200 or 503": {
                    "name": "status is 200 or 503",
                    "path": "::status is 200 or 503",
                    "id": "9158419957bbc07d723ad901a3da8b58",
                    "passes": 29927,
                    "fails": 62
                }
            }
    },
    "metrics": {
        "http_req_tls_handshaking": {
            "max": 0,
            "p(90)": 0,
            "p(95)": 0,
            "avg": 0,
            "min": 0,
            "med": 0
        },
        "vus": {
            "value": 0,
            "min": 0,
            "max": 1
        },
        "http_reqs": {
            "count": 29989,
            "rate": 2995.270929741525
        },
        "checks": {
            "passes": 29927,
            "fails": 62,
            "value": 0.9979325752776018
        },
        "vus_max": {
            "value": 1000,
            "min": 1000,
            "max": 1000
        },
        "http_req_duration{expected_response:true}": {
            "p(90)": 0.107,
            "p(95)": 0.33364999999999867,
            "avg": 0.13498963365539182,
            "min": 0.034,
            "med": 0.059,
            "max": 43.991
        },
        "http_req_sending": {
            "avg": 0.021824535663074022,
            "min": 0,
            "med": 0.01,
            "max": 9.671,
            "p(90)": 0.018,
            "p(95)": 0.036
        },
        "http_req_failed": {
            "passes": 181,
            "fails": 29808,
            "value": 0.006035546367001233
        },
        "data_received": {
            "count": 5161382,
            "rate": 515513.60371773556
        },
        "data_sent": {
            "count": 5404930,
            "rate": 539838.9311510174
        },
        "http_req_waiting": {
            "avg": 0.09447304011470802,
            "min": 0,
            "med": 0.034,
            "max": 43.842,
            "p(90)": 0.074,
            "p(95)": 0.23559999999999864
        },
        "http_req_duration": {
            "p(95)": 0.3831999999999973,
            "avg": 0.13771829670879046,
            "min": 0,
            "med": 0.059,
            "max": 43.991,
            "p(90)": 0.109
        },
        "http_req_blocked": {
            "avg": 0.1682464236886856,
            "min": 0.044,
            "med": 0.065,
            "max": 43.182,
            "p(90)": 0.116,
            "p(95)": 0.204
        },
        "http_req_connecting": {
            "p(95)": 0.163,
            "avg": 0.14547397379038396,
            "min": 0.035,
            "med": 0.052,
            "max": 43.171,
            "p(90)": 0.1
        },
        "iterations": {
            "count": 29989,
            "rate": 2995.270929741525
        },
        "status_503": {
            "count": 119,
            "rate": 11.88559940775756
        },
        "iteration_duration": {
            "max": 45.259,
            "p(90)": 0.2730832,
            "p(95)": 0.8642249999999978,
            "avg": 0.348672772116448,
            "min": 0.107291,
            "med": 0.161417
        },
        "http_req_receiving": {
            "p(90)": 0.025,
            "p(95)": 0.043,
            "avg": 0.02142072093100716,
            "min": 0,
            "med": 0.011,
            "max": 1.829
        },
        "success_duration": {
            "min": 0.034,
            "med": 0.059,
            "max": 43.991,
            "p(90)": 0.107,
            "p(95)": 0.33364999999999867,
            "avg": 0.13498963365539182
        }
    }
}