{
    "root_group": {
        "name": "",
        "path": "",
        "id": "d41d8cd98f00b204e9800998ecf8427e",
        "groups": {},
        "checks": {
                "seed status is 200": {
                    "name": "seed status is 200",
                    "path": "::seed status is 200",
                    "id": "2ac229dc72417ad76e9d2b75969e5805",
                    "passes": 5000,
                    "fails": 0
                }
            }
    },
    "metrics": {
        "http_req_duration": {
            "max": 22.179,
            "p(90)": 0.092,
            "p(95)": 0.123,
            "avg": 0.07249019999999985,
            "min": 0.032,
            "med": 0.057
        },
        "http_req_sending": {
            "min": 0.003,
            "med": 0.007,
            "max": 0.336,
            "p(90)": 0.013,
            "p(95)": 0.019,
            "avg": 0.009718400000000196
        },
        "http_req_duration{expected_response:true}": {
            "min": 0.032,
            "med": 0.057,
            "max": 22.179,
            "p(90)": 0.092,
            "p(95)": 0.123,
            "avg": 0.07249019999999985
        },
        "http_req_connecting": {
            "avg": 0.06426560000000008,
            "min": 0.033,
            "med": 0.053,
            "max": 22.135,
            "p(90)": 0.08,
            "p(95)": 0.095
        },
        "http_reqs": {
            "count": 5000,
            "rate": 11245.077467338673
        },
        "data_sent": {
            "count": 1007780,
            "rate": 2266512.8340069135
        },
        "http_req_receiving": {
            "avg": 0.013289400000000267,
            "min": 0.004,
            "med": 0.01,
            "max": 0.731,
            "p(90)": 0.02,
            "p(95)": 0.028
        },
        "iteration_duration": {
            "min": 0.102834,
            "med": 0.148042,
            "max": 22.348833,
            "p(90)": 0.21140840000000005,
            "p(95)": 0.28222114999999975,
            "avg": 0.17523264119999968
        },
        "http_req_blocked": {
            "p(95)": 0.113,
            "avg": 0.07691539999999988,
            "min": 0.041,
            "med": 0.065,
            "max": 22.151,
            "p(90)": 0.095
        },
        "iterations": {
            "count": 5000,
            "rate": 11245.077467338673
        },
        "checks": {
            "passes": 5000,
            "fails": 0,
            "value": 1
        },
        "http_req_waiting": {
            "avg": 0.04948239999999967,
            "min": 0.02,
            "med": 0.038,
            "max": 22.127,
            "p(90)": 0.064,
            "p(95)": 0.079
        },
        "data_received": {
            "count": 755000,
            "rate": 1698006.6975681395
        },
        "http_req_failed": {
            "passes": 0,
            "fails": 5000,
            "thresholds": {
                "rate==0": false
            },
            "value": 0
        },
        "http_req_tls_handshaking": {
            "med": 0,
            "max": 0,
            "p(90)": 0,
            "p(95)": 0,
            "avg": 0,
            "min": 0
        }
    }
}