{
    "metrics": {
        "http_req_tls_handshaking": {
            "avg": 0,
            "min": 0,
            "med": 0,
            "max": 0,
            "p(90)": 0,
            "p(95)": 0
        },
        "data_received": {
            "count": 5162674,
            "rate": 516125.8782841745
        },
        "status_503": {
            "count": 38,
            "rate": 3.798958325627113
        },
        "http_req_blocked": {
            "max": 21.461,
            "p(90)": 0.114,
            "p(95)": 0.158,
            "avg": 0.14800889970334144,
            "min": 0.045,
            "med": 0.062
        },
        "http_req_failed": {
            "passes": 141,
            "fails": 29860,
            "value": 0.004699843338555381
        },
        "checks": {
            "passes": 29898,
            "fails": 103,
            "value": 0.9965667811072965
        },
        "http_req_duration": {
            "p(90)": 0.104,
            "p(95)": 0.214,
            "avg": 0.12417692743574732,
            "min": 0.006,
            "med": 0.058,
            "max": 19.744
        },
        "success_duration": {
            "med": 0.058,
            "max": 19.744,
            "p(90)": 0.102,
            "p(95)": 0.177,
            "avg": 0.12103727394507278,
            "min": 0.036
        },
        "http_req_duration{expected_response:true}": {
            "med": 0.058,
            "max": 19.744,
            "p(90)": 0.102,
            "p(95)": 0.177,
            "avg": 0.12103727394507278,
            "min": 0.036
        },
        "http_req_sending": {
            "avg": 0.016716742775241444,
            "min": 0,
            "med": 0.01,
            "max": 3.981,
            "p(90)": 0.014,
            "p(95)": 0.024
        },
        "data_sent": {
            "count": 5419229,
            "rate": 541774.3454744709
        },
        "http_reqs": {
            "count": 30001,
            "rate": 2999.277598082606
        },
        "http_req_receiving": {
            "avg": 0.018996900103329578,
            "min": 0.004,
            "med": 0.011,
            "max": 1.218,
            "p(90)": 0.021,
            "p(95)": 0.035
        },
        "iterations": {
            "count": 30001,
            "rate": 2999.277598082606
        },
        "vus": {
            "min": 0,
            "max": 1,
            "value": 1
        },
        "vus_max": {
            "value": 1000,
            "min": 1000,
            "max": 1000
        },
        "http_req_connecting": {
            "p(90)": 0.101,
            "p(95)": 0.134,
            "avg": 0.13252918236058092,
            "min": 0.035,
            "med": 0.05,
            "max": 21.44
        },
        "http_req_waiting": {
            "p(90)": 0.077,
            "p(95)": 0.151,
            "avg": 0.08846328455718076,
            "min": 0,
            "med": 0.034,
            "max": 19.702
        },
        "iteration_duration": {
            "avg": 0.3106201850604986,
            "min": 0.106917,
            "med": 0.1545,
            "max": 22.577417,
            "p(90)": 0.251584,
            "p(95)": 0.531166
        }
    },
    "root_group": {
        "name": "",
        "path": "",
        "id": "d41d8cd98f00b204e9800998ecf8427e",
        "groups": {},
        "checks": {
                "status is 200 or 503": {
                    "name": "status is 200 or 503",
                    "path": "::status is 200 or 503",
                    "id": "9158419957bbc07d723ad901a3da8b58",
                    "passes": 29898,
                    "fails": 103
                }
            }
    }
}