{
    "metrics": {
        "checks": {
            "passes": 5000,
            "fails": 0,
            "value": 1
        },
        "http_req_failed": {
            "passes": 0,
            "fails": 5000,
            "thresholds": {
                "rate==0": false
            },
            "value": 0
        },
        "http_req_duration": {
            "min": 0.034,
            "med": 0.056,
            "max": 0.639,
            "p(90)": 0.094,
            "p(95)": 0.126,
            "avg": 0.06718159999999986
        },
        "http_req_receiving": {
            "avg": 0.01295260000000024,
            "min": 0.004,
            "med": 0.009,
            "max": 0.313,
            "p(90)": 0.02,
            "p(95)": 0.032
        },
        "iterations": {
            "count": 5000,
            "rate": 11499.301992369063
        },
        "http_req_blocked": {
            "p(90)": 0.095,
            "p(95)": 0.113,
            "avg": 0.07994840000000009,
            "min": 0.038,
            "med": 0.058,
            "max": 29.26
        },
        "http_req_sending": {
            "med": 0.006,
            "max": 0.395,
            "p(90)": 0.013,
            "p(95)": 0.022,
            "avg": 0.009380800000000192,
            "min": 0.003
        },
        "http_reqs": {
            "count": 5000,
            "rate": 11499.301992369063
        },
        "iteration_duration": {
            "max": 29.424667,
            "p(90)": 0.2091375,
            "p(95)": 0.26905864999999995,
            "avg": 0.17134667079999977,
            "min": 0.095625,
            "med": 0.140458
        },
        "http_req_duration{expected_response:true}": {
            "med": 0.056,
            "max": 0.639,
            "p(90)": 0.094,
            "p(95)": 0.126,
            "avg": 0.06718159999999986,
            "min": 0.034
        },
        "data_sent": {
            "count": 1007780,
            "rate": 2317753.312373939
        },
        "http_req_tls_handshaking": {
            "avg": 0,
            "min": 0,
            "med": 0,
            "max": 0,
            "p(90)": 0,
            "p(95)": 0
        },
        "http_req_waiting": {
            "p(90)": 0.065,
            "p(95)": 0.082,
            "avg": 0.04484819999999985,
            "min": 0.021,
            "med": 0.038,
            "max": 0.621
        },
        "data_received": {
            "count": 755000,
            "rate": 1736394.6008477286
        },
        "http_req_connecting": {
            "avg": 0.06818880000000001,
            "min": 0.031,
            "med": 0.048,
            "max": 29.239,
            "p(90)": 0.081,
            "p(95)": 0.094
        }
    },
    "root_group": {
        "path": "",
        "id": "d41d8cd98f00b204e9800998ecf8427e",
        "groups": {},
        "checks": {
                "seed status is 200": {
                    "name": "seed status is 200",
                    "path": "::seed status is 200",
                    "id": "2ac229dc72417ad76e9d2b75969e5805",
                    "passes": 5000,
                    "fails": 0
                }
            },
        "name": ""
    }
}