{
    "root_group": {
        "id": "d41d8cd98f00b204e9800998ecf8427e",
        "groups": {},
        "checks": {
                "seed status is 200": {
                    "name": "seed status is 200",
                    "path": "::seed status is 200",
                    "id": "2ac229dc72417ad76e9d2b75969e5805",
                    "passes": 4080,
                    "fails": 920
                }
            },
        "name": "",
        "path": ""
    },
    "metrics": {
        "http_req_waiting": {
            "med": 0.213,
            "max": 191.588,
            "p(90)": 1.4744000000000004,
            "p(95)": 4.286149999999999,
            "avg": 1.5305807999999999,
            "min": 0
        },
        "http_req_tls_handshaking": {
            "avg": 0,
            "min": 0,
            "med": 0,
            "max": 0,
            "p(90)": 0,
            "p(95)": 0
        },
        "iteration_duration": {
            "avg": 3.5052103696,
            "min": 0.05975,
            "med": 0.817563,
            "max": 305.529166,
            "p(90)": 5.032971500000001,
            "p(95)": 11.301762499999992
        },
        "data_received": {
            "count": 616080,
            "rate": 348239.1617570002
        },
        "iterations": {
            "count": 5000,
            "rate": 2826.2495273097666
        },
        "http_req_failed": {
            "fails": 4080,
            "passes": 920,
            "thresholds": {
                "rate==0": true
            },
            "value": 0.184
        },
        "http_req_sending": {
            "avg": 0.18582319999999924,
            "min": 0,
            "med": 0.024,
            "max": 41.62,
            "p(90)": 0.205,
            "p(95)": 0.3750499999999998
        },
        "http_req_connecting": {
            "max": 298.233,
            "p(90)": 0.6741000000000001,
            "p(95)": 1.4047499999999966,
            "avg": 0.8025563999999991,
            "min": 0,
            "med": 0.1485
        },
        "vus": {
            "value": 10,
            "min": 10,
            "max": 10
        },
        "data_sent": {
            "count": 821179,
            "rate": 464171.35211734136
        },
        "vus_max": {
            "value": 10,
            "min": 10,
            "max": 10
        },
        "http_req_duration": {
            "med": 0.378,
            "max": 191.852,
            "p(90)": 2.1511000000000045,
            "p(95)": 6.045349999999994,
            "avg": 1.9269475999999992,
            "min": 0
        },
        "checks": {
            "fails": 920,
            "passes": 4080,
            "value": 0.816
        },
        "http_req_blocked": {
            "min": 0,
            "med": 0.175,
            "max": 298.252,
            "p(90)": 0.885,
            "p(95)": 1.8029499999999958,
            "avg": 0.9186151999999994
        },
        "http_req_receiving": {
            "avg": 0.21054359999999925,
            "min": 0,
            "med": 0.039,
            "max": 94.711,
            "p(90)": 0.324,
            "p(95)": 0.573199999999999
        },
        "http_reqs": {
            "count": 5000,
            "rate": 2826.2495273097666
        },
        "http_req_duration{expected_response:true}": {
            "p(90)": 2.9595000000000007,
            "p(95)": 7.359599999999998,
            "avg": 2.3368154411764697,
            "min": 0.042,
            "med": 0.496,
            "max": 191.852
        }
    }
}