{
    "metrics": {
        "checks": {
            "passes": 29946,
            "fails": 54,
            "value": 0.9982
        },
        "iteration_duration": {
            "max": 68.028875,
            "p(90)": 0.5802961000000001,
            "p(95)": 0.9623211499999993,
            "avg": 0.8601470783666699,
            "min": 0.280083,
            "med": 0.496583
        },
        "http_reqs": {
            "count": 30000,
            "rate": 2999.577959381115
        },
        "success_duration": {
            "avg": 0.5353943468807473,
            "min": 0.288,
            "med": 0.354,
            "max": 42.991,
            "p(90)": 0.41,
            "p(95)": 0.603
        },
        "vus": {
            "value": 2,
            "min": 1,
            "max": 2
        },
        "http_req_receiving": {
            "med": 0.01,
            "max": 17.118,
            "p(90)": 0.022,
            "p(95)": 0.04,
            "avg": 0.02067786666666522,
            "min": 0
        },
        "http_req_waiting": {
            "med": 0.333,
            "max": 36.695,
            "p(90)": 0.384,
            "p(95)": 0.5220499999999987,
            "avg": 0.48511626666666463,
            "min": 0
        },
        "http_req_sending": {
            "p(95)": 0.029,
            "avg": 0.03482179999999917,
            "min": 0,
            "med": 0.01,
            "max": 19.7,
            "p(90)": 0.016
        },
        "http_req_failed": {
            "passes": 105,
            "fails": 29895,
            "value": 0.0035
        },
        "http_req_blocked": {
            "med": 0.105,
            "max": 46.624,
            "p(90)": 0.139,
            "p(95)": 0.187,
            "avg": 0.27757223333333153,
            "min": 0.042
        },
        "vus_max": {
            "value": 1000,
            "min": 1000,
            "max": 1000
        },
        "data_received": {
            "count": 5165419,
            "rate": 516469.232778948
        },
        "http_req_tls_handshaking": {
            "med": 0,
            "max": 0,
            "p(90)": 0,
            "p(95)": 0,
            "avg": 0,
            "min": 0
        },
        "iterations": {
            "count": 30000,
            "rate": 2999.577959381115
        },
        "status_503": {
            "count": 51,
            "rate": 5.099282530947895
        },
        "http_req_duration": {
            "avg": 0.5406159333333314,
            "min": 0,
            "med": 0.354,
            "max": 42.991,
            "p(90)": 0.41010000000000063,
            "p(95)": 0.619
        },
        "http_req_connecting": {
            "avg": 0.2563519999999969,
            "min": 0.031,
            "med": 0.094,
            "max": 46.547,
            "p(90)": 0.124,
            "p(95)": 0.155
        },
        "data_sent": {
            "count": 5415939,
            "rate": 541517.7084584199
        },
        "http_req_duration{expected_response:true}": {
            "p(95)": 0.603,
            "avg": 0.5353943468807473,
            "min": 0.288,
            "med": 0.354,
            "max": 42.991,
            "p(90)": 0.41
        }
    },
    "root_group": {
        "name": "",
        "path": "",
        "id": "d41d8cd98f00b204e9800998ecf8427e",
        "groups": {},
        "checks": {
                "status is 200 or 503": {
                    "passes": 29946,
                    "fails": 54,
                    "name": "status is 200 or 503",
                    "path": "::status is 200 or 503",
                    "id": "9158419957bbc07d723ad901a3da8b58"
                }
            }
    }
}