{
    "root_group": {
        "path": "",
        "id": "d41d8cd98f00b204e9800998ecf8427e",
        "groups": {},
        "checks": {
                "status is 200 or 503": {
                    "name": "status is 200 or 503",
                    "path": "::status is 200 or 503",
                    "id": "9158419957bbc07d723ad901a3da8b58",
                    "passes": 49651,
                    "fails": 350
                }
            },
        "name": ""
    },
    "metrics": {
        "checks": {
            "passes": 49651,
            "fails": 350,
            "value": 0.9930001399972
        },
        "http_req_receiving": {
            "avg": 0.0304711505769906,
            "min": 0,
            "med": 0.011,
            "max": 7.193,
            "p(90)": 0.035,
            "p(95)": 0.08
        },
        "http_req_blocked": {
            "min": 0.045,
            "med": 0.062,
            "max": 90.638,
            "p(90)": 0.124,
            "p(95)": 0.336,
            "avg": 0.33857378852424896
        },
        "http_req_waiting": {
            "avg": 0.15684540309195413,
            "min": 0,
            "med": 0.033,
            "max": 30.027,
            "p(90)": 0.103,
            "p(95)": 0.634
        },
        "http_reqs": {
            "rate": 4999.668528605981,
            "count": 50001
        },
        "vus": {
            "value": 1,
            "min": 1,
            "max": 1
        },
        "vus_max": {
            "min": 1000,
            "max": 1000,
            "value": 1000
        },
        "http_req_duration{expected_response:true}": {
            "avg": 0.20728547603068118,
            "min": 0.035,
            "med": 0.058,
            "max": 31.081,
            "p(90)": 0.15,
            "p(95)": 0.716
        },
        "data_sent": {
            "count": 9174041,
            "rate": 917324.9348581217
        },
        "iterations": {
            "count": 50001,
            "rate": 4999.668528605981
        },
        "http_req_connecting": {
            "avg": 0.3146245875082665,
            "min": 0.032,
            "med": 0.049,
            "max": 90.528,
            "p(90)": 0.094,
            "p(95)": 0.25
        },
        "success_duration": {
            "avg": 0.20728547603068118,
            "min": 0.035,
            "med": 0.058,
            "max": 31.081,
            "p(90)": 0.15,
            "p(95)": 0.716
        },
        "data_received": {
            "count": 8370936,
            "rate": 837021.3650561956
        },
        "http_req_duration": {
            "avg": 0.2210058198836184,
            "min": 0,
            "med": 0.058,
            "max": 31.081,
            "p(90)": 0.182,
            "p(95)": 0.903
        },
        "http_req_sending": {
            "avg": 0.033689266214670104,
            "min": 0,
            "med": 0.01,
            "max": 5.256,
            "p(90)": 0.023,
            "p(95)": 0.056
        },
        "iteration_duration": {
            "avg": 0.6153732061958787,
            "min": 0.109916,
            "med": 0.156042,
            "max": 91.303583,
            "p(90)": 0.498041,
            "p(95)": 1.809916
        },
        "status_503": {
            "count": 484,
            "rate": 48.395823440437084
        },
        "http_req_tls_handshaking": {
            "avg": 0,
            "min": 0,
            "med": 0,
            "max": 0,
            "p(90)": 0,
            "p(95)": 0
        },
        "http_req_failed": {
            "fails": 49167,
            "passes": 834,
            "value": 0.016679666406671866
        }
    }
}