{
    "metrics": {
        "iteration_duration": {
            "avg": 0.17372163100000018,
            "min": 0.098958,
            "med": 0.1462705,
            "max": 1.7245,
            "p(90)": 0.25239160000000005,
            "p(95)": 0.34907849999999985
        },
        "http_reqs": {
            "count": 5000,
            "rate": 11336.223314530318
        },
        "http_req_blocked": {
            "avg": 0.07382760000000035,
            "min": 0.037,
            "med": 0.062,
            "max": 0.897,
            "p(90)": 0.106,
            "p(95)": 0.137
        },
        "http_req_duration": {
            "med": 0.058,
            "max": 0.79,
            "p(90)": 0.106,
            "p(95)": 0.15504999999999977,
            "avg": 0.07237099999999999,
            "min": 0.033
        },
        "http_req_receiving": {
            "avg": 0.014467400000000217,
            "min": 0.004,
            "med": 0.009,
            "max": 0.372,
            "p(90)": 0.024,
            "p(95)": 0.038
        },
        "http_req_tls_handshaking": {
            "max": 0,
            "p(90)": 0,
            "p(95)": 0,
            "avg": 0,
            "min": 0,
            "med": 0
        },
        "data_sent": {
            "count": 1007780,
            "rate": 2284883.8263834724
        },
        "http_req_duration{expected_response:true}": {
            "p(95)": 0.15504999999999977,
            "avg": 0.07237099999999999,
            "min": 0.033,
            "med": 0.058,
            "max": 0.79,
            "p(90)": 0.106
        },
        "http_req_sending": {
            "p(90)": 0.015,
            "p(95)": 0.025,
            "avg": 0.010198600000000134,
            "min": 0.003,
            "med": 0.007,
            "max": 0.244
        },
        "http_req_connecting": {
            "avg": 0.06073979999999998,
            "min": 0.029,
            "med": 0.051,
            "max": 0.715,
            "p(90)": 0.089,
            "p(95)": 0.108
        },
        "http_req_failed": {
            "passes": 0,
            "fails": 5000,
            "thresholds": {
                "rate==0": false
            },
            "value": 0
        },
        "http_req_waiting": {
            "avg": 0.04770499999999997,
            "min": 0.022,
            "med": 0.038,
            "max": 0.603,
            "p(90)": 0.071,
            "p(95)": 0.095
        },
        "data_received": {
            "count": 755000,
            "rate": 1711769.720494078
        },
        "iterations": {
            "count": 5000,
            "rate": 11336.223314530318
        },
        "checks": {
            "passes": 5000,
            "fails": 0,
            "value": 1
        }
    },
    "root_group": {
        "path": "",
        "id": "d41d8cd98f00b204e9800998ecf8427e",
        "groups": {},
        "checks": {
                "seed status is 200": {
                    "id": "2ac229dc72417ad76e9d2b75969e5805",
                    "passes": 5000,
                    "fails": 0,
                    "name": "seed status is 200",
                    "path": "::seed status is 200"
                }
            },
        "name": ""
    }
}