{
    "metrics": {
        "http_req_waiting": {
            "max": 2900.413,
            "p(90)": 0.925,
            "p(95)": 4.234899999999997,
            "avg": 1.9429307981884663,
            "min": 0,
            "med": 0.034
        },
        "dropped_iterations": {
            "rate": 1599.7608208085894,
            "count": 15999
        },
        "http_reqs": {
            "count": 34002,
            "rate": 3399.9042083338745
        },
        "http_req_blocked": {
            "max": 2902.357,
            "p(90)": 28.801400000000005,
            "p(95)": 51.30854999999998,
            "avg": 19.626168519499473,
            "min": 0.039,
            "med": 0.077
        },
        "http_req_tls_handshaking": {
            "min": 0,
            "med": 0,
            "max": 0,
            "p(90)": 0,
            "p(95)": 0,
            "avg": 0
        },
        "data_received": {
            "count": 5544842,
            "rate": 554435.9640711257
        },
        "iterations": {
            "count": 34002,
            "rate": 3399.9042083338745
        },
        "http_req_connecting": {
            "p(90)": 27.46450000000001,
            "p(95)": 48.35554999999999,
            "avg": 18.62419578260046,
            "min": 0.029,
            "med": 0.06,
            "max": 2892.33
        },
        "http_req_sending": {
            "avg": 0.3073402152814465,
            "min": 0,
            "med": 0.01,
            "max": 471.01,
            "p(90)": 0.078,
            "p(95)": 0.395
        },
        "http_req_receiving": {
            "avg": 0.17765949061821523,
            "min": 0,
            "med": 0.014,
            "max": 323.372,
            "p(90)": 0.131,
            "p(95)": 0.528
        },
        "http_req_duration": {
            "med": 0.059,
            "max": 2956.75,
            "p(90)": 1.477,
            "p(95)": 6.0934999999999855,
            "avg": 2.427930504087981,
            "min": 0
        },
        "iteration_duration": {
            "p(95)": 104.51999579999999,
            "avg": 28.577319770219386,
            "min": 0.100875,
            "med": 0.2237915,
            "max": 3201.6055,
            "p(90)": 58.19387470000003
        },
        "data_sent": {
            "count": 4981399,
            "rate": 498096.56559879286
        },
        "http_req_duration{expected_response:true}": {
            "p(95)": 8.18529999999998,
            "avg": 2.663696914355261,
            "min": 0.034,
            "med": 0.065,
            "max": 2956.75,
            "p(90)": 1.8108000000000006
        },
        "checks": {
            "passes": 33529,
            "fails": 473,
            "value": 0.9860890535850833
        },
        "http_req_failed": {
            "passes": 7719,
            "fails": 26283,
            "value": 0.2270160578789483
        },
        "vus_max": {
            "value": 1023,
            "min": 1000,
            "max": 1023
        },
        "success_duration": {
            "p(90)": 1.8108000000000006,
            "p(95)": 8.18529999999998,
            "avg": 2.663696914355261,
            "min": 0.034,
            "med": 0.065,
            "max": 2956.75
        },
        "vus": {
            "value": 20,
            "min": 0,
            "max": 221
        },
        "status_503": {
            "count": 7246,
            "rate": 724.5369652840202
        }
    },
    "root_group": {
        "path": "",
        "id": "d41d8cd98f00b204e9800998ecf8427e",
        "groups": {},
        "checks": {
                "status is 200 or 503": {
                    "name": "status is 200 or 503",
                    "path": "::status is 200 or 503",
                    "id": "9158419957bbc07d723ad901a3da8b58",
                    "passes": 33529,
                    "fails": 473
                }
            },
        "name": ""
    }
}