{
    "root_group": {
        "name": "",
        "path": "",
        "id": "d41d8cd98f00b204e9800998ecf8427e",
        "groups": {},
        "checks": {
                "seed status is 200": {
                    "fails": 0,
                    "name": "seed status is 200",
                    "path": "::seed status is 200",
                    "id": "2ac229dc72417ad76e9d2b75969e5805",
                    "passes": 5000
                }
            }
    },
    "metrics": {
        "iterations": {
            "count": 5000,
            "rate": 18244.113536767363
        },
        "http_req_failed": {
            "passes": 0,
            "fails": 5000,
            "thresholds": {
                "rate==0": false
            },
            "value": 0
        },
        "http_req_duration": {
            "min": 0.041,
            "med": 0.199,
            "max": 24.279,
            "p(90)": 0.439,
            "p(95)": 0.576,
            "avg": 0.3000011999999989
        },
        "http_reqs": {
            "count": 5000,
            "rate": 18244.113536767363
        },
        "http_req_connecting": {
            "p(95)": 0.35604999999999976,
            "avg": 0.16602720000000007,
            "min": 0.03,
            "med": 0.109,
            "max": 23.577,
            "p(90)": 0.2851000000000001
        },
        "iteration_duration": {
            "med": 0.38106249999999997,
            "max": 26.912042,
            "p(90)": 0.7715661,
            "p(95)": 0.9153651999999999,
            "avg": 0.5414886099999998,
            "min": 0.13075
        },
        "data_sent": {
            "count": 1004400,
            "rate": 3664877.5272658276
        },
        "checks": {
            "passes": 5000,
            "fails": 0,
            "value": 1
        },
        "data_received": {
            "count": 755000,
            "rate": 2754861.1440518717
        },
        "http_req_duration{expected_response:true}": {
            "med": 0.199,
            "max": 24.279,
            "p(90)": 0.439,
            "p(95)": 0.576,
            "avg": 0.3000011999999989,
            "min": 0.041
        },
        "http_req_blocked": {
            "med": 0.127,
            "max": 26.566,
            "p(90)": 0.319,
            "p(95)": 0.3930499999999998,
            "avg": 0.19062080000000042,
            "min": 0.036
        },
        "http_req_tls_handshaking": {
            "avg": 0,
            "min": 0,
            "med": 0,
            "max": 0,
            "p(90)": 0,
            "p(95)": 0
        },
        "http_req_sending": {
            "avg": 0.030555399999999986,
            "min": 0.003,
            "med": 0.015,
            "max": 2.177,
            "p(90)": 0.067,
            "p(95)": 0.105
        },
        "http_req_receiving": {
            "avg": 0.04424019999999979,
            "min": 0.003,
            "med": 0.023,
            "max": 3.939,
            "p(90)": 0.094,
            "p(95)": 0.147
        },
        "http_req_waiting": {
            "max": 23.941,
            "p(90)": 0.344,
            "p(95)": 0.41704999999999975,
            "avg": 0.2252056000000007,
            "min": 0.023,
            "med": 0.138
        }
    }
}