{
    "metrics": {
        "data_received": {
            "count": 8376536,
            "rate": 837573.7792188404
        },
        "iteration_duration": {
            "p(90)": 0.239125,
            "p(95)": 0.887666,
            "avg": 0.5042547868042587,
            "min": 0.103417,
            "med": 0.144458,
            "max": 65.27675
        },
        "http_req_blocked": {
            "avg": 0.3098395232095602,
            "min": 0.042,
            "med": 0.058,
            "max": 63.289,
            "p(90)": 0.088,
            "p(95)": 0.211
        },
        "http_reqs": {
            "count": 50001,
            "rate": 4999.623535877031
        },
        "http_req_connecting": {
            "p(95)": 0.154,
            "avg": 0.29007197856043654,
            "min": 0.033,
            "med": 0.046,
            "max": 63.245,
            "p(90)": 0.069
        },
        "vus_max": {
            "value": 1000,
            "min": 1000,
            "max": 1000
        },
        "iterations": {
            "count": 50001,
            "rate": 4999.623535877031
        },
        "vus": {
            "value": 1,
            "min": 0,
            "max": 4
        },
        "data_sent": {
            "count": 9189548,
            "rate": 918867.2319527948
        },
        "status_503": {
            "count": 458,
            "rate": 45.79563567592008
        },
        "http_req_tls_handshaking": {
            "avg": 0,
            "min": 0,
            "med": 0,
            "max": 0,
            "p(90)": 0,
            "p(95)": 0
        },
        "http_req_sending": {
            "avg": 0.022723225535491356,
            "min": 0,
            "med": 0.01,
            "max": 3.199,
            "p(90)": 0.016,
            "p(95)": 0.038
        },
        "http_req_receiving": {
            "p(90)": 0.022,
            "p(95)": 0.04,
            "avg": 0.02490456190876752,
            "min": 0.004,
            "med": 0.01,
            "max": 45.189
        },
        "success_duration": {
            "p(90)": 0.085,
            "p(95)": 0.2955999999999978,
            "avg": 0.1373639757349397,
            "min": 0.035,
            "med": 0.055,
            "max": 45.282
        },
        "checks": {
            "passes": 49747,
            "fails": 254,
            "value": 0.9949201015979681
        },
        "http_req_duration{expected_response:true}": {
            "avg": 0.1373639757349397,
            "min": 0.035,
            "med": 0.055,
            "max": 45.282,
            "p(90)": 0.085,
            "p(95)": 0.2955999999999978
        },
        "http_req_failed": {
            "fails": 49289,
            "passes": 712,
            "value": 0.014239715205695886
        },
        "http_req_duration": {
            "avg": 0.14883044339112067,
            "min": 0.006,
            "med": 0.055,
            "max": 45.282,
            "p(90)": 0.09,
            "p(95)": 0.373
        },
        "http_req_waiting": {
            "avg": 0.10120265594688767,
            "min": 0,
            "med": 0.032,
            "max": 27.326,
            "p(90)": 0.054,
            "p(95)": 0.237
        }
    },
    "root_group": {
        "name": "",
        "path": "",
        "id": "d41d8cd98f00b204e9800998ecf8427e",
        "groups": {},
        "checks": {
                "status is 200 or 503": {
                    "name": "status is 200 or 503",
                    "path": "::status is 200 or 503",
                    "id": "9158419957bbc07d723ad901a3da8b58",
                    "passes": 49747,
                    "fails": 254
                }
            }
    }
}