{
    "root_group": {
        "name": "",
        "path": "",
        "id": "d41d8cd98f00b204e9800998ecf8427e",
        "groups": {},
        "checks": {
                "seed status is 200": {
                    "passes": 5000,
                    "fails": 0,
                    "name": "seed status is 200",
                    "path": "::seed status is 200",
                    "id": "2ac229dc72417ad76e9d2b75969e5805"
                }
            }
    },
    "metrics": {
        "iterations": {
            "count": 5000,
            "rate": 11068.583154944668
        },
        "data_sent": {
            "count": 1007780,
            "rate": 2230939.3463780275
        },
        "http_reqs": {
            "count": 5000,
            "rate": 11068.583154944668
        },
        "http_req_receiving": {
            "min": 0.004,
            "med": 0.009,
            "max": 0.422,
            "p(90)": 0.023,
            "p(95)": 0.037,
            "avg": 0.013914600000000195
        },
        "http_req_waiting": {
            "max": 20.606,
            "p(90)": 0.074,
            "p(95)": 0.092,
            "avg": 0.05248259999999972,
            "min": 0.022,
            "med": 0.04
        },
        "http_req_tls_handshaking": {
            "max": 0,
            "p(90)": 0,
            "p(95)": 0,
            "avg": 0,
            "min": 0,
            "med": 0
        },
        "http_req_sending": {
            "avg": 0.010063200000000208,
            "min": 0.003,
            "med": 0.007,
            "max": 0.305,
            "p(90)": 0.015,
            "p(95)": 0.027
        },
        "checks": {
            "passes": 5000,
            "fails": 0,
            "value": 1
        },
        "data_received": {
            "count": 755000,
            "rate": 1671356.056396645
        },
        "http_req_duration": {
            "avg": 0.07646040000000004,
            "min": 0.034,
            "med": 0.059,
            "max": 20.651,
            "p(90)": 0.107,
            "p(95)": 0.144
        },
        "iteration_duration": {
            "max": 20.765916,
            "p(90)": 0.245333,
            "p(95)": 0.31342944999999994,
            "avg": 0.1781194441999996,
            "min": 0.099916,
            "med": 0.145396
        },
        "http_req_blocked": {
            "med": 0.06,
            "max": 20.654,
            "p(90)": 0.103,
            "p(95)": 0.125,
            "avg": 0.07587359999999989,
            "min": 0.04
        },
        "http_req_duration{expected_response:true}": {
            "p(90)": 0.107,
            "p(95)": 0.144,
            "avg": 0.07646040000000004,
            "min": 0.034,
            "med": 0.059,
            "max": 20.651
        },
        "http_req_failed": {
            "passes": 0,
            "fails": 5000,
            "thresholds": {
                "rate==0": false
            },
            "value": 0
        },
        "http_req_connecting": {
            "avg": 0.06341859999999984,
            "min": 0.031,
            "med": 0.05,
            "max": 20.641,
            "p(90)": 0.086,
            "p(95)": 0.101
        }
    }
}