{
    "metrics": {
        "http_req_blocked": {
            "p(90)": 0.377,
            "p(95)": 0.894,
            "avg": 0.48645329093417045,
            "min": 0.045,
            "med": 0.09,
            "max": 62.567
        },
        "http_req_sending": {
            "p(95)": 0.176,
            "avg": 0.05629925401491923,
            "min": 0,
            "med": 0.013,
            "max": 17.443,
            "p(90)": 0.084
        },
        "data_received": {
            "count": 8359864,
            "rate": 835854.9200210806
        },
        "http_req_tls_handshaking": {
            "p(95)": 0,
            "avg": 0,
            "min": 0,
            "med": 0,
            "max": 0,
            "p(90)": 0
        },
        "http_req_waiting": {
            "med": 0.563,
            "max": 92.173,
            "p(90)": 3.093,
            "p(95)": 5.943,
            "avg": 1.442926941461144,
            "min": 0
        },
        "http_req_connecting": {
            "avg": 0.4375242895142127,
            "min": 0.035,
            "med": 0.072,
            "max": 62.531,
            "p(90)": 0.291,
            "p(95)": 0.728
        },
        "http_req_duration": {
            "p(95)": 6.566,
            "avg": 1.5638057438851225,
            "min": 0,
            "med": 0.604,
            "max": 92.246,
            "p(90)": 3.451
        },
        "checks": {
            "passes": 49550,
            "fails": 451,
            "value": 0.990980180396392
        },
        "data_sent": {
            "count": 9119144,
            "rate": 911770.9784250937
        },
        "http_reqs": {
            "count": 50001,
            "rate": 4999.313607969466
        },
        "status_503": {
            "count": 892,
            "rate": 89.18597104675435
        },
        "http_req_duration{expected_response:true}": {
            "p(90)": 3.45,
            "p(95)": 6.6575999999999915,
            "avg": 1.577321591516291,
            "min": 0.545,
            "med": 0.605,
            "max": 92.246
        },
        "vus_max": {
            "value": 1000,
            "min": 1000,
            "max": 1000
        },
        "http_req_receiving": {
            "max": 25.474,
            "p(90)": 0.089,
            "p(95)": 0.215,
            "avg": 0.06457954840903592,
            "min": 0,
            "med": 0.015
        },
        "http_req_failed": {
            "passes": 1343,
            "fails": 48658,
            "value": 0.026859462810743785
        },
        "iteration_duration": {
            "avg": 2.1365176677066406,
            "min": 0.143083,
            "med": 0.749,
            "max": 95.025292,
            "p(90)": 4.530584,
            "p(95)": 8.737542
        },
        "iterations": {
            "count": 50001,
            "rate": 4999.313607969466
        },
        "vus": {
            "value": 89,
            "min": 3,
            "max": 89
        },
        "success_duration": {
            "avg": 1.577321591516291,
            "min": 0.545,
            "med": 0.605,
            "max": 92.246,
            "p(90)": 3.45,
            "p(95)": 6.6575999999999915
        }
    },
    "root_group": {
        "checks": {
            "status is 200 or 503": {
                "fails": 451,
                "name": "status is 200 or 503",
                "path": "::status is 200 or 503",
                "id": "9158419957bbc07d723ad901a3da8b58",
                "passes": 49550
            }
        },
        "name": "",
        "path": "",
        "id": "d41d8cd98f00b204e9800998ecf8427e",
        "groups": {}
    }
}