{
    "root_group": {
        "checks": {
            "status is 200 or 503": {
                "name": "status is 200 or 503",
                "path": "::status is 200 or 503",
                "id": "9158419957bbc07d723ad901a3da8b58",
                "passes": 29717,
                "fails": 284
            }
        },
        "name": "",
        "path": "",
        "id": "d41d8cd98f00b204e9800998ecf8427e",
        "groups": {}
    },
    "metrics": {
        "http_reqs": {
            "count": 30001,
            "rate": 2999.8498125256356
        },
        "http_req_failed": {
            "passes": 681,
            "fails": 29320,
            "value": 0.022699243358554715
        },
        "success_duration": {
            "med": 0.059,
            "max": 44.113,
            "p(90)": 0.102,
            "p(95)": 0.14604999999999868,
            "avg": 0.0947227489768063,
            "min": 0.036
        },
        "data_received": {
            "count": 5142986,
            "rate": 514255.7110736965
        },
        "http_req_waiting": {
            "p(90)": 0.073,
            "p(95)": 0.125,
            "avg": 0.06984713842871804,
            "min": 0,
            "med": 0.034,
            "max": 44.069
        },
        "http_req_duration": {
            "med": 0.059,
            "max": 44.113,
            "p(90)": 0.108,
            "p(95)": 0.177,
            "avg": 0.1054885837138742,
            "min": 0
        },
        "http_req_blocked": {
            "min": 0.045,
            "med": 0.066,
            "max": 45.551,
            "p(90)": 0.117,
            "p(95)": 0.168,
            "avg": 0.15364217859404714
        },
        "http_req_receiving": {
            "p(90)": 0.024,
            "p(95)": 0.039,
            "avg": 0.019074530848971163,
            "min": 0,
            "med": 0.011,
            "max": 20.65
        },
        "status_503": {
            "rate": 39.69668929611271,
            "count": 397
        },
        "vus": {
            "value": 1,
            "min": 1,
            "max": 1
        },
        "iteration_duration": {
            "avg": 0.30251220229325587,
            "min": 0.106625,
            "med": 0.1625,
            "max": 47.830875,
            "p(90)": 0.271375,
            "p(95)": 0.541291
        },
        "http_req_connecting": {
            "avg": 0.13764031198959412,
            "min": 0.034,
            "med": 0.053,
            "max": 45.539,
            "p(90)": 0.102,
            "p(95)": 0.137
        },
        "iterations": {
            "count": 30001,
            "rate": 2999.8498125256356
        },
        "checks": {
            "passes": 29717,
            "fails": 284,
            "value": 0.9905336488783707
        },
        "http_req_duration{expected_response:true}": {
            "min": 0.036,
            "med": 0.059,
            "max": 44.113,
            "p(90)": 0.102,
            "p(95)": 0.14604999999999868,
            "avg": 0.0947227489768063
        },
        "http_req_tls_handshaking": {
            "min": 0,
            "med": 0,
            "max": 0,
            "p(90)": 0,
            "p(95)": 0,
            "avg": 0
        },
        "data_sent": {
            "count": 5373137,
            "rate": 537268.8917744261
        },
        "http_req_sending": {
            "avg": 0.01656691443618546,
            "min": 0,
            "med": 0.011,
            "max": 1.916,
            "p(90)": 0.016,
            "p(95)": 0.028
        },
        "vus_max": {
            "value": 1000,
            "min": 1000,
            "max": 1000
        }
    }
}