{
    "root_group": {
        "id": "d41d8cd98f00b204e9800998ecf8427e",
        "groups": {},
        "checks": {
                "seed status is 200": {
                    "id": "2ac229dc72417ad76e9d2b75969e5805",
                    "passes": 5000,
                    "fails": 0,
                    "name": "seed status is 200",
                    "path": "::seed status is 200"
                }
            },
        "name": "",
        "path": ""
    },
    "metrics": {
        "data_received": {
            "rate": 1783246.9265562077,
            "count": 755000
        },
        "http_reqs": {
            "rate": 11809.582295074222,
            "count": 5000
        },
        "http_req_duration{expected_response:true}": {
            "avg": 0.07096460000000013,
            "min": 0.032,
            "med": 0.058,
            "max": 1.058,
            "p(90)": 0.108,
            "p(95)": 0.144
        },
        "http_req_tls_handshaking": {
            "max": 0,
            "p(90)": 0,
            "p(95)": 0,
            "avg": 0,
            "min": 0,
            "med": 0
        },
        "http_req_receiving": {
            "p(90)": 0.025,
            "p(95)": 0.039,
            "avg": 0.014225200000000156,
            "min": 0.004,
            "med": 0.009,
            "max": 0.85
        },
        "http_req_duration": {
            "med": 0.058,
            "max": 1.058,
            "p(90)": 0.108,
            "p(95)": 0.144,
            "avg": 0.07096460000000013,
            "min": 0.032
        },
        "checks": {
            "passes": 5000,
            "fails": 0,
            "value": 1
        },
        "http_req_connecting": {
            "med": 0.05,
            "max": 0.699,
            "p(90)": 0.084,
            "p(95)": 0.099,
            "avg": 0.05823340000000029,
            "min": 0.031
        },
        "data_sent": {
            "count": 1007780,
            "rate": 2380292.1690659802
        },
        "http_req_blocked": {
            "med": 0.06,
            "max": 0.709,
            "p(90)": 0.1,
            "p(95)": 0.124,
            "avg": 0.0705530000000001,
            "min": 0.039
        },
        "iteration_duration": {
            "p(95)": 0.31110034999999975,
            "avg": 0.16678439819999966,
            "min": 0.095583,
            "med": 0.141521,
            "max": 1.244166,
            "p(90)": 0.2411878
        },
        "iterations": {
            "count": 5000,
            "rate": 11809.582295074222
        },
        "http_req_failed": {
            "passes": 0,
            "fails": 5000,
            "thresholds": {
                "rate==0": false
            },
            "value": 0
        },
        "http_req_sending": {
            "max": 0.362,
            "p(90)": 0.014,
            "p(95)": 0.025,
            "avg": 0.009925200000000182,
            "min": 0.003,
            "med": 0.006
        },
        "http_req_waiting": {
            "avg": 0.0468141999999999,
            "min": 0.02,
            "med": 0.039,
            "max": 0.893,
            "p(90)": 0.071,
            "p(95)": 0.091
        }
    }
}