{
    "root_group": {
        "name": "",
        "path": "",
        "id": "d41d8cd98f00b204e9800998ecf8427e",
        "groups": {},
        "checks": {
                "status is 200 or 503": {
                    "name": "status is 200 or 503",
                    "path": "::status is 200 or 503",
                    "id": "9158419957bbc07d723ad901a3da8b58",
                    "passes": 29260,
                    "fails": 533
                }
            }
    },
    "metrics": {
        "vus_max": {
            "max": 1002,
            "value": 1002,
            "min": 1000
        },
        "http_req_tls_handshaking": {
            "p(95)": 0,
            "avg": 0,
            "min": 0,
            "med": 0,
            "max": 0,
            "p(90)": 0
        },
        "dropped_iterations": {
            "count": 206,
            "rate": 20.595856113749914
        },
        "checks": {
            "passes": 29260,
            "fails": 533,
            "value": 0.9821098915852717
        },
        "status_503": {
            "count": 5912,
            "rate": 591.081074487813
        },
        "http_req_receiving": {
            "avg": 0.39283922397881427,
            "min": 0,
            "med": 0.023,
            "max": 127.457,
            "p(90)": 0.5678000000000006,
            "p(95)": 1.2237999999999973
        },
        "http_req_failed": {
            "passes": 6445,
            "fails": 23348,
            "value": 0.21632598261336555
        },
        "success_duration": {
            "avg": 3.982514690765795,
            "min": 0.038,
            "med": 0.2165,
            "max": 343.023,
            "p(90)": 7.780800000000008,
            "p(95)": 16.29539999999996
        },
        "http_req_connecting": {
            "p(90)": 49.33200000000002,
            "p(95)": 90.4662,
            "avg": 14.138112912428957,
            "min": 0.034,
            "med": 0.204,
            "max": 368.392
        },
        "iterations": {
            "count": 29793,
            "rate": 2978.700685422093
        },
        "data_received": {
            "count": 4954540,
            "rate": 495354.33470785676
        },
        "http_req_blocked": {
            "med": 0.272,
            "max": 390.642,
            "p(90)": 54.96020000000004,
            "p(95)": 94.41459999999996,
            "avg": 15.201647467525996,
            "min": 0.046
        },
        "data_sent": {
            "count": 4356937,
            "rate": 435606.0560615204
        },
        "iteration_duration": {
            "avg": 21.443999378813604,
            "min": 0.1185,
            "med": 1.210625,
            "max": 462.073875,
            "p(90)": 65.1952006,
            "p(95)": 122.74711679999996
        },
        "http_reqs": {
            "count": 29793,
            "rate": 2978.700685422093
        },
        "http_req_waiting": {
            "med": 0.069,
            "max": 233.4,
            "p(90)": 4.3958,
            "p(95)": 10.638399999999999,
            "avg": 2.6755205920854035,
            "min": 0
        },
        "vus": {
            "value": 1,
            "min": 1,
            "max": 418
        },
        "http_req_sending": {
            "p(90)": 0.476,
            "p(95)": 1.207,
            "avg": 0.6385930587721702,
            "min": 0,
            "med": 0.016,
            "max": 267.028
        },
        "http_req_duration": {
            "med": 0.137,
            "max": 343.023,
            "p(90)": 6.401600000000001,
            "p(95)": 15.159799999999958,
            "avg": 3.7069528748363885,
            "min": 0
        },
        "http_req_duration{expected_response:true}": {
            "min": 0.038,
            "med": 0.2165,
            "max": 343.023,
            "p(90)": 7.780800000000008,
            "p(95)": 16.29539999999996,
            "avg": 3.982514690765795
        }
    }
}