{
    "root_group": {
        "groups": {},
        "checks": {
                "seed status is 200": {
                    "passes": 5000,
                    "fails": 0,
                    "name": "seed status is 200",
                    "path": "::seed status is 200",
                    "id": "2ac229dc72417ad76e9d2b75969e5805"
                }
            },
        "name": "",
        "path": "",
        "id": "d41d8cd98f00b204e9800998ecf8427e"
    },
    "metrics": {
        "iterations": {
            "count": 5000,
            "rate": 5915.318664131755
        },
        "http_req_blocked": {
            "max": 151.942,
            "p(90)": 0.6004000000000004,
            "p(95)": 1.11805,
            "avg": 0.6286831999999994,
            "min": 0.044,
            "med": 0.179
        },
        "http_req_duration": {
            "p(95)": 2.257449999999998,
            "avg": 0.8651020000000003,
            "min": 0.039,
            "med": 0.352,
            "max": 152.051,
            "p(90)": 1.2593000000000003
        },
        "http_req_tls_handshaking": {
            "p(95)": 0,
            "avg": 0,
            "min": 0,
            "med": 0,
            "max": 0,
            "p(90)": 0
        },
        "http_req_receiving": {
            "avg": 0.19576979999999913,
            "min": 0.003,
            "med": 0.05,
            "max": 139.122,
            "p(90)": 0.308,
            "p(95)": 0.508
        },
        "data_sent": {
            "rate": 1188250.2842310618,
            "count": 1004384
        },
        "http_req_waiting": {
            "avg": 0.4717730000000026,
            "min": 0.023,
            "med": 0.1885,
            "max": 109.421,
            "p(90)": 0.699,
            "p(95)": 1.1481499999999993
        },
        "http_reqs": {
            "count": 5000,
            "rate": 5915.318664131755
        },
        "data_received": {
            "count": 755000,
            "rate": 893213.1182838951
        },
        "http_req_connecting": {
            "avg": 0.5227494,
            "min": 0.034,
            "med": 0.152,
            "max": 139.785,
            "p(90)": 0.5131000000000001,
            "p(95)": 0.8930499999999998
        },
        "iteration_duration": {
            "avg": 1.6750353027999998,
            "min": 0.11475,
            "med": 0.633146,
            "max": 155.900542,
            "p(90)": 2.3374536000000004,
            "p(95)": 4.259422599999994
        },
        "http_req_sending": {
            "avg": 0.19755919999999874,
            "min": 0.003,
            "med": 0.035,
            "max": 151.886,
            "p(90)": 0.224,
            "p(95)": 0.4331999999999991
        },
        "http_req_failed": {
            "passes": 0,
            "fails": 5000,
            "thresholds": {
                "rate==0": false
            },
            "value": 0
        },
        "http_req_duration{expected_response:true}": {
            "avg": 0.8651020000000003,
            "min": 0.039,
            "med": 0.352,
            "max": 152.051,
            "p(90)": 1.2593000000000003,
            "p(95)": 2.257449999999998
        },
        "checks": {
            "passes": 5000,
            "fails": 0,
            "value": 1
        }
    }
}