{
    "root_group": {
        "id": "d41d8cd98f00b204e9800998ecf8427e",
        "groups": {},
        "checks": {
                "status is 200 or 503": {
                    "passes": 29894,
                    "fails": 106,
                    "name": "status is 200 or 503",
                    "path": "::status is 200 or 503",
                    "id": "9158419957bbc07d723ad901a3da8b58"
                }
            },
        "name": "",
        "path": ""
    },
    "metrics": {
        "http_req_sending": {
            "avg": 0.015447199999999743,
            "min": 0,
            "med": 0.01,
            "max": 1.423,
            "p(90)": 0.015,
            "p(95)": 0.026
        },
        "iterations": {
            "count": 30000,
            "rate": 2999.571961081154
        },
        "status_503": {
            "count": 83,
            "rate": 8.298815758991193
        },
        "iteration_duration": {
            "max": 24.91975,
            "p(90)": 0.303708,
            "p(95)": 0.5409651999999998,
            "avg": 0.3737171959666652,
            "min": 0.194166,
            "med": 0.252459
        },
        "vus_max": {
            "min": 1000,
            "max": 1000,
            "value": 1000
        },
        "http_req_connecting": {
            "min": 0.033,
            "med": 0.048,
            "max": 22.102,
            "p(90)": 0.065,
            "p(95)": 0.095,
            "avg": 0.11535543333332723
        },
        "success_duration": {
            "max": 20.208,
            "p(90)": 0.181,
            "p(95)": 0.244,
            "avg": 0.20198738720606796,
            "min": 0.135,
            "med": 0.16
        },
        "checks": {
            "passes": 29894,
            "fails": 106,
            "value": 0.9964666666666666
        },
        "vus": {
            "value": 0,
            "min": 0,
            "max": 1
        },
        "http_req_duration{expected_response:true}": {
            "p(95)": 0.244,
            "avg": 0.20198738720606796,
            "min": 0.135,
            "med": 0.16,
            "max": 20.208,
            "p(90)": 0.181
        },
        "http_req_tls_handshaking": {
            "max": 0,
            "p(90)": 0,
            "p(95)": 0,
            "avg": 0,
            "min": 0,
            "med": 0
        },
        "http_req_blocked": {
            "p(90)": 0.082,
            "p(95)": 0.12,
            "avg": 0.13020853333333157,
            "min": 0.043,
            "med": 0.06,
            "max": 22.231
        },
        "http_req_receiving": {
            "avg": 0.018315699999999432,
            "min": 0,
            "med": 0.014,
            "max": 1.154,
            "p(90)": 0.02,
            "p(95)": 0.033
        },
        "data_received": {
            "count": 5161225,
            "rate": 516048.85982770263
        },
        "http_req_waiting": {
            "avg": 0.17033316666667178,
            "min": 0,
            "med": 0.135,
            "max": 20.165,
            "p(90)": 0.15,
            "p(95)": 0.194
        },
        "http_req_failed": {
            "fails": 29811,
            "passes": 189,
            "value": 0.0063
        },
        "data_sent": {
            "count": 5412795,
            "rate": 541202.2704360088
        },
        "http_reqs": {
            "count": 30000,
            "rate": 2999.571961081154
        },
        "http_req_duration": {
            "p(95)": 0.2650499999999987,
            "avg": 0.20409606666666977,
            "min": 0.006,
            "med": 0.16,
            "max": 20.208,
            "p(90)": 0.181
        }
    }
}