{
    "root_group": {
        "name": "",
        "path": "",
        "id": "d41d8cd98f00b204e9800998ecf8427e",
        "groups": {},
        "checks": {
                "status is 200 or 503": {
                    "fails": 243,
                    "name": "status is 200 or 503",
                    "path": "::status is 200 or 503",
                    "id": "9158419957bbc07d723ad901a3da8b58",
                    "passes": 29758
                }
            }
    },
    "metrics": {
        "http_req_receiving": {
            "p(95)": 0.031,
            "avg": 0.017102996566780156,
            "min": 0.003,
            "med": 0.011,
            "max": 1.57,
            "p(90)": 0.021
        },
        "vus_max": {
            "min": 1000,
            "max": 1000,
            "value": 1000
        },
        "http_req_blocked": {
            "p(95)": 0.141,
            "avg": 0.1564025532482233,
            "min": 0.047,
            "med": 0.062,
            "max": 31.716,
            "p(90)": 0.11
        },
        "vus": {
            "value": 1,
            "min": 1,
            "max": 1
        },
        "http_reqs": {
            "count": 30001,
            "rate": 2999.754428289861
        },
        "success_duration": {
            "p(95)": 0.121,
            "avg": 0.08635816842605415,
            "min": 0.037,
            "med": 0.058,
            "max": 18.965,
            "p(90)": 0.093
        },
        "checks": {
            "passes": 29758,
            "fails": 243,
            "value": 0.9919002699910003
        },
        "http_req_duration": {
            "med": 0.058,
            "max": 18.965,
            "p(90)": 0.095,
            "p(95)": 0.139,
            "avg": 0.094718542715241,
            "min": 0.006
        },
        "iterations": {
            "count": 30001,
            "rate": 2999.754428289861
        },
        "data_sent": {
            "count": 5386332,
            "rate": 538571.1566027594
        },
        "http_req_failed": {
            "passes": 540,
            "fails": 29461,
            "value": 0.017999400019999334
        },
        "iteration_duration": {
            "avg": 0.29061439295356667,
            "min": 0.111041,
            "med": 0.1535,
            "max": 32.022042,
            "p(90)": 0.243333,
            "p(95)": 0.356458
        },
        "http_req_duration{expected_response:true}": {
            "p(95)": 0.121,
            "avg": 0.08635816842605415,
            "min": 0.037,
            "med": 0.058,
            "max": 18.965,
            "p(90)": 0.093
        },
        "http_req_tls_handshaking": {
            "avg": 0,
            "min": 0,
            "med": 0,
            "max": 0,
            "p(90)": 0,
            "p(95)": 0
        },
        "status_503": {
            "count": 297,
            "rate": 29.69657895410449
        },
        "http_req_waiting": {
            "p(95)": 0.103,
            "avg": 0.06298290056997942,
            "min": 0,
            "med": 0.033,
            "max": 18.714,
            "p(90)": 0.071
        },
        "http_req_connecting": {
            "min": 0.037,
            "med": 0.05,
            "max": 30.993,
            "p(90)": 0.098,
            "p(95)": 0.122,
            "avg": 0.14211109629678179
        },
        "data_received": {
            "count": 5147668,
            "rate": 514707.50569534395
        },
        "http_req_sending": {
            "avg": 0.014632645578480286,
            "min": 0,
            "med": 0.01,
            "max": 1.29,
            "p(90)": 0.014,
            "p(95)": 0.02
        }
    }
}