{
    "metrics": {
        "http_req_tls_handshaking": {
            "min": 0,
            "med": 0,
            "max": 0,
            "p(90)": 0,
            "p(95)": 0,
            "avg": 0
        },
        "http_req_duration": {
            "med": 0.059,
            "max": 0.89,
            "p(90)": 0.11210000000000012,
            "p(95)": 0.155,
            "avg": 0.0720983999999999,
            "min": 0.034
        },
        "http_req_connecting": {
            "max": 0.531,
            "p(90)": 0.087,
            "p(95)": 0.107,
            "avg": 0.058613999999999965,
            "min": 0.031,
            "med": 0.049
        },
        "http_req_duration{expected_response:true}": {
            "med": 0.059,
            "max": 0.89,
            "p(90)": 0.11210000000000012,
            "p(95)": 0.155,
            "avg": 0.0720983999999999,
            "min": 0.034
        },
        "iteration_duration": {
            "avg": 0.16811343759999917,
            "min": 0.095459,
            "med": 0.141042,
            "max": 1.1565,
            "p(90)": 0.254125,
            "p(95)": 0.32527674999999967
        },
        "http_req_sending": {
            "p(90)": 0.014,
            "p(95)": 0.024,
            "avg": 0.009938000000000186,
            "min": 0.003,
            "med": 0.007,
            "max": 0.448
        },
        "iterations": {
            "count": 5000,
            "rate": 11713.799089603535
        },
        "http_req_waiting": {
            "p(95)": 0.098,
            "avg": 0.04833180000000008,
            "min": 0.02,
            "med": 0.039,
            "max": 0.873,
            "p(90)": 0.075
        },
        "data_sent": {
            "count": 1007780,
            "rate": 2360986.48930413
        },
        "http_req_failed": {
            "passes": 0,
            "fails": 5000,
            "thresholds": {
                "rate==0": false
            },
            "value": 0
        },
        "http_req_blocked": {
            "p(95)": 0.13,
            "avg": 0.07058720000000031,
            "min": 0.039,
            "med": 0.059,
            "max": 0.55,
            "p(90)": 0.105
        },
        "checks": {
            "passes": 5000,
            "fails": 0,
            "value": 1
        },
        "http_reqs": {
            "count": 5000,
            "rate": 11713.799089603535
        },
        "http_req_receiving": {
            "avg": 0.013828600000000208,
            "min": 0.004,
            "med": 0.009,
            "max": 0.281,
            "p(90)": 0.023,
            "p(95)": 0.037
        },
        "data_received": {
            "rate": 1768783.6625301337,
            "count": 755000
        }
    },
    "root_group": {
        "path": "",
        "id": "d41d8cd98f00b204e9800998ecf8427e",
        "groups": {},
        "checks": {
                "seed status is 200": {
                    "id": "2ac229dc72417ad76e9d2b75969e5805",
                    "passes": 5000,
                    "fails": 0,
                    "name": "seed status is 200",
                    "path": "::seed status is 200"
                }
            },
        "name": ""
    }
}