{
    "root_group": {
        "id": "d41d8cd98f00b204e9800998ecf8427e",
        "groups": {},
        "checks": {
                "status is 200 or 503": {
                    "name": "status is 200 or 503",
                    "path": "::status is 200 or 503",
                    "id": "9158419957bbc07d723ad901a3da8b58",
                    "passes": 49807,
                    "fails": 193
                }
            },
        "name": "",
        "path": ""
    },
    "metrics": {
        "status_503": {
            "count": 538,
            "rate": 53.79597068179593
        },
        "http_req_blocked": {
            "avg": 0.23635580000000872,
            "min": 0.043,
            "med": 0.057,
            "max": 86.189,
            "p(90)": 0.085,
            "p(95)": 0.19
        },
        "iteration_duration": {
            "med": 0.14375,
            "max": 86.418375,
            "p(90)": 0.22483720000000004,
            "p(95)": 0.7070493499999997,
            "avg": 0.4131330319400009,
            "min": 0.104958
        },
        "http_req_waiting": {
            "min": 0,
            "med": 0.032,
            "max": 37.367,
            "p(90)": 0.052,
            "p(95)": 0.172,
            "avg": 0.09131988000000373
        },
        "data_received": {
            "rate": 838398.2039745223,
            "count": 8384610
        },
        "http_req_duration": {
            "p(95)": 0.264,
            "avg": 0.13204643999999088,
            "min": 0,
            "med": 0.055,
            "max": 37.408,
            "p(90)": 0.086
        },
        "http_req_sending": {
            "avg": 0.019663500000001336,
            "min": 0,
            "med": 0.01,
            "max": 4.845,
            "p(90)": 0.015,
            "p(95)": 0.032
        },
        "vus": {
            "value": 1,
            "min": 0,
            "max": 1
        },
        "http_req_failed": {
            "passes": 731,
            "fails": 49269,
            "value": 0.01462
        },
        "http_reqs": {
            "count": 50000,
            "rate": 4999.625528047949
        },
        "iterations": {
            "rate": 4999.625528047949,
            "count": 50000
        },
        "http_req_receiving": {
            "min": 0,
            "med": 0.01,
            "max": 28.179,
            "p(90)": 0.022,
            "p(95)": 0.038,
            "avg": 0.021063060000003676
        },
        "vus_max": {
            "value": 1000,
            "min": 1000,
            "max": 1000
        },
        "data_sent": {
            "count": 9164972,
            "rate": 916428.5595008933
        },
        "checks": {
            "passes": 49807,
            "fails": 193,
            "value": 0.99614
        },
        "success_duration": {
            "p(95)": 0.229,
            "avg": 0.12598134729748084,
            "min": 0.035,
            "med": 0.055,
            "max": 37.408,
            "p(90)": 0.083
        },
        "http_req_connecting": {
            "avg": 0.2163643199999986,
            "min": 0.032,
            "med": 0.046,
            "max": 86.153,
            "p(90)": 0.067,
            "p(95)": 0.131
        },
        "http_req_duration{expected_response:true}": {
            "max": 37.408,
            "p(90)": 0.083,
            "p(95)": 0.229,
            "avg": 0.12598134729748084,
            "min": 0.035,
            "med": 0.055
        },
        "http_req_tls_handshaking": {
            "avg": 0,
            "min": 0,
            "med": 0,
            "max": 0,
            "p(90)": 0,
            "p(95)": 0
        }
    }
}