{
    "metrics": {
        "http_req_receiving": {
            "p(90)": 0.018,
            "p(95)": 0.026,
            "avg": 0.011850000000000267,
            "min": 0.004,
            "med": 0.009,
            "max": 0.221
        },
        "checks": {
            "passes": 5000,
            "fails": 0,
            "value": 1
        },
        "http_req_duration": {
            "avg": 0.07132300000000018,
            "min": 0.034,
            "med": 0.055,
            "max": 20.681,
            "p(90)": 0.08510000000000012,
            "p(95)": 0.106
        },
        "http_reqs": {
            "rate": 12265.48394693461,
            "count": 5000
        },
        "http_req_sending": {
            "avg": 0.008320800000000137,
            "min": 0.003,
            "med": 0.006,
            "max": 0.318,
            "p(90)": 0.011,
            "p(95)": 0.015
        },
        "http_req_duration{expected_response:true}": {
            "med": 0.055,
            "max": 20.681,
            "p(90)": 0.08510000000000012,
            "p(95)": 0.106,
            "avg": 0.07132300000000018,
            "min": 0.034
        },
        "http_req_connecting": {
            "min": 0.03,
            "med": 0.048,
            "max": 0.986,
            "p(90)": 0.08,
            "p(95)": 0.09004999999999977,
            "avg": 0.055556399999999825
        },
        "http_req_waiting": {
            "max": 20.414,
            "p(90)": 0.062,
            "p(95)": 0.077,
            "avg": 0.05115219999999989,
            "min": 0.02,
            "med": 0.038
        },
        "data_sent": {
            "count": 1007780,
            "rate": 2472181.882408352
        },
        "http_req_blocked": {
            "med": 0.057,
            "max": 0.993,
            "p(90)": 0.092,
            "p(95)": 0.107,
            "avg": 0.06629580000000006,
            "min": 0.037
        },
        "iterations": {
            "rate": 12265.48394693461,
            "count": 5000
        },
        "http_req_failed": {
            "passes": 0,
            "fails": 5000,
            "thresholds": {
                "rate==0": false
            },
            "value": 0
        },
        "data_received": {
            "count": 755000,
            "rate": 1852088.0759871262
        },
        "http_req_tls_handshaking": {
            "p(95)": 0,
            "avg": 0,
            "min": 0,
            "med": 0,
            "max": 0,
            "p(90)": 0
        },
        "iteration_duration": {
            "avg": 0.16072362719999972,
            "min": 0.092875,
            "med": 0.13625,
            "max": 20.933,
            "p(90)": 0.1931711,
            "p(95)": 0.2462600999999998
        }
    },
    "root_group": {
        "groups": {},
        "checks": {
                "seed status is 200": {
                    "path": "::seed status is 200",
                    "id": "2ac229dc72417ad76e9d2b75969e5805",
                    "passes": 5000,
                    "fails": 0,
                    "name": "seed status is 200"
                }
            },
        "name": "",
        "path": "",
        "id": "d41d8cd98f00b204e9800998ecf8427e"
    }
}