{
    "root_group": {
        "name": "",
        "path": "",
        "id": "d41d8cd98f00b204e9800998ecf8427e",
        "groups": {},
        "checks": {
                "status is 200 or 503": {
                    "name": "status is 200 or 503",
                    "path": "::status is 200 or 503",
                    "id": "9158419957bbc07d723ad901a3da8b58",
                    "passes": 49463,
                    "fails": 538
                }
            }
    },
    "metrics": {
        "status_503": {
            "count": 1280,
            "rate": 127.97879391384848
        },
        "http_req_duration{expected_response:true}": {
            "med": 0.318,
            "max": 108.13,
            "p(90)": 0.5458000000000011,
            "p(95)": 1.9157999999999957,
            "avg": 0.7344598302305906,
            "min": 0.291
        },
        "http_req_waiting": {
            "p(90)": 0.507,
            "p(95)": 1.966,
            "avg": 0.6743394932101381,
            "min": 0,
            "med": 0.289,
            "max": 104.031
        },
        "iterations": {
            "count": 50001,
            "rate": 4999.2716206924515
        },
        "http_req_connecting": {
            "avg": 0.5149487410251592,
            "min": 0.036,
            "med": 0.055,
            "max": 64.389,
            "p(90)": 0.165,
            "p(95)": 0.69
        },
        "http_req_blocked": {
            "avg": 0.5764357112857406,
            "min": 0.047,
            "med": 0.07,
            "max": 92.185,
            "p(90)": 0.227,
            "p(95)": 0.898
        },
        "http_req_tls_handshaking": {
            "avg": 0,
            "min": 0,
            "med": 0,
            "max": 0,
            "p(90)": 0,
            "p(95)": 0
        },
        "checks": {
            "passes": 49463,
            "fails": 538,
            "value": 0.989240215195696
        },
        "http_req_duration": {
            "max": 108.13,
            "p(90)": 0.633,
            "p(95)": 2.383,
            "avg": 0.777498490030176,
            "min": 0,
            "med": 0.317
        },
        "http_req_receiving": {
            "med": 0.012,
            "max": 21.18,
            "p(90)": 0.053,
            "p(95)": 0.106,
            "avg": 0.05318685626288073,
            "min": 0
        },
        "success_duration": {
            "min": 0.291,
            "med": 0.318,
            "max": 108.13,
            "p(90)": 0.5458000000000011,
            "p(95)": 1.9157999999999957,
            "avg": 0.7344598302305906
        },
        "data_sent": {
            "count": 9044685,
            "rate": 904318.6543989661
        },
        "vus": {
            "value": 2,
            "min": 2,
            "max": 3
        },
        "http_req_sending": {
            "avg": 0.0499721405571911,
            "min": 0,
            "med": 0.012,
            "max": 16.32,
            "p(90)": 0.043,
            "p(95)": 0.102
        },
        "vus_max": {
            "value": 1000,
            "min": 1000,
            "max": 1000
        },
        "iteration_duration": {
            "med": 0.433709,
            "max": 118.139792,
            "p(90)": 1.501542,
            "p(95)": 4.669041,
            "avg": 1.4490620898982074,
            "min": 0.223833
        },
        "http_reqs": {
            "count": 50001,
            "rate": 4999.2716206924515
        },
        "data_received": {
            "rate": 834540.2166860951,
            "count": 8346785
        },
        "http_req_failed": {
            "fails": 48183,
            "passes": 1818,
            "value": 0.03635927281454371
        }
    }
}