{
    "metrics": {
        "iterations": {
            "rate": 2999.8410084265533,
            "count": 30000
        },
        "http_req_sending": {
            "p(95)": 0.018,
            "avg": 0.014866966666666015,
            "min": 0,
            "med": 0.01,
            "max": 1.664,
            "p(90)": 0.013
        },
        "http_req_receiving": {
            "max": 1.828,
            "p(90)": 0.019,
            "p(95)": 0.026,
            "avg": 0.017578733333332732,
            "min": 0.005,
            "med": 0.01
        },
        "vus": {
            "min": 1,
            "max": 1,
            "value": 1
        },
        "http_reqs": {
            "rate": 2999.8410084265533,
            "count": 30000
        },
        "http_req_duration{expected_response:true}": {
            "avg": 0.11967417160853482,
            "min": 0.034,
            "med": 0.057,
            "max": 26.244,
            "p(90)": 0.103,
            "p(95)": 0.14769999999999867
        },
        "http_req_duration": {
            "avg": 0.12468979999999788,
            "min": 0.006,
            "med": 0.057,
            "max": 26.244,
            "p(90)": 0.105,
            "p(95)": 0.158
        },
        "success_duration": {
            "avg": 0.11967417160853482,
            "min": 0.034,
            "med": 0.057,
            "max": 26.244,
            "p(90)": 0.103,
            "p(95)": 0.14769999999999867
        },
        "http_req_blocked": {
            "avg": 0.13983409999999952,
            "min": 0.043,
            "med": 0.061,
            "max": 25.53,
            "p(90)": 0.113,
            "p(95)": 0.138
        },
        "data_received": {
            "count": 5141103,
            "rate": 514083.05359815934
        },
        "http_req_waiting": {
            "med": 0.033,
            "max": 25.014,
            "p(90)": 0.082,
            "p(95)": 0.12704999999999866,
            "avg": 0.0922440999999992,
            "min": 0
        },
        "http_req_failed": {
            "passes": 153,
            "fails": 29847,
            "value": 0.0051
        },
        "checks": {
            "passes": 29872,
            "fails": 128,
            "value": 0.9957333333333334
        },
        "vus_max": {
            "value": 1000,
            "min": 1000,
            "max": 1000
        },
        "status_503": {
            "count": 25,
            "rate": 2.499867507022128
        },
        "data_sent": {
            "rate": 542048.4714310141,
            "count": 5420772
        },
        "http_req_connecting": {
            "med": 0.049,
            "max": 24.53,
            "p(90)": 0.101,
            "p(95)": 0.122,
            "avg": 0.12607156666666489,
            "min": 0.034
        },
        "http_req_tls_handshaking": {
            "avg": 0,
            "min": 0,
            "med": 0,
            "max": 0,
            "p(90)": 0,
            "p(95)": 0
        },
        "iteration_duration": {
            "avg": 0.30009986696666735,
            "min": 0.105542,
            "med": 0.15122950000000002,
            "max": 27.462875,
            "p(90)": 0.24933810000000003,
            "p(95)": 0.33158924999999984
        }
    },
    "root_group": {
        "path": "",
        "id": "d41d8cd98f00b204e9800998ecf8427e",
        "groups": {},
        "checks": {
                "status is 200 or 503": {
                    "passes": 29872,
                    "fails": 128,
                    "name": "status is 200 or 503",
                    "path": "::status is 200 or 503",
                    "id": "9158419957bbc07d723ad901a3da8b58"
                }
            },
        "name": ""
    }
}