{
    "metrics": {
        "http_req_blocked": {
            "med": 0.062,
            "max": 58.683,
            "p(90)": 0.112,
            "p(95)": 0.146,
            "avg": 0.16415752808239362,
            "min": 0.042
        },
        "data_received": {
            "count": 5169273,
            "rate": 516877.5246943719
        },
        "http_req_duration": {
            "min": 0.007,
            "med": 0.058,
            "max": 4.458,
            "p(90)": 0.1,
            "p(95)": 0.175,
            "avg": 0.1015325155828115
        },
        "vus_max": {
            "value": 1000,
            "min": 1000,
            "max": 1000
        },
        "data_sent": {
            "count": 5419639,
            "rate": 541911.7139019512
        },
        "status_503": {
            "count": 24,
            "rate": 2.3997689022547126
        },
        "iteration_duration": {
            "max": 59.26575,
            "p(90)": 0.245,
            "p(95)": 0.40825,
            "avg": 0.30202732335589194,
            "min": 0.103958,
            "med": 0.152542
        },
        "iterations": {
            "count": 30001,
            "rate": 2999.811118189318
        },
        "http_req_connecting": {
            "max": 58.664,
            "p(90)": 0.099,
            "p(95)": 0.123,
            "avg": 0.14929522349253904,
            "min": 0.033,
            "med": 0.05
        },
        "success_duration": {
            "avg": 0.1014998331887612,
            "min": 0.035,
            "med": 0.058,
            "max": 4.458,
            "p(90)": 0.1,
            "p(95)": 0.174
        },
        "http_req_tls_handshaking": {
            "avg": 0,
            "min": 0,
            "med": 0,
            "max": 0,
            "p(90)": 0,
            "p(95)": 0
        },
        "http_req_waiting": {
            "med": 0.034,
            "max": 4.075,
            "p(90)": 0.075,
            "p(95)": 0.125,
            "avg": 0.06923999200026532,
            "min": 0
        },
        "checks": {
            "passes": 29998,
            "fails": 3,
            "value": 0.9999000033332223
        },
        "http_reqs": {
            "count": 30001,
            "rate": 2999.811118189318
        },
        "http_req_sending": {
            "avg": 0.015406786440451608,
            "min": 0,
            "med": 0.01,
            "max": 1.512,
            "p(90)": 0.014,
            "p(95)": 0.022
        },
        "http_req_duration{expected_response:true}": {
            "med": 0.058,
            "max": 4.458,
            "p(90)": 0.1,
            "p(95)": 0.174,
            "avg": 0.10149983318876118,
            "min": 0.035
        },
        "http_req_receiving": {
            "min": 0.005,
            "med": 0.01,
            "max": 1.325,
            "p(90)": 0.021,
            "p(95)": 0.033,
            "avg": 0.01688573714209464
        },
        "http_req_failed": {
            "passes": 27,
            "fails": 29974,
            "value": 0.0008999700009999666
        },
        "vus": {
            "value": 1,
            "min": 0,
            "max": 37
        }
    },
    "root_group": {
        "id": "d41d8cd98f00b204e9800998ecf8427e",
        "groups": {},
        "checks": {
                "status is 200 or 503": {
                    "name": "status is 200 or 503",
                    "path": "::status is 200 or 503",
                    "id": "9158419957bbc07d723ad901a3da8b58",
                    "passes": 29998,
                    "fails": 3
                }
            },
        "name": "",
        "path": ""
    }
}