{
    "root_group": {
        "name": "",
        "path": "",
        "id": "d41d8cd98f00b204e9800998ecf8427e",
        "groups": {},
        "checks": {
                "status is 200 or 503": {
                    "name": "status is 200 or 503",
                    "path": "::status is 200 or 503",
                    "id": "9158419957bbc07d723ad901a3da8b58",
                    "passes": 29976,
                    "fails": 25
                }
            }
    },
    "metrics": {
        "http_req_duration": {
            "avg": 0.1126451118296026,
            "min": 0.006,
            "med": 0.059,
            "max": 20.212,
            "p(90)": 0.102,
            "p(95)": 0.187
        },
        "vus_max": {
            "value": 1000,
            "min": 1000,
            "max": 1000
        },
        "http_req_receiving": {
            "min": 0.006,
            "med": 0.01,
            "max": 1.012,
            "p(90)": 0.021,
            "p(95)": 0.035,
            "avg": 0.018424019199359796
        },
        "http_req_duration{expected_response:true}": {
            "p(95)": 0.18,
            "avg": 0.11209810337918753,
            "min": 0.035,
            "med": 0.059,
            "max": 20.212,
            "p(90)": 0.102
        },
        "iterations": {
            "count": 30001,
            "rate": 2999.8126179512
        },
        "http_req_waiting": {
            "p(90)": 0.077,
            "p(95)": 0.136,
            "avg": 0.07776674110862761,
            "min": 0,
            "med": 0.034,
            "max": 20.174
        },
        "checks": {
            "passes": 29976,
            "fails": 25,
            "value": 0.9991666944435186
        },
        "http_req_sending": {
            "med": 0.01,
            "max": 1.883,
            "p(90)": 0.015,
            "p(95)": 0.026,
            "avg": 0.016454351521616607,
            "min": 0
        },
        "data_received": {
            "count": 5167781,
            "rate": 516728.597400369
        },
        "http_req_blocked": {
            "min": 0.043,
            "med": 0.063,
            "max": 29.007,
            "p(90)": 0.113,
            "p(95)": 0.149,
            "avg": 0.14132402253258008
        },
        "http_req_tls_handshaking": {
            "p(90)": 0,
            "p(95)": 0,
            "avg": 0,
            "min": 0,
            "med": 0,
            "max": 0
        },
        "iteration_duration": {
            "min": 0.103667,
            "med": 0.155292,
            "max": 30.372291,
            "p(90)": 0.251833,
            "p(95)": 0.434834,
            "avg": 0.2912434414852851
        },
        "status_503": {
            "count": 28,
            "rate": 2.7997317856949304
        },
        "http_reqs": {
            "count": 30001,
            "rate": 2999.8126179512
        },
        "success_duration": {
            "max": 20.212,
            "p(90)": 0.102,
            "p(95)": 0.18,
            "avg": 0.11209810337918753,
            "min": 0.035,
            "med": 0.059
        },
        "http_req_connecting": {
            "max": 28.986,
            "p(90)": 0.1,
            "p(95)": 0.127,
            "avg": 0.12642608579713496,
            "min": 0.033,
            "med": 0.05
        },
        "http_req_failed": {
            "passes": 53,
            "fails": 29948,
            "value": 0.0017666077797406754
        },
        "vus": {
            "max": 2,
            "value": 1,
            "min": 0
        },
        "data_sent": {
            "count": 5420405,
            "rate": 541988.577494276
        }
    }
}