{
    "root_group": {
        "name": "",
        "path": "",
        "id": "d41d8cd98f00b204e9800998ecf8427e",
        "groups": {},
        "checks": {
                "seed status is 200": {
                    "name": "seed status is 200",
                    "path": "::seed status is 200",
                    "id": "2ac229dc72417ad76e9d2b75969e5805",
                    "passes": 5000,
                    "fails": 0
                }
            }
    },
    "metrics": {
        "iterations": {
            "count": 5000,
            "rate": 12610.563112085207
        },
        "http_req_duration": {
            "min": 0.034,
            "med": 0.056,
            "max": 0.985,
            "p(90)": 0.09,
            "p(95)": 0.112,
            "avg": 0.0651986000000001
        },
        "http_req_duration{expected_response:true}": {
            "p(90)": 0.09,
            "p(95)": 0.112,
            "avg": 0.0651986000000001,
            "min": 0.034,
            "med": 0.056,
            "max": 0.985
        },
        "http_req_sending": {
            "avg": 0.008809000000000141,
            "min": 0.003,
            "med": 0.006,
            "max": 0.265,
            "p(90)": 0.012,
            "p(95)": 0.018
        },
        "data_received": {
            "count": 755000,
            "rate": 1904195.0299248663
        },
        "data_sent": {
            "count": 1007780,
            "rate": 2541734.658619446
        },
        "http_req_tls_handshaking": {
            "med": 0,
            "max": 0,
            "p(90)": 0,
            "p(95)": 0,
            "avg": 0,
            "min": 0
        },
        "checks": {
            "passes": 5000,
            "fails": 0,
            "value": 1
        },
        "iteration_duration": {
            "avg": 0.1561681528000002,
            "min": 0.095083,
            "med": 0.138125,
            "max": 1.0665,
            "p(90)": 0.204333,
            "p(95)": 0.2583455499999999
        },
        "http_req_blocked": {
            "avg": 0.0669666000000001,
            "min": 0.039,
            "med": 0.058,
            "max": 0.958,
            "p(90)": 0.094,
            "p(95)": 0.111
        },
        "http_req_connecting": {
            "med": 0.048,
            "max": 0.948,
            "p(90)": 0.081,
            "p(95)": 0.094,
            "avg": 0.05593399999999999,
            "min": 0.031
        },
        "http_req_waiting": {
            "med": 0.037,
            "max": 0.972,
            "p(90)": 0.064,
            "p(95)": 0.077,
            "avg": 0.04366359999999989,
            "min": 0.022
        },
        "http_req_receiving": {
            "avg": 0.012726000000000293,
            "min": 0.004,
            "med": 0.009,
            "max": 0.261,
            "p(90)": 0.02,
            "p(95)": 0.03
        },
        "http_req_failed": {
            "passes": 0,
            "fails": 5000,
            "thresholds": {
                "rate==0": false
            },
            "value": 0
        },
        "http_reqs": {
            "count": 5000,
            "rate": 12610.563112085207
        }
    }
}