{
    "root_group": {
        "path": "",
        "id": "d41d8cd98f00b204e9800998ecf8427e",
        "groups": {},
        "checks": {
                "status is 200 or 503": {
                    "passes": 29962,
                    "fails": 38,
                    "name": "status is 200 or 503",
                    "path": "::status is 200 or 503",
                    "id": "9158419957bbc07d723ad901a3da8b58"
                }
            },
        "name": ""
    },
    "metrics": {
        "http_req_sending": {
            "min": 0,
            "med": 0.01,
            "max": 0.846,
            "p(90)": 0.015,
            "p(95)": 0.026,
            "avg": 0.014009566666666404
        },
        "vus": {
            "max": 3,
            "value": 2,
            "min": 2
        },
        "http_req_connecting": {
            "p(90)": 0.102,
            "p(95)": 0.122,
            "avg": 0.09050169999999706,
            "min": 0.031,
            "med": 0.047,
            "max": 17.935
        },
        "http_reqs": {
            "rate": 2999.7756167838647,
            "count": 30000
        },
        "iterations": {
            "count": 30000,
            "rate": 2999.7756167838647
        },
        "vus_max": {
            "min": 1000,
            "max": 1000,
            "value": 1000
        },
        "checks": {
            "passes": 29962,
            "fails": 38,
            "value": 0.9987333333333334
        },
        "data_received": {
            "count": 5146254,
            "rate": 514586.90889921435
        },
        "http_req_failed": {
            "passes": 83,
            "fails": 29917,
            "value": 0.002766666666666667
        },
        "data_sent": {
            "count": 5418057,
            "rate": 541765.1759648379
        },
        "http_req_blocked": {
            "avg": 0.10652516666666549,
            "min": 0.042,
            "med": 0.059,
            "max": 17.946,
            "p(90)": 0.119,
            "p(95)": 0.145
        },
        "status_503": {
            "count": 45,
            "rate": 4.499663425175797
        },
        "http_req_waiting": {
            "avg": 0.770400799999984,
            "min": 0,
            "med": 0.539,
            "max": 18.192,
            "p(90)": 0.654,
            "p(95)": 1.7560499999999988
        },
        "http_req_receiving": {
            "p(95)": 0.042,
            "avg": 0.017004733333332276,
            "min": 0,
            "med": 0.011,
            "max": 1.207,
            "p(90)": 0.03
        },
        "http_req_duration": {
            "min": 0,
            "med": 0.564,
            "max": 18.329,
            "p(90)": 0.696,
            "p(95)": 1.8500999999999974,
            "avg": 0.8014151000000448
        },
        "http_req_tls_handshaking": {
            "avg": 0,
            "min": 0,
            "med": 0,
            "max": 0,
            "p(90)": 0,
            "p(95)": 0
        },
        "http_req_duration{expected_response:true}": {
            "p(90)": 0.6964000000000006,
            "p(95)": 1.8611999999999986,
            "avg": 0.8031823712271069,
            "min": 0.538,
            "med": 0.564,
            "max": 18.329
        },
        "success_duration": {
            "p(95)": 1.8611999999999986,
            "avg": 0.8031823712271069,
            "min": 0.538,
            "med": 0.564,
            "max": 18.329,
            "p(90)": 0.6964000000000006
        },
        "iteration_duration": {
            "med": 0.657541,
            "max": 24.570333,
            "p(90)": 0.8923715000000002,
            "p(95)": 2.2135901999999934,
            "avg": 0.9477017399333292,
            "min": 0.1195
        }
    }
}