{
    "metrics": {
        "dropped_iterations": {
            "count": 1794,
            "rate": 376.3543722560116
        },
        "data_received": {
            "count": 2629271,
            "rate": 551581.7372887045
        },
        "http_reqs": {
            "count": 22004,
            "rate": 4616.1101488970335
        },
        "http_req_connecting": {
            "avg": 19.553782903108505,
            "min": 0,
            "med": 0.187,
            "max": 271.56,
            "p(90)": 66.63360000000002,
            "p(95)": 91.51489999999993
        },
        "http_req_waiting": {
            "avg": 3.454314397382294,
            "min": 0,
            "med": 0,
            "max": 232.64,
            "p(90)": 1.809400000000001,
            "p(95)": 10.52164999999999
        },
        "vus_max": {
            "value": 1005,
            "min": 1000,
            "max": 1005
        },
        "http_req_duration": {
            "avg": 4.389520814397407,
            "min": 0,
            "med": 0.032,
            "max": 580.942,
            "p(90)": 4.185400000000001,
            "p(95)": 16.709249999999997
        },
        "http_req_duration{expected_response:true}": {
            "avg": 9.368785297035185,
            "min": 0.04,
            "med": 0.214,
            "max": 580.942,
            "p(90)": 17.388800000000003,
            "p(95)": 71.3694
        },
        "http_req_sending": {
            "max": 160.966,
            "p(90)": 0.266,
            "p(95)": 0.986699999999998,
            "avg": 0.41934875477186284,
            "min": 0,
            "med": 0
        },
        "http_req_receiving": {
            "min": 0,
            "med": 0.013,
            "max": 580.858,
            "p(90)": 0.396,
            "p(95)": 1.283849999999999,
            "avg": 0.515857662243227
        },
        "data_sent": {
            "count": 1767639,
            "rate": 370824.2286623434
        },
        "vus": {
            "value": 841,
            "min": 2,
            "max": 841
        },
        "http_req_blocked": {
            "med": 0.264,
            "max": 413.911,
            "p(90)": 69.969,
            "p(95)": 95.84354999999998,
            "avg": 21.336966233412202,
            "min": 0
        },
        "iterations": {
            "count": 22004,
            "rate": 4616.1101488970335
        },
        "status_503": {
            "count": 7133,
            "rate": 1496.3967320524696
        },
        "http_req_tls_handshaking": {
            "p(95)": 0,
            "avg": 0,
            "min": 0,
            "med": 0,
            "max": 0,
            "p(90)": 0
        },
        "http_req_failed": {
            "passes": 12931,
            "fails": 9073,
            "value": 0.5876658789311034
        },
        "iteration_duration": {
            "med": 5.2877505,
            "max": 581.301542,
            "p(90)": 124.1281876,
            "p(95)": 167.21248305,
            "avg": 38.45462174686413,
            "min": 0.070208
        },
        "checks": {
            "passes": 16206,
            "fails": 5798,
            "value": 0.7365024540992546
        },
        "success_duration": {
            "avg": 9.368785297035185,
            "min": 0.04,
            "med": 0.214,
            "max": 580.942,
            "p(90)": 17.388800000000003,
            "p(95)": 71.3694
        }
    },
    "root_group": {
        "name": "",
        "path": "",
        "id": "d41d8cd98f00b204e9800998ecf8427e",
        "groups": {},
        "checks": {
                "status is 200 or 503": {
                    "name": "status is 200 or 503",
                    "path": "::status is 200 or 503",
                    "id": "9158419957bbc07d723ad901a3da8b58",
                    "passes": 16206,
                    "fails": 5798
                }
            }
    }
}