{
    "root_group": {
        "groups": {},
        "checks": {
                "seed status is 200": {
                    "fails": 0,
                    "name": "seed status is 200",
                    "path": "::seed status is 200",
                    "id": "2ac229dc72417ad76e9d2b75969e5805",
                    "passes": 5000
                }
            },
        "name": "",
        "path": "",
        "id": "d41d8cd98f00b204e9800998ecf8427e"
    },
    "metrics": {
        "data_sent": {
            "count": 1004416,
            "rate": 1036025.1266129615
        },
        "iteration_duration": {
            "p(90)": 2.3464125,
            "p(95)": 3.4131014499999983,
            "avg": 1.929198382600002,
            "min": 0.106416,
            "med": 0.8245835,
            "max": 225.989208
        },
        "http_req_sending": {
            "avg": 0.19755759999999967,
            "min": 0.003,
            "med": 0.014,
            "max": 159.269,
            "p(90)": 0.092,
            "p(95)": 0.174
        },
        "http_req_waiting": {
            "max": 40.154,
            "p(90)": 1.585,
            "p(95)": 2.2990499999999954,
            "avg": 0.859384599999998,
            "min": 0.023,
            "med": 0.4395
        },
        "http_req_connecting": {
            "max": 207.205,
            "p(90)": 0.371,
            "p(95)": 0.6070499999999998,
            "avg": 0.40207059999999983,
            "min": 0.032,
            "med": 0.127
        },
        "http_reqs": {
            "count": 5000,
            "rate": 5157.350772055411
        },
        "http_req_tls_handshaking": {
            "avg": 0,
            "min": 0,
            "med": 0,
            "max": 0,
            "p(90)": 0,
            "p(95)": 0
        },
        "data_received": {
            "rate": 778759.9665803671,
            "count": 755000
        },
        "http_req_blocked": {
            "max": 208.636,
            "p(90)": 0.434,
            "p(95)": 0.6990999999999995,
            "avg": 0.5545995999999993,
            "min": 0.04,
            "med": 0.146
        },
        "http_req_failed": {
            "passes": 0,
            "fails": 5000,
            "thresholds": {
                "rate==0": false
            },
            "value": 0
        },
        "http_req_duration": {
            "med": 0.5654999999999999,
            "max": 177,
            "p(90)": 1.869,
            "p(95)": 2.685299999999999,
            "avg": 1.185240199999997,
            "min": 0.042
        },
        "checks": {
            "passes": 5000,
            "fails": 0,
            "value": 1
        },
        "http_req_duration{expected_response:true}": {
            "avg": 1.185240199999997,
            "min": 0.042,
            "med": 0.5654999999999999,
            "max": 177,
            "p(90)": 1.869,
            "p(95)": 2.685299999999999
        },
        "http_req_receiving": {
            "avg": 0.1282980000000001,
            "min": 0.004,
            "med": 0.022,
            "max": 37.187,
            "p(90)": 0.161,
            "p(95)": 0.29404999999999976
        },
        "iterations": {
            "count": 5000,
            "rate": 5157.350772055411
        }
    }
}