{
    "root_group": {
        "name": "",
        "path": "",
        "id": "d41d8cd98f00b204e9800998ecf8427e",
        "groups": {},
        "checks": {
                "status is 200 or 503": {
                    "passes": 49858,
                    "fails": 143,
                    "name": "status is 200 or 503",
                    "path": "::status is 200 or 503",
                    "id": "9158419957bbc07d723ad901a3da8b58"
                }
            }
    },
    "metrics": {
        "http_req_connecting": {
            "max": 56.374,
            "p(90)": 0.064,
            "p(95)": 0.124,
            "avg": 0.2251687366252734,
            "min": 0.034,
            "med": 0.046
        },
        "vus": {
            "value": 0,
            "min": 0,
            "max": 90
        },
        "data_received": {
            "count": 8389261,
            "rate": 838866.4565949361
        },
        "vus_max": {
            "value": 1000,
            "min": 1000,
            "max": 1000
        },
        "http_reqs": {
            "count": 50001,
            "rate": 4999.744518164758
        },
        "http_req_tls_handshaking": {
            "p(90)": 0,
            "p(95)": 0,
            "avg": 0,
            "min": 0,
            "med": 0,
            "max": 0
        },
        "success_duration": {
            "min": 0.035,
            "med": 0.054,
            "max": 24.605,
            "p(90)": 0.083,
            "p(95)": 0.2507499999999978,
            "avg": 0.16184925150303922
        },
        "http_req_waiting": {
            "avg": 0.11027917441651881,
            "min": 0,
            "med": 0.032,
            "max": 24.556,
            "p(90)": 0.051,
            "p(95)": 0.182
        },
        "http_req_failed": {
            "passes": 435,
            "fails": 49566,
            "value": 0.00869982600347993
        },
        "status_503": {
            "count": 292,
            "rate": 29.197924027601637
        },
        "http_req_receiving": {
            "med": 0.01,
            "max": 7.368,
            "p(90)": 0.022,
            "p(95)": 0.038,
            "avg": 0.02500013999720474,
            "min": 0
        },
        "http_req_duration{expected_response:true}": {
            "min": 0.035,
            "med": 0.054,
            "max": 24.605,
            "p(90)": 0.083,
            "p(95)": 0.2507499999999978,
            "avg": 0.16184925150303922
        },
        "http_req_blocked": {
            "avg": 0.2477527449451178,
            "min": 0.044,
            "med": 0.058,
            "max": 56.389,
            "p(90)": 0.082,
            "p(95)": 0.176
        },
        "http_req_sending": {
            "avg": 0.03274514509709647,
            "min": 0,
            "med": 0.009,
            "max": 7.598,
            "p(90)": 0.015,
            "p(95)": 0.034
        },
        "data_sent": {
            "count": 9204416,
            "rate": 920376.1612549347
        },
        "iteration_duration": {
            "avg": 0.46076236233274726,
            "min": 0.106584,
            "med": 0.1445,
            "max": 58.76325,
            "p(90)": 0.207666,
            "p(95)": 0.684333
        },
        "http_req_duration": {
            "p(90)": 0.084,
            "p(95)": 0.282,
            "avg": 0.16802445951080774,
            "min": 0,
            "med": 0.054,
            "max": 24.605
        },
        "iterations": {
            "rate": 4999.744518164758,
            "count": 50001
        },
        "checks": {
            "passes": 49858,
            "fails": 143,
            "value": 0.997140057198856
        }
    }
}