{
    "metrics": {
        "http_req_sending": {
            "p(90)": 0.012,
            "p(95)": 0.018,
            "avg": 0.008571200000000171,
            "min": 0.003,
            "med": 0.006,
            "max": 0.191
        },
        "http_reqs": {
            "count": 5000,
            "rate": 12613.33077703163
        },
        "checks": {
            "passes": 5000,
            "fails": 0,
            "value": 1
        },
        "iteration_duration": {
            "p(90)": 0.2087911,
            "p(95)": 0.2668139499999999,
            "avg": 0.15595167239999982,
            "min": 0.096375,
            "med": 0.13718750000000002,
            "max": 1.339458
        },
        "http_req_failed": {
            "passes": 0,
            "fails": 5000,
            "thresholds": {
                "rate==0": false
            },
            "value": 0
        },
        "http_req_blocked": {
            "avg": 0.06692439999999983,
            "min": 0.038,
            "med": 0.057,
            "max": 0.659,
            "p(90)": 0.093,
            "p(95)": 0.115
        },
        "http_req_waiting": {
            "p(95)": 0.08,
            "avg": 0.044649399999999895,
            "min": 0.019,
            "med": 0.038,
            "max": 0.983,
            "p(90)": 0.066
        },
        "data_received": {
            "count": 755000,
            "rate": 1904612.9473317761
        },
        "iterations": {
            "count": 5000,
            "rate": 12613.33077703163
        },
        "http_req_connecting": {
            "max": 0.583,
            "p(90)": 0.081,
            "p(95)": 0.096,
            "avg": 0.05563479999999991,
            "min": 0.031,
            "med": 0.047
        },
        "http_req_tls_handshaking": {
            "p(90)": 0,
            "p(95)": 0,
            "avg": 0,
            "min": 0,
            "med": 0,
            "max": 0
        },
        "http_req_receiving": {
            "max": 0.473,
            "p(90)": 0.019,
            "p(95)": 0.029,
            "avg": 0.01264780000000024,
            "min": 0.004,
            "med": 0.009
        },
        "data_sent": {
            "count": 1007780,
            "rate": 2542292.498095387
        },
        "http_req_duration{expected_response:true}": {
            "med": 0.056,
            "max": 1.142,
            "p(90)": 0.091,
            "p(95)": 0.119,
            "avg": 0.06586839999999972,
            "min": 0.031
        },
        "http_req_duration": {
            "max": 1.142,
            "p(90)": 0.091,
            "p(95)": 0.119,
            "avg": 0.06586839999999972,
            "min": 0.031,
            "med": 0.056
        }
    },
    "root_group": {
        "checks": {
            "seed status is 200": {
                "name": "seed status is 200",
                "path": "::seed status is 200",
                "id": "2ac229dc72417ad76e9d2b75969e5805",
                "passes": 5000,
                "fails": 0
            }
        },
        "name": "",
        "path": "",
        "id": "d41d8cd98f00b204e9800998ecf8427e",
        "groups": {}
    }
}