{
    "metrics": {
        "data_received": {
            "count": 8374174,
            "rate": 837352.337723359
        },
        "http_req_waiting": {
            "min": 0,
            "med": 0.032,
            "max": 32.901,
            "p(90)": 0.053,
            "p(95)": 0.198,
            "avg": 0.09469228615427822
        },
        "http_req_failed": {
            "passes": 947,
            "fails": 49054,
            "value": 0.01893962120757585
        },
        "http_req_duration": {
            "p(90)": 0.087,
            "p(95)": 0.311,
            "avg": 0.14108617827642594,
            "min": 0,
            "med": 0.054,
            "max": 32.952
        },
        "vus": {
            "value": 3,
            "min": 1,
            "max": 3
        },
        "http_req_blocked": {
            "p(95)": 0.223,
            "avg": 0.32670796584072465,
            "min": 0.043,
            "med": 0.057,
            "max": 90.394,
            "p(90)": 0.089
        },
        "http_req_tls_handshaking": {
            "min": 0,
            "med": 0,
            "max": 0,
            "p(90)": 0,
            "p(95)": 0,
            "avg": 0
        },
        "iterations": {
            "count": 50001,
            "rate": 4999.711522414708
        },
        "checks": {
            "passes": 49683,
            "fails": 318,
            "value": 0.9936401271974561
        },
        "http_req_receiving": {
            "med": 0.01,
            "max": 3.593,
            "p(90)": 0.022,
            "p(95)": 0.04,
            "avg": 0.023378192436155635,
            "min": 0
        },
        "http_req_sending": {
            "avg": 0.0230156996860071,
            "min": 0,
            "med": 0.01,
            "max": 3.4,
            "p(90)": 0.016,
            "p(95)": 0.036
        },
        "iteration_duration": {
            "avg": 0.5165451676766394,
            "min": 0.106125,
            "med": 0.144083,
            "max": 90.648291,
            "p(90)": 0.244958,
            "p(95)": 0.833667
        },
        "status_503": {
            "rate": 62.89511304971604,
            "count": 629
        },
        "http_req_duration{expected_response:true}": {
            "avg": 0.13177563501446526,
            "min": 0.036,
            "med": 0.054,
            "max": 32.952,
            "p(90)": 0.083,
            "p(95)": 0.242
        },
        "success_duration": {
            "min": 0.036,
            "med": 0.054,
            "max": 32.952,
            "p(90)": 0.083,
            "p(95)": 0.242,
            "avg": 0.13177563501446524
        },
        "http_reqs": {
            "count": 50001,
            "rate": 4999.711522414708
        },
        "data_sent": {
            "rate": 915478.0673541666,
            "count": 9155492
        },
        "vus_max": {
            "value": 1000,
            "min": 1000,
            "max": 1000
        },
        "http_req_connecting": {
            "p(90)": 0.07,
            "p(95)": 0.153,
            "avg": 0.2995843283134512,
            "min": 0.032,
            "med": 0.046,
            "max": 62.209
        }
    },
    "root_group": {
        "name": "",
        "path": "",
        "id": "d41d8cd98f00b204e9800998ecf8427e",
        "groups": {},
        "checks": {
                "status is 200 or 503": {
                    "id": "9158419957bbc07d723ad901a3da8b58",
                    "passes": 49683,
                    "fails": 318,
                    "name": "status is 200 or 503",
                    "path": "::status is 200 or 503"
                }
            }
    }
}