{
    "root_group": {
        "id": "d41d8cd98f00b204e9800998ecf8427e",
        "groups": {},
        "checks": {
                "seed status is 200": {
                    "name": "seed status is 200",
                    "path": "::seed status is 200",
                    "id": "2ac229dc72417ad76e9d2b75969e5805",
                    "passes": 5000,
                    "fails": 0
                }
            },
        "name": "",
        "path": ""
    },
    "metrics": {
        "http_req_tls_handshaking": {
            "min": 0,
            "med": 0,
            "max": 0,
            "p(90)": 0,
            "p(95)": 0,
            "avg": 0
        },
        "http_req_waiting": {
            "avg": 0.04392040000000005,
            "min": 0.02,
            "med": 0.038,
            "max": 0.404,
            "p(90)": 0.064,
            "p(95)": 0.076
        },
        "http_req_blocked": {
            "p(90)": 0.094,
            "p(95)": 0.11,
            "avg": 0.06676180000000005,
            "min": 0.038,
            "med": 0.058,
            "max": 0.414
        },
        "http_req_connecting": {
            "min": 0.031,
            "med": 0.048,
            "max": 0.403,
            "p(90)": 0.082,
            "p(95)": 0.094,
            "avg": 0.05571699999999987
        },
        "http_req_duration{expected_response:true}": {
            "avg": 0.0649506000000001,
            "min": 0.034,
            "med": 0.056,
            "max": 0.526,
            "p(90)": 0.088,
            "p(95)": 0.113
        },
        "http_req_failed": {
            "passes": 0,
            "fails": 5000,
            "thresholds": {
                "rate==0": false
            },
            "value": 0
        },
        "http_req_duration": {
            "avg": 0.0649506000000001,
            "min": 0.034,
            "med": 0.056,
            "max": 0.526,
            "p(90)": 0.088,
            "p(95)": 0.113
        },
        "http_reqs": {
            "count": 5000,
            "rate": 12774.753000150742
        },
        "http_req_sending": {
            "max": 0.296,
            "p(90)": 0.012,
            "p(95)": 0.018,
            "avg": 0.0090116000000002,
            "min": 0.003,
            "med": 0.006
        },
        "iteration_duration": {
            "p(90)": 0.20530030000000002,
            "p(95)": 0.25167534999999996,
            "avg": 0.1542861082,
            "min": 0.0975,
            "med": 0.137833,
            "max": 0.694375
        },
        "iterations": {
            "count": 5000,
            "rate": 12774.753000150742
        },
        "checks": {
            "passes": 5000,
            "fails": 0,
            "value": 1
        },
        "data_received": {
            "count": 755000,
            "rate": 1928987.703022762
        },
        "http_req_receiving": {
            "avg": 0.012018600000000221,
            "min": 0.004,
            "med": 0.009,
            "max": 0.246,
            "p(90)": 0.019,
            "p(95)": 0.027
        },
        "data_sent": {
            "count": 1007780,
            "rate": 2574828.115698383
        }
    }
}