{
    "root_group": {
        "name": "",
        "path": "",
        "id": "d41d8cd98f00b204e9800998ecf8427e",
        "groups": {},
        "checks": {
                "status is 200 or 503": {
                    "passes": 28520,
                    "fails": 412,
                    "name": "status is 200 or 503",
                    "path": "::status is 200 or 503",
                    "id": "9158419957bbc07d723ad901a3da8b58"
                }
            }
    },
    "metrics": {
        "vus_max": {
            "value": 1002,
            "min": 1000,
            "max": 1002
        },
        "http_req_waiting": {
            "med": 0.034,
            "max": 409.885,
            "p(90)": 0.077,
            "p(95)": 0.193,
            "avg": 0.462485517765839,
            "min": 0
        },
        "http_req_duration": {
            "avg": 0.5827340660859984,
            "min": 0,
            "med": 0.058,
            "max": 477.012,
            "p(90)": 0.117,
            "p(95)": 0.34144999999999875
        },
        "http_req_receiving": {
            "med": 0.011,
            "max": 176.135,
            "p(90)": 0.025,
            "p(95)": 0.046,
            "avg": 0.056914108945110196,
            "min": 0
        },
        "data_received": {
            "count": 4920105,
            "rate": 491967.25607819075
        },
        "http_req_blocked": {
            "avg": 8.687199536845059,
            "min": 0.041,
            "med": 0.065,
            "max": 761.759,
            "p(90)": 0.253,
            "p(95)": 10.775999999999897
        },
        "success_duration": {
            "p(95)": 0.191,
            "avg": 0.5638850656394103,
            "min": 0.034,
            "med": 0.059,
            "max": 477.012,
            "p(90)": 0.107
        },
        "http_req_failed": {
            "passes": 2195,
            "fails": 26737,
            "value": 0.07586755150006913
        },
        "http_req_tls_handshaking": {
            "avg": 0,
            "min": 0,
            "med": 0,
            "max": 0,
            "p(90)": 0,
            "p(95)": 0
        },
        "http_req_sending": {
            "p(95)": 0.036,
            "avg": 0.06333443937507924,
            "min": 0,
            "med": 0.01,
            "max": 170.601,
            "p(90)": 0.017
        },
        "iteration_duration": {
            "p(90)": 0.9323913000000005,
            "p(95)": 14.859195799999966,
            "avg": 10.700494835787401,
            "min": 0.10175,
            "med": 0.163209,
            "max": 825.002791
        },
        "dropped_iterations": {
            "count": 1068,
            "rate": 106.79061310510806
        },
        "http_req_duration{expected_response:true}": {
            "p(95)": 0.191,
            "avg": 0.5638850656394104,
            "min": 0.034,
            "med": 0.059,
            "max": 477.012,
            "p(90)": 0.107
        },
        "iterations": {
            "rate": 2892.9457100720847,
            "count": 28932
        },
        "status_503": {
            "count": 1783,
            "rate": 178.28432880749784
        },
        "http_req_connecting": {
            "p(90)": 0.19490000000000066,
            "p(95)": 10.495349999999945,
            "avg": 8.285672438822488,
            "min": 0.033,
            "med": 0.052,
            "max": 761.697
        },
        "data_sent": {
            "count": 4931235,
            "rate": 493080.1582540895
        },
        "http_reqs": {
            "count": 28932,
            "rate": 2892.9457100720847
        },
        "vus": {
            "min": 0,
            "max": 951,
            "value": 0
        },
        "checks": {
            "passes": 28520,
            "fails": 412,
            "value": 0.9857597124291442
        }
    }
}