{
    "root_group": {
        "checks": {
            "seed status is 200": {
                "path": "::seed status is 200",
                "id": "2ac229dc72417ad76e9d2b75969e5805",
                "passes": 5000,
                "fails": 0,
                "name": "seed status is 200"
            }
        },
        "name": "",
        "path": "",
        "id": "d41d8cd98f00b204e9800998ecf8427e",
        "groups": {}
    },
    "metrics": {
        "http_reqs": {
            "count": 5000,
            "rate": 9855.51810458676
        },
        "data_sent": {
            "rate": 1986438.8070880887,
            "count": 1007780
        },
        "http_req_duration": {
            "avg": 0.0835162000000001,
            "min": 0.035,
            "med": 0.063,
            "max": 1.321,
            "p(90)": 0.131,
            "p(95)": 0.183
        },
        "http_req_tls_handshaking": {
            "min": 0,
            "med": 0,
            "max": 0,
            "p(90)": 0,
            "p(95)": 0,
            "avg": 0
        },
        "http_req_sending": {
            "p(95)": 0.032,
            "avg": 0.011735600000000228,
            "min": 0.003,
            "med": 0.007,
            "max": 0.597,
            "p(90)": 0.017
        },
        "http_req_receiving": {
            "max": 0.418,
            "p(90)": 0.028,
            "p(95)": 0.042,
            "avg": 0.015249200000000199,
            "min": 0.004,
            "med": 0.01
        },
        "http_req_connecting": {
            "max": 24.721,
            "p(90)": 0.096,
            "p(95)": 0.124,
            "avg": 0.07360540000000003,
            "min": 0.031,
            "med": 0.052
        },
        "http_req_failed": {
            "passes": 0,
            "fails": 5000,
            "thresholds": {
                "rate==0": false
            },
            "value": 0
        },
        "iterations": {
            "count": 5000,
            "rate": 9855.51810458676
        },
        "checks": {
            "passes": 5000,
            "fails": 0,
            "value": 1
        },
        "data_received": {
            "count": 755000,
            "rate": 1488183.2337926007
        },
        "http_req_blocked": {
            "avg": 0.08772499999999991,
            "min": 0.04,
            "med": 0.063,
            "max": 24.746,
            "p(90)": 0.115,
            "p(95)": 0.154
        },
        "http_req_duration{expected_response:true}": {
            "avg": 0.0835162000000001,
            "min": 0.035,
            "med": 0.063,
            "max": 1.321,
            "p(90)": 0.131,
            "p(95)": 0.183
        },
        "iteration_duration": {
            "min": 0.095625,
            "med": 0.15258349999999998,
            "max": 24.99875,
            "p(90)": 0.2891869,
            "p(95)": 0.3909347999999999,
            "avg": 0.19992464259999976
        },
        "http_req_waiting": {
            "max": 1.167,
            "p(90)": 0.087,
            "p(95)": 0.115,
            "avg": 0.05653139999999998,
            "min": 0.021,
            "med": 0.042
        }
    }
}