{
    "root_group": {
        "name": "",
        "path": "",
        "id": "d41d8cd98f00b204e9800998ecf8427e",
        "groups": {},
        "checks": {
                "status is 200 or 503": {
                    "name": "status is 200 or 503",
                    "path": "::status is 200 or 503",
                    "id": "9158419957bbc07d723ad901a3da8b58",
                    "passes": 29895,
                    "fails": 106
                }
            }
    },
    "metrics": {
        "http_req_waiting": {
            "avg": 0.4122706243125231,
            "min": 0,
            "med": 0.329,
            "max": 35.811,
            "p(90)": 0.383,
            "p(95)": 0.543
        },
        "data_received": {
            "count": 5159268,
            "rate": 515885.99341792066
        },
        "iteration_duration": {
            "min": 0.283667,
            "med": 0.497375,
            "max": 60.819834,
            "p(90)": 0.586375,
            "p(95)": 1.096541,
            "avg": 0.7458762220925983
        },
        "vus_max": {
            "value": 1000,
            "min": 1000,
            "max": 1000
        },
        "http_req_duration{expected_response:true}": {
            "p(95)": 0.601,
            "avg": 0.4530887737245898,
            "min": 0.288,
            "med": 0.351,
            "max": 35.889,
            "p(90)": 0.409
        },
        "checks": {
            "passes": 29895,
            "fails": 106,
            "value": 0.9964667844405186
        },
        "http_req_blocked": {
            "avg": 0.24767887737075198,
            "min": 0.043,
            "med": 0.108,
            "max": 59.519,
            "p(90)": 0.141,
            "p(95)": 0.191
        },
        "http_req_sending": {
            "p(90)": 0.017,
            "p(95)": 0.032,
            "avg": 0.021253591546947573,
            "min": 0,
            "med": 0.01,
            "max": 3.054
        },
        "status_503": {
            "count": 179,
            "rate": 17.89858422198804
        },
        "http_req_connecting": {
            "p(90)": 0.126,
            "p(95)": 0.159,
            "avg": 0.23045428485716563,
            "min": 0.034,
            "med": 0.096,
            "max": 59.505
        },
        "data_sent": {
            "count": 5397206,
            "rate": 539677.9114772022
        },
        "vus": {
            "value": 2,
            "min": 1,
            "max": 2
        },
        "http_req_failed": {
            "passes": 285,
            "fails": 29716,
            "value": 0.009499683343888538
        },
        "http_req_duration": {
            "min": 0,
            "med": 0.351,
            "max": 35.889,
            "p(90)": 0.411,
            "p(95)": 0.655,
            "avg": 0.4540163994533481
        },
        "iterations": {
            "count": 30001,
            "rate": 2999.862710859571
        },
        "http_req_tls_handshaking": {
            "max": 0,
            "p(90)": 0,
            "p(95)": 0,
            "avg": 0,
            "min": 0,
            "med": 0
        },
        "http_reqs": {
            "count": 30001,
            "rate": 2999.862710859571
        },
        "success_duration": {
            "p(90)": 0.409,
            "p(95)": 0.601,
            "avg": 0.4530887737245898,
            "min": 0.288,
            "med": 0.351,
            "max": 35.889
        },
        "http_req_receiving": {
            "max": 33.315,
            "p(90)": 0.023,
            "p(95)": 0.043,
            "avg": 0.020492183593878294,
            "min": 0,
            "med": 0.01
        }
    }
}