{
    "root_group": {
        "groups": {},
        "checks": {
                "status is 200 or 503": {
                    "name": "status is 200 or 503",
                    "path": "::status is 200 or 503",
                    "id": "9158419957bbc07d723ad901a3da8b58",
                    "passes": 30001,
                    "fails": 0
                }
            },
        "name": "",
        "path": "",
        "id": "d41d8cd98f00b204e9800998ecf8427e"
    },
    "metrics": {
        "iterations": {
            "count": 30001,
            "rate": 2999.8054191078436
        },
        "http_req_duration": {
            "med": 0.06,
            "max": 9.211,
            "p(90)": 0.12,
            "p(95)": 0.245,
            "avg": 0.1250672644245165,
            "min": 0.037
        },
        "http_req_blocked": {
            "avg": 0.13294696843438525,
            "min": 0.041,
            "med": 0.064,
            "max": 19.013,
            "p(90)": 0.118,
            "p(95)": 0.166
        },
        "data_sent": {
            "count": 5423531,
            "rate": 542299.8461551075
        },
        "vus": {
            "max": 55,
            "value": 1,
            "min": 0
        },
        "http_req_waiting": {
            "avg": 0.0858987033765542,
            "min": 0.021,
            "med": 0.035,
            "max": 9.152,
            "p(90)": 0.085,
            "p(95)": 0.162
        },
        "http_reqs": {
            "count": 30001,
            "rate": 2999.8054191078436
        },
        "http_req_failed": {
            "passes": 0,
            "fails": 30001,
            "value": 0
        },
        "vus_max": {
            "value": 1000,
            "min": 1000,
            "max": 1000
        },
        "http_req_sending": {
            "max": 2.508,
            "p(90)": 0.017,
            "p(95)": 0.032,
            "avg": 0.018188593713542246,
            "min": 0.005,
            "med": 0.011
        },
        "http_req_connecting": {
            "med": 0.051,
            "max": 19,
            "p(90)": 0.102,
            "p(95)": 0.138,
            "avg": 0.1166622112596193,
            "min": 0.031
        },
        "success_duration": {
            "avg": 0.1250672644245165,
            "min": 0.037,
            "med": 0.06,
            "max": 9.211,
            "p(90)": 0.12,
            "p(95)": 0.245
        },
        "checks": {
            "passes": 30001,
            "fails": 0,
            "value": 1
        },
        "http_req_receiving": {
            "avg": 0.02097996733442119,
            "min": 0.005,
            "med": 0.011,
            "max": 3.927,
            "p(90)": 0.026,
            "p(95)": 0.044
        },
        "iteration_duration": {
            "p(90)": 0.278875,
            "p(95)": 0.551667,
            "avg": 0.29852280857304575,
            "min": 0.107833,
            "med": 0.160292,
            "max": 20.018209
        },
        "http_req_duration{expected_response:true}": {
            "med": 0.06,
            "max": 9.211,
            "p(90)": 0.12,
            "p(95)": 0.245,
            "avg": 0.1250672644245165,
            "min": 0.037
        },
        "data_received": {
            "count": 5170205,
            "rate": 516969.7335721632
        },
        "http_req_tls_handshaking": {
            "p(95)": 0,
            "avg": 0,
            "min": 0,
            "med": 0,
            "max": 0,
            "p(90)": 0
        }
    }
}