{
    "metrics": {
        "iteration_duration": {
            "min": 0.095,
            "med": 0.143625,
            "max": 1.221583,
            "p(90)": 0.26397890000000007,
            "p(95)": 0.34371219999999997,
            "avg": 0.17461129439999978
        },
        "http_req_receiving": {
            "avg": 0.014913400000000207,
            "min": 0.004,
            "med": 0.009,
            "max": 0.295,
            "p(90)": 0.028,
            "p(95)": 0.042
        },
        "iterations": {
            "count": 5000,
            "rate": 11284.618388059971
        },
        "http_reqs": {
            "count": 5000,
            "rate": 11284.618388059971
        },
        "http_req_sending": {
            "p(95)": 0.02804999999999978,
            "avg": 0.010875600000000258,
            "min": 0.003,
            "med": 0.007,
            "max": 0.443,
            "p(90)": 0.016
        },
        "data_sent": {
            "count": 1007780,
            "rate": 2274482.5438238154
        },
        "http_req_failed": {
            "passes": 0,
            "fails": 5000,
            "thresholds": {
                "rate==0": false
            },
            "value": 0
        },
        "data_received": {
            "count": 755000,
            "rate": 1703977.3765970557
        },
        "http_req_duration": {
            "avg": 0.07538240000000025,
            "min": 0.033,
            "med": 0.06,
            "max": 0.768,
            "p(90)": 0.121,
            "p(95)": 0.15804999999999977
        },
        "http_req_duration{expected_response:true}": {
            "avg": 0.07538240000000025,
            "min": 0.033,
            "med": 0.06,
            "max": 0.768,
            "p(90)": 0.121,
            "p(95)": 0.15804999999999977
        },
        "http_req_connecting": {
            "p(90)": 0.09,
            "p(95)": 0.11,
            "avg": 0.05842320000000004,
            "min": 0.029,
            "med": 0.048,
            "max": 0.521
        },
        "http_req_tls_handshaking": {
            "max": 0,
            "p(90)": 0,
            "p(95)": 0,
            "avg": 0,
            "min": 0,
            "med": 0
        },
        "checks": {
            "passes": 5000,
            "fails": 0,
            "value": 1
        },
        "http_req_waiting": {
            "avg": 0.04959339999999999,
            "min": 0.02,
            "med": 0.04,
            "max": 0.5,
            "p(90)": 0.077,
            "p(95)": 0.101
        },
        "http_req_blocked": {
            "avg": 0.07145479999999998,
            "min": 0.037,
            "med": 0.058,
            "max": 0.548,
            "p(90)": 0.107,
            "p(95)": 0.13504999999999978
        }
    },
    "root_group": {
        "checks": {
            "seed status is 200": {
                "path": "::seed status is 200",
                "id": "2ac229dc72417ad76e9d2b75969e5805",
                "passes": 5000,
                "fails": 0,
                "name": "seed status is 200"
            }
        },
        "name": "",
        "path": "",
        "id": "d41d8cd98f00b204e9800998ecf8427e",
        "groups": {}
    }
}