{
    "metrics": {
        "http_req_connecting": {
            "avg": 0.28299590008201864,
            "min": 0.031,
            "med": 0.047,
            "max": 80.672,
            "p(90)": 0.076,
            "p(95)": 0.183
        },
        "data_received": {
            "count": 8387793,
            "rate": 838703.1457543655
        },
        "vus_max": {
            "value": 1000,
            "min": 1000,
            "max": 1000
        },
        "status_503": {
            "count": 398,
            "rate": 39.796386488106876
        },
        "http_req_blocked": {
            "avg": 0.3086969060619165,
            "min": 0.041,
            "med": 0.059,
            "max": 80.682,
            "p(90)": 0.096,
            "p(95)": 0.254
        },
        "checks": {
            "passes": 49858,
            "fails": 143,
            "value": 0.997140057198856
        },
        "data_sent": {
            "count": 9185370,
            "rate": 918453.6044127193
        },
        "http_reqs": {
            "count": 50001,
            "rate": 4999.646032140281
        },
        "http_req_duration": {
            "avg": 0.20270938581229744,
            "min": 0,
            "med": 0.055,
            "max": 62.869,
            "p(90)": 0.106,
            "p(95)": 0.514
        },
        "success_duration": {
            "avg": 0.19106928831379605,
            "min": 0.033,
            "med": 0.055,
            "max": 62.869,
            "p(90)": 0.102,
            "p(95)": 0.45504999999999785
        },
        "iteration_duration": {
            "avg": 0.5595342769744605,
            "min": 0.101584,
            "med": 0.147209,
            "max": 91.719417,
            "p(90)": 0.298125,
            "p(95)": 1.326083
        },
        "iterations": {
            "count": 50001,
            "rate": 4999.646032140281
        },
        "http_req_sending": {
            "med": 0.01,
            "max": 8.963,
            "p(90)": 0.017,
            "p(95)": 0.044,
            "avg": 0.033035759284810354,
            "min": 0
        },
        "vus": {
            "max": 6,
            "value": 1,
            "min": 0
        },
        "http_req_waiting": {
            "avg": 0.14040795184098231,
            "min": 0,
            "med": 0.032,
            "max": 25.64,
            "p(90)": 0.062,
            "p(95)": 0.359
        },
        "http_req_receiving": {
            "max": 62.826,
            "p(90)": 0.027,
            "p(95)": 0.054,
            "avg": 0.029265674686511582,
            "min": 0,
            "med": 0.01
        },
        "http_req_duration{expected_response:true}": {
            "med": 0.055,
            "max": 62.869,
            "p(90)": 0.102,
            "p(95)": 0.45504999999999785,
            "avg": 0.19106928831379605,
            "min": 0.033
        },
        "http_req_tls_handshaking": {
            "avg": 0,
            "min": 0,
            "med": 0,
            "max": 0,
            "p(90)": 0,
            "p(95)": 0
        },
        "http_req_failed": {
            "passes": 541,
            "fails": 49460,
            "value": 0.010819783604327914
        }
    },
    "root_group": {
        "name": "",
        "path": "",
        "id": "d41d8cd98f00b204e9800998ecf8427e",
        "groups": {},
        "checks": {
                "status is 200 or 503": {
                    "id": "9158419957bbc07d723ad901a3da8b58",
                    "passes": 49858,
                    "fails": 143,
                    "name": "status is 200 or 503",
                    "path": "::status is 200 or 503"
                }
            }
    }
}