{
    "root_group": {
        "name": "",
        "path": "",
        "id": "d41d8cd98f00b204e9800998ecf8427e",
        "groups": {},
        "checks": {
                "status is 200 or 503": {
                    "name": "status is 200 or 503",
                    "path": "::status is 200 or 503",
                    "id": "9158419957bbc07d723ad901a3da8b58",
                    "passes": 49826,
                    "fails": 174
                }
            }
    },
    "metrics": {
        "http_req_waiting": {
            "p(90)": 0.054,
            "p(95)": 0.26,
            "avg": 0.13427258000001582,
            "min": 0,
            "med": 0.032,
            "max": 39.662
        },
        "vus_max": {
            "value": 1000,
            "min": 1000,
            "max": 1000
        },
        "http_req_duration{expected_response:true}": {
            "p(95)": 0.329,
            "avg": 0.18614708320695883,
            "min": 0.035,
            "med": 0.055,
            "max": 39.707,
            "p(90)": 0.087
        },
        "success_duration": {
            "avg": 0.18614708320695883,
            "min": 0.035,
            "med": 0.055,
            "max": 39.707,
            "p(90)": 0.087,
            "p(95)": 0.329
        },
        "vus": {
            "value": 22,
            "min": 1,
            "max": 61
        },
        "http_req_tls_handshaking": {
            "p(95)": 0,
            "avg": 0,
            "min": 0,
            "med": 0,
            "max": 0,
            "p(90)": 0
        },
        "http_req_blocked": {
            "avg": 0.26475540000001785,
            "min": 0.042,
            "med": 0.059,
            "max": 54.368,
            "p(90)": 0.089,
            "p(95)": 0.203
        },
        "http_req_duration": {
            "med": 0.055,
            "max": 39.707,
            "p(90)": 0.091,
            "p(95)": 0.37809999999999555,
            "avg": 0.19061166000000493,
            "min": 0
        },
        "checks": {
            "fails": 174,
            "passes": 49826,
            "value": 0.99652
        },
        "data_sent": {
            "count": 9189929,
            "rate": 918907.1659614159
        },
        "iteration_duration": {
            "max": 54.947917,
            "p(90)": 0.24392020000000003,
            "p(95)": 0.924813949999999,
            "avg": 0.5004773731000008,
            "min": 0.104875,
            "med": 0.146083
        },
        "http_req_receiving": {
            "avg": 0.026789620000004215,
            "min": 0,
            "med": 0.01,
            "max": 7.35,
            "p(90)": 0.023,
            "p(95)": 0.043
        },
        "data_received": {
            "count": 8384976,
            "rate": 838419.3754722684
        },
        "http_reqs": {
            "rate": 4999.53354352039,
            "count": 50000
        },
        "http_req_connecting": {
            "avg": 0.23466940000000316,
            "min": 0.033,
            "med": 0.047,
            "max": 53.886,
            "p(90)": 0.071,
            "p(95)": 0.14404999999999776
        },
        "http_req_failed": {
            "passes": 545,
            "fails": 49455,
            "value": 0.0109
        },
        "http_req_sending": {
            "avg": 0.02954946000000019,
            "min": 0,
            "med": 0.01,
            "max": 11.185,
            "p(90)": 0.016,
            "p(95)": 0.037
        },
        "status_503": {
            "count": 371,
            "rate": 37.09653889292129
        },
        "iterations": {
            "count": 50000,
            "rate": 4999.53354352039
        }
    }
}