{
    "metrics": {
        "vus_max": {
            "value": 1002,
            "min": 1002,
            "max": 1002
        },
        "http_reqs": {
            "count": 49606,
            "rate": 4955.85575928164
        },
        "checks": {
            "passes": 49325,
            "fails": 281,
            "value": 0.994335362657743
        },
        "iterations": {
            "count": 49606,
            "rate": 4955.85575928164
        },
        "http_req_failed": {
            "passes": 1507,
            "fails": 48099,
            "value": 0.030379389589968955
        },
        "data_received": {
            "rate": 829141.762590672,
            "count": 8299355
        },
        "http_req_tls_handshaking": {
            "min": 0,
            "med": 0,
            "max": 0,
            "p(90)": 0,
            "p(95)": 0,
            "avg": 0
        },
        "data_sent": {
            "count": 8961901,
            "rate": 895332.9977212815
        },
        "http_req_duration{expected_response:true}": {
            "p(90)": 0.73,
            "p(95)": 3.479099999999998,
            "avg": 1.034713320443212,
            "min": 0.289,
            "med": 0.311,
            "max": 235.76
        },
        "http_req_blocked": {
            "med": 0.065,
            "max": 207.313,
            "p(90)": 0.239,
            "p(95)": 1.4017499999999978,
            "avg": 1.521489477079313,
            "min": 0.046
        },
        "http_req_duration": {
            "med": 0.311,
            "max": 235.76,
            "p(90)": 0.77,
            "p(95)": 3.50874999999998,
            "avg": 1.0375457001168789,
            "min": 0
        },
        "vus": {
            "value": 10,
            "min": 2,
            "max": 15
        },
        "http_req_connecting": {
            "avg": 1.381664234165409,
            "min": 0.035,
            "med": 0.052,
            "max": 201.741,
            "p(90)": 0.178,
            "p(95)": 1.1667499999999977
        },
        "dropped_iterations": {
            "count": 400,
            "rate": 39.961744621873486
        },
        "status_503": {
            "count": 1226,
            "rate": 122.48274726604222
        },
        "http_req_waiting": {
            "p(95)": 2.902749999999998,
            "avg": 0.920569648832849,
            "min": 0,
            "med": 0.286,
            "max": 79.633,
            "p(90)": 0.651
        },
        "http_req_sending": {
            "avg": 0.05875321533687146,
            "min": 0,
            "med": 0.011,
            "max": 171.415,
            "p(90)": 0.036,
            "p(95)": 0.097
        },
        "iteration_duration": {
            "avg": 2.9458363852759493,
            "min": 0.155458,
            "med": 0.4165,
            "max": 261.339084,
            "p(90)": 1.9050000000000016,
            "p(95)": 8.676760999999988
        },
        "http_req_receiving": {
            "avg": 0.05822283594728311,
            "min": 0,
            "med": 0.011,
            "max": 152.653,
            "p(90)": 0.049,
            "p(95)": 0.109
        },
        "success_duration": {
            "min": 0.289,
            "med": 0.311,
            "max": 235.76,
            "p(90)": 0.73,
            "p(95)": 3.479099999999998,
            "avg": 1.034713320443212
        }
    },
    "root_group": {
        "id": "d41d8cd98f00b204e9800998ecf8427e",
        "groups": {},
        "checks": {
                "status is 200 or 503": {
                    "fails": 281,
                    "name": "status is 200 or 503",
                    "path": "::status is 200 or 503",
                    "id": "9158419957bbc07d723ad901a3da8b58",
                    "passes": 49325
                }
            },
        "name": "",
        "path": ""
    }
}