{
    "metrics": {
        "data_sent": {
            "count": 1007780,
            "rate": 910030.8556970163
        },
        "http_req_receiving": {
            "min": 0.005,
            "med": 0.01,
            "max": 0.567,
            "p(90)": 0.018,
            "p(95)": 0.029,
            "avg": 0.013771200000000226
        },
        "checks": {
            "passes": 5000,
            "fails": 0,
            "value": 1
        },
        "http_req_tls_handshaking": {
            "avg": 0,
            "min": 0,
            "med": 0,
            "max": 0,
            "p(90)": 0,
            "p(95)": 0
        },
        "http_req_sending": {
            "max": 0.316,
            "p(90)": 0.013,
            "p(95)": 0.018,
            "avg": 0.01020120000000014,
            "min": 0.003,
            "med": 0.007
        },
        "http_req_waiting": {
            "med": 0.291,
            "max": 23.399,
            "p(90)": 0.337,
            "p(95)": 0.355,
            "avg": 0.31477379999999955,
            "min": 0.271
        },
        "vus_max": {
            "value": 2,
            "min": 2,
            "max": 2
        },
        "http_req_duration": {
            "avg": 0.3387462000000006,
            "min": 0.287,
            "med": 0.312,
            "max": 23.438,
            "p(90)": 0.362,
            "p(95)": 0.392
        },
        "http_req_blocked": {
            "avg": 0.07671879999999995,
            "min": 0.041,
            "med": 0.063,
            "max": 0.866,
            "p(90)": 0.117,
            "p(95)": 0.141
        },
        "data_received": {
            "count": 755000,
            "rate": 681769.1322027103
        },
        "http_req_failed": {
            "passes": 0,
            "fails": 5000,
            "thresholds": {
                "rate==0": false
            },
            "value": 0
        },
        "http_req_duration{expected_response:true}": {
            "max": 23.438,
            "p(90)": 0.362,
            "p(95)": 0.392,
            "avg": 0.3387462000000006,
            "min": 0.287,
            "med": 0.312
        },
        "iteration_duration": {
            "min": 0.356333,
            "med": 0.39897950000000004,
            "max": 23.603791,
            "p(90)": 0.5035042,
            "p(95)": 0.56188125,
            "avg": 0.44034199200000074
        },
        "vus": {
            "value": 2,
            "min": 2,
            "max": 2
        },
        "http_req_connecting": {
            "avg": 0.0637948,
            "min": 0.034,
            "med": 0.051,
            "max": 0.857,
            "p(90)": 0.1,
            "p(95)": 0.123
        },
        "iterations": {
            "count": 5000,
            "rate": 4515.027365580863
        },
        "http_reqs": {
            "count": 5000,
            "rate": 4515.027365580863
        }
    },
    "root_group": {
        "name": "",
        "path": "",
        "id": "d41d8cd98f00b204e9800998ecf8427e",
        "groups": {},
        "checks": {
                "seed status is 200": {
                    "fails": 0,
                    "name": "seed status is 200",
                    "path": "::seed status is 200",
                    "id": "2ac229dc72417ad76e9d2b75969e5805",
                    "passes": 5000
                }
            }
    }
}