{
    "metrics": {
        "http_req_failed": {
            "fails": 29978,
            "passes": 23,
            "value": 0.0007666411119629346
        },
        "success_duration": {
            "avg": 0.20122539862566316,
            "min": 0.134,
            "med": 0.16,
            "max": 19.553,
            "p(90)": 0.181,
            "p(95)": 0.234
        },
        "vus_max": {
            "value": 1000,
            "min": 1000,
            "max": 1000
        },
        "data_sent": {
            "count": 5421748,
            "rate": 542121.5636624483
        },
        "vus": {
            "value": 1,
            "min": 1,
            "max": 9
        },
        "http_req_blocked": {
            "med": 0.059,
            "max": 31.342,
            "p(90)": 0.079,
            "p(95)": 0.105,
            "avg": 0.11440538648711555,
            "min": 0.044
        },
        "http_req_sending": {
            "avg": 0.013889437018765268,
            "min": 0,
            "med": 0.01,
            "max": 0.795,
            "p(90)": 0.015,
            "p(95)": 0.022
        },
        "data_received": {
            "count": 5169070,
            "rate": 516856.2447167688
        },
        "http_req_tls_handshaking": {
            "med": 0,
            "max": 0,
            "p(90)": 0,
            "p(95)": 0,
            "avg": 0,
            "min": 0
        },
        "http_req_connecting": {
            "avg": 0.10003406553114583,
            "min": 0.035,
            "med": 0.047,
            "max": 31.316,
            "p(90)": 0.063,
            "p(95)": 0.084
        },
        "iterations": {
            "count": 30001,
            "rate": 2999.8054191078436
        },
        "http_req_receiving": {
            "med": 0.014,
            "max": 2.587,
            "p(90)": 0.019,
            "p(95)": 0.032,
            "avg": 0.018203059898002475,
            "min": 0.005
        },
        "iteration_duration": {
            "min": 0.204375,
            "med": 0.251667,
            "max": 31.582125,
            "p(90)": 0.297708,
            "p(95)": 0.433875,
            "avg": 0.3528394659178047
        },
        "http_reqs": {
            "count": 30001,
            "rate": 2999.8054191078436
        },
        "http_req_waiting": {
            "p(95)": 0.179,
            "avg": 0.1692084597180129,
            "min": 0,
            "med": 0.135,
            "max": 19.514,
            "p(90)": 0.15
        },
        "checks": {
            "passes": 29990,
            "fails": 11,
            "value": 0.9996333455551482
        },
        "status_503": {
            "count": 12,
            "rate": 1.1998821715707517
        },
        "http_req_duration": {
            "avg": 0.2013009566347832,
            "min": 0.006,
            "med": 0.16,
            "max": 19.553,
            "p(90)": 0.181,
            "p(95)": 0.235
        },
        "http_req_duration{expected_response:true}": {
            "med": 0.16,
            "max": 19.553,
            "p(90)": 0.181,
            "p(95)": 0.234,
            "avg": 0.20122539862566316,
            "min": 0.134
        }
    },
    "root_group": {
        "name": "",
        "path": "",
        "id": "d41d8cd98f00b204e9800998ecf8427e",
        "groups": {},
        "checks": {
                "status is 200 or 503": {
                    "id": "9158419957bbc07d723ad901a3da8b58",
                    "passes": 29990,
                    "fails": 11,
                    "name": "status is 200 or 503",
                    "path": "::status is 200 or 503"
                }
            }
    }
}