{
    "root_group": {
        "name": "",
        "path": "",
        "id": "d41d8cd98f00b204e9800998ecf8427e",
        "groups": {},
        "checks": {
                "seed status is 200": {
                    "name": "seed status is 200",
                    "path": "::seed status is 200",
                    "id": "2ac229dc72417ad76e9d2b75969e5805",
                    "passes": 5000,
                    "fails": 0
                }
            }
    },
    "metrics": {
        "iteration_duration": {
            "med": 0.23775,
            "max": 1.283708,
            "p(90)": 0.3016711,
            "p(95)": 0.36704519999999996,
            "avg": 0.25575270260000055,
            "min": 0.201167
        },
        "http_req_blocked": {
            "avg": 0.06584180000000012,
            "min": 0.038,
            "med": 0.057,
            "max": 0.909,
            "p(90)": 0.091,
            "p(95)": 0.109
        },
        "http_req_tls_handshaking": {
            "min": 0,
            "med": 0,
            "max": 0,
            "p(90)": 0,
            "p(95)": 0,
            "avg": 0
        },
        "http_req_duration": {
            "min": 0.135,
            "med": 0.157,
            "max": 0.677,
            "p(90)": 0.191,
            "p(95)": 0.218,
            "avg": 0.16647319999999938
        },
        "http_req_connecting": {
            "avg": 0.0540732000000001,
            "min": 0.03,
            "med": 0.047,
            "max": 0.795,
            "p(90)": 0.077,
            "p(95)": 0.091
        },
        "http_req_waiting": {
            "avg": 0.14341499999999782,
            "min": 0.121,
            "med": 0.137,
            "max": 0.475,
            "p(90)": 0.163,
            "p(95)": 0.177
        },
        "http_req_sending": {
            "p(95)": 0.018,
            "avg": 0.009435000000000174,
            "min": 0.003,
            "med": 0.007,
            "max": 0.386,
            "p(90)": 0.012
        },
        "data_sent": {
            "count": 1007780,
            "rate": 1561655.4682270102
        },
        "data_received": {
            "count": 755000,
            "rate": 1169947.6855180622
        },
        "http_reqs": {
            "count": 5000,
            "rate": 7747.99791733816
        },
        "http_req_duration{expected_response:true}": {
            "p(90)": 0.191,
            "p(95)": 0.218,
            "avg": 0.16647319999999938,
            "min": 0.135,
            "med": 0.157,
            "max": 0.677
        },
        "checks": {
            "passes": 5000,
            "fails": 0,
            "value": 1
        },
        "http_req_failed": {
            "passes": 0,
            "fails": 5000,
            "thresholds": {
                "rate==0": false
            },
            "value": 0
        },
        "iterations": {
            "count": 5000,
            "rate": 7747.99791733816
        },
        "http_req_receiving": {
            "med": 0.009,
            "max": 0.394,
            "p(90)": 0.02110000000000011,
            "p(95)": 0.032,
            "avg": 0.013623200000000241,
            "min": 0.004
        }
    }
}