{
    "root_group": {
        "groups": {},
        "checks": {
                "status is 200 or 503": {
                    "fails": 134,
                    "name": "status is 200 or 503",
                    "path": "::status is 200 or 503",
                    "id": "9158419957bbc07d723ad901a3da8b58",
                    "passes": 49866
                }
            },
        "name": "",
        "path": "",
        "id": "d41d8cd98f00b204e9800998ecf8427e"
    },
    "metrics": {
        "http_req_tls_handshaking": {
            "avg": 0,
            "min": 0,
            "med": 0,
            "max": 0,
            "p(90)": 0,
            "p(95)": 0
        },
        "http_req_blocked": {
            "avg": 0.22909098000001257,
            "min": 0.042,
            "med": 0.057,
            "max": 36.626,
            "p(90)": 0.084,
            "p(95)": 0.178
        },
        "http_req_receiving": {
            "p(90)": 0.022,
            "p(95)": 0.038,
            "avg": 0.01856084000000257,
            "min": 0.005,
            "med": 0.01,
            "max": 2.302
        },
        "data_received": {
            "count": 8390722,
            "rate": 839011.5394656966
        },
        "data_sent": {
            "count": 9237847,
            "rate": 923717.9151947313
        },
        "http_req_failed": {
            "fails": 49720,
            "passes": 280,
            "value": 0.0056
        },
        "vus": {
            "value": 1,
            "min": 1,
            "max": 1
        },
        "http_reqs": {
            "count": 50000,
            "rate": 4999.63852613456
        },
        "http_req_connecting": {
            "p(95)": 0.128,
            "avg": 0.2122390399999973,
            "min": 0.033,
            "med": 0.046,
            "max": 36.613,
            "p(90)": 0.066
        },
        "success_duration": {
            "avg": 0.12795108608205116,
            "min": 0.033,
            "med": 0.054,
            "max": 26.279,
            "p(90)": 0.084,
            "p(95)": 0.274
        },
        "status_503": {
            "count": 146,
            "rate": 14.598944496312916
        },
        "http_req_sending": {
            "avg": 0.019304080000001212,
            "min": 0,
            "med": 0.01,
            "max": 4.863,
            "p(90)": 0.015,
            "p(95)": 0.034
        },
        "vus_max": {
            "value": 1000,
            "min": 1000,
            "max": 1000
        },
        "http_req_duration": {
            "min": 0.006,
            "med": 0.054,
            "max": 26.279,
            "p(90)": 0.087,
            "p(95)": 0.317,
            "avg": 0.1312679199999919
        },
        "iteration_duration": {
            "med": 0.143334,
            "max": 40.982375,
            "p(90)": 0.209917,
            "p(95)": 0.67475,
            "avg": 0.3982956731800025,
            "min": 0.102917
        },
        "http_req_waiting": {
            "max": 26.213,
            "p(90)": 0.052,
            "p(95)": 0.216,
            "avg": 0.0934030000000053,
            "min": 0,
            "med": 0.032
        },
        "checks": {
            "passes": 49866,
            "fails": 134,
            "value": 0.99732
        },
        "iterations": {
            "count": 50000,
            "rate": 4999.63852613456
        },
        "http_req_duration{expected_response:true}": {
            "p(95)": 0.274,
            "avg": 0.12795108608205116,
            "min": 0.033,
            "med": 0.054,
            "max": 26.279,
            "p(90)": 0.084
        }
    }
}