{
    "metrics": {
        "http_req_receiving": {
            "avg": 0.011850200000000215,
            "min": 0.003,
            "med": 0.009,
            "max": 0.323,
            "p(90)": 0.018,
            "p(95)": 0.026
        },
        "data_sent": {
            "count": 1007780,
            "rate": 2535123.4004231156
        },
        "data_received": {
            "count": 755000,
            "rate": 1899242.0640610573
        },
        "iteration_duration": {
            "p(90)": 0.19273300000000002,
            "p(95)": 0.2553833,
            "avg": 0.15662616819999997,
            "min": 0.09875,
            "med": 0.136125,
            "max": 11.117375
        },
        "iterations": {
            "count": 5000,
            "rate": 12577.762013649386
        },
        "http_req_waiting": {
            "min": 0.02,
            "med": 0.037,
            "max": 10.988,
            "p(90)": 0.063,
            "p(95)": 0.076,
            "avg": 0.04533179999999976
        },
        "http_req_duration": {
            "avg": 0.06563239999999991,
            "min": 0.034,
            "med": 0.055,
            "max": 11.021,
            "p(90)": 0.087,
            "p(95)": 0.109
        },
        "http_reqs": {
            "count": 5000,
            "rate": 12577.762013649386
        },
        "http_req_connecting": {
            "min": 0.031,
            "med": 0.047,
            "max": 10.981,
            "p(90)": 0.081,
            "p(95)": 0.092,
            "avg": 0.05726039999999991
        },
        "http_req_duration{expected_response:true}": {
            "p(95)": 0.109,
            "avg": 0.06563239999999991,
            "min": 0.034,
            "med": 0.055,
            "max": 11.021,
            "p(90)": 0.087
        },
        "http_req_blocked": {
            "avg": 0.0680226000000004,
            "min": 0.039,
            "med": 0.057,
            "max": 10.994,
            "p(90)": 0.092,
            "p(95)": 0.109
        },
        "http_req_failed": {
            "passes": 0,
            "fails": 5000,
            "thresholds": {
                "rate==0": false
            },
            "value": 0
        },
        "http_req_tls_handshaking": {
            "p(95)": 0,
            "avg": 0,
            "min": 0,
            "med": 0,
            "max": 0,
            "p(90)": 0
        },
        "http_req_sending": {
            "p(90)": 0.011,
            "p(95)": 0.016,
            "avg": 0.008450400000000202,
            "min": 0.003,
            "med": 0.006,
            "max": 0.271
        },
        "checks": {
            "passes": 5000,
            "fails": 0,
            "value": 1
        }
    },
    "root_group": {
        "path": "",
        "id": "d41d8cd98f00b204e9800998ecf8427e",
        "groups": {},
        "checks": {
                "seed status is 200": {
                    "passes": 5000,
                    "fails": 0,
                    "name": "seed status is 200",
                    "path": "::seed status is 200",
                    "id": "2ac229dc72417ad76e9d2b75969e5805"
                }
            },
        "name": ""
    }
}