{
    "root_group": {
        "name": "",
        "path": "",
        "id": "d41d8cd98f00b204e9800998ecf8427e",
        "groups": {},
        "checks": {
                "status is 200 or 503": {
                    "name": "status is 200 or 503",
                    "path": "::status is 200 or 503",
                    "id": "9158419957bbc07d723ad901a3da8b58",
                    "passes": 30001,
                    "fails": 0
                }
            }
    },
    "metrics": {
        "http_reqs": {
            "count": 30001,
            "rate": 2999.8369143026157
        },
        "http_req_duration": {
            "avg": 0.13696503449884898,
            "min": 0.01,
            "med": 0.059,
            "max": 35.916,
            "p(90)": 0.11,
            "p(95)": 0.276
        },
        "http_req_waiting": {
            "max": 35.819,
            "p(90)": 0.082,
            "p(95)": 0.17,
            "avg": 0.09475994133528767,
            "min": 0,
            "med": 0.034
        },
        "checks": {
            "passes": 30001,
            "fails": 0,
            "value": 1
        },
        "http_req_sending": {
            "p(95)": 0.03,
            "avg": 0.02183957201426626,
            "min": 0,
            "med": 0.01,
            "max": 3.04,
            "p(90)": 0.016
        },
        "vus": {
            "value": 1,
            "min": 0,
            "max": 1
        },
        "data_sent": {
            "count": 5423234,
            "rate": 542275.8424086209
        },
        "http_req_connecting": {
            "max": 35.673,
            "p(90)": 0.102,
            "p(95)": 0.134,
            "avg": 0.15597950068330596,
            "min": 0.032,
            "med": 0.051
        },
        "vus_max": {
            "value": 1000,
            "min": 1000,
            "max": 1000
        },
        "http_req_duration{expected_response:true}": {
            "min": 0.035,
            "med": 0.059,
            "max": 35.916,
            "p(90)": 0.11,
            "p(95)": 0.2752499999999987,
            "avg": 0.1369284904653943
        },
        "http_req_receiving": {
            "med": 0.011,
            "max": 2.701,
            "p(90)": 0.022,
            "p(95)": 0.04,
            "avg": 0.020365521149293846,
            "min": 0.005
        },
        "http_req_tls_handshaking": {
            "avg": 0,
            "min": 0,
            "med": 0,
            "max": 0,
            "p(90)": 0,
            "p(95)": 0
        },
        "http_req_failed": {
            "passes": 5,
            "fails": 29996,
            "value": 0.00016666111129629013
        },
        "http_req_blocked": {
            "min": 0.041,
            "med": 0.064,
            "max": 35.762,
            "p(90)": 0.116,
            "p(95)": 0.161,
            "avg": 0.1729442351921573
        },
        "iterations": {
            "count": 30001,
            "rate": 2999.8369143026157
        },
        "iteration_duration": {
            "avg": 0.34791319999333176,
            "min": 0.103791,
            "med": 0.158792,
            "max": 39.776375,
            "p(90)": 0.263375,
            "p(95)": 0.593042
        },
        "data_received": {
            "count": 5170073,
            "rate": 516961.9624358944
        },
        "success_duration": {
            "avg": 0.1369284904653943,
            "min": 0.035,
            "med": 0.059,
            "max": 35.916,
            "p(90)": 0.11,
            "p(95)": 0.2752499999999987
        },
        "status_503": {
            "count": 5,
            "rate": 0.4999561538453078
        }
    }
}