{
    "root_group": {
        "name": "",
        "path": "",
        "id": "d41d8cd98f00b204e9800998ecf8427e",
        "groups": {},
        "checks": {
                "seed status is 200": {
                    "name": "seed status is 200",
                    "path": "::seed status is 200",
                    "id": "2ac229dc72417ad76e9d2b75969e5805",
                    "passes": 5000,
                    "fails": 0
                }
            }
    },
    "metrics": {
        "http_req_blocked": {
            "avg": 0.07090640000000008,
            "min": 0.036,
            "med": 0.058,
            "max": 18.215,
            "p(90)": 0.09610000000000012,
            "p(95)": 0.116
        },
        "iteration_duration": {
            "avg": 0.16408747560000045,
            "min": 0.095416,
            "med": 0.137625,
            "max": 18.31775,
            "p(90)": 0.20908780000000005,
            "p(95)": 0.27250834999999995
        },
        "http_req_duration": {
            "avg": 0.06930159999999992,
            "min": 0.034,
            "med": 0.056,
            "max": 18.193,
            "p(90)": 0.09,
            "p(95)": 0.12
        },
        "checks": {
            "passes": 5000,
            "fails": 0,
            "value": 1
        },
        "http_reqs": {
            "count": 5000,
            "rate": 12022.496495442272
        },
        "iterations": {
            "count": 5000,
            "rate": 12022.496495442272
        },
        "http_req_duration{expected_response:true}": {
            "min": 0.034,
            "med": 0.056,
            "max": 18.193,
            "p(90)": 0.09,
            "p(95)": 0.12,
            "avg": 0.06930159999999992
        },
        "http_req_failed": {
            "passes": 0,
            "fails": 5000,
            "thresholds": {
                "rate==0": false
            },
            "value": 0
        },
        "http_req_sending": {
            "p(95)": 0.018,
            "avg": 0.008616400000000163,
            "min": 0.003,
            "med": 0.006,
            "max": 0.287,
            "p(90)": 0.012
        },
        "http_req_waiting": {
            "p(95)": 0.081,
            "avg": 0.04822559999999986,
            "min": 0.02,
            "med": 0.038,
            "max": 18.166,
            "p(90)": 0.066
        },
        "data_sent": {
            "rate": 2423206.3036353625,
            "count": 1007780
        },
        "http_req_connecting": {
            "avg": 0.0599503999999999,
            "min": 0.029,
            "med": 0.048,
            "max": 18.198,
            "p(90)": 0.083,
            "p(95)": 0.1
        },
        "data_received": {
            "count": 755000,
            "rate": 1815396.9708117829
        },
        "http_req_receiving": {
            "avg": 0.012459600000000206,
            "min": 0.004,
            "med": 0.009,
            "max": 0.433,
            "p(90)": 0.019,
            "p(95)": 0.029
        },
        "http_req_tls_handshaking": {
            "avg": 0,
            "min": 0,
            "med": 0,
            "max": 0,
            "p(90)": 0,
            "p(95)": 0
        }
    }
}