{
    "metrics": {
        "success_duration": {
            "avg": 0.6949692124901025,
            "min": 0.137,
            "med": 0.157,
            "max": 85.649,
            "p(90)": 0.727700000000001,
            "p(95)": 2.7427499999999894
        },
        "data_received": {
            "count": 8326454,
            "rate": 831449.7752232291
        },
        "http_req_blocked": {
            "p(95)": 2.02,
            "avg": 1.3589573208535661,
            "min": 0.041,
            "med": 0.062,
            "max": 135.69,
            "p(90)": 0.361
        },
        "http_req_connecting": {
            "min": 0.032,
            "med": 0.049,
            "max": 122.026,
            "p(90)": 0.277,
            "p(95)": 1.792,
            "avg": 1.305667726645446
        },
        "http_req_waiting": {
            "p(95)": 2.593,
            "avg": 0.676737525249497,
            "min": 0,
            "med": 0.135,
            "max": 85.184,
            "p(90)": 0.804
        },
        "iterations": {
            "count": 50001,
            "rate": 4992.920180780039
        },
        "iteration_duration": {
            "max": 136.267084,
            "p(90)": 2.546459,
            "p(95)": 8.115833,
            "avg": 2.2405010117397643,
            "min": 0.185292,
            "med": 0.257292
        },
        "http_req_sending": {
            "p(95)": 0.141,
            "avg": 0.05621089578208819,
            "min": 0,
            "med": 0.011,
            "max": 21.674,
            "p(90)": 0.043
        },
        "data_sent": {
            "count": 9073713,
            "rate": 906068.3736786501
        },
        "vus": {
            "value": 13,
            "min": 1,
            "max": 46
        },
        "vus_max": {
            "value": 1000,
            "min": 1000,
            "max": 1000
        },
        "checks": {
            "passes": 49111,
            "fails": 890,
            "value": 0.9822003559928801
        },
        "http_req_duration{expected_response:true}": {
            "max": 85.649,
            "p(90)": 0.727700000000001,
            "p(95)": 2.7427499999999894,
            "avg": 0.6949692124901025,
            "min": 0.137,
            "med": 0.157
        },
        "http_req_receiving": {
            "p(95)": 0.171,
            "avg": 0.06948887022259996,
            "min": 0,
            "med": 0.01,
            "max": 52.779,
            "p(90)": 0.052
        },
        "http_reqs": {
            "count": 50001,
            "rate": 4992.920180780039
        },
        "http_req_tls_handshaking": {
            "avg": 0,
            "min": 0,
            "med": 0,
            "max": 0,
            "p(90)": 0,
            "p(95)": 0
        },
        "http_req_failed": {
            "passes": 2027,
            "fails": 47974,
            "value": 0.040539189216215674
        },
        "http_req_duration": {
            "min": 0,
            "med": 0.157,
            "max": 85.649,
            "p(90)": 1.025,
            "p(95)": 3.217,
            "avg": 0.8024372912541976
        },
        "status_503": {
            "count": 1137,
            "rate": 113.53673417625455
        }
    },
    "root_group": {
        "name": "",
        "path": "",
        "id": "d41d8cd98f00b204e9800998ecf8427e",
        "groups": {},
        "checks": {
                "status is 200 or 503": {
                    "fails": 890,
                    "name": "status is 200 or 503",
                    "path": "::status is 200 or 503",
                    "id": "9158419957bbc07d723ad901a3da8b58",
                    "passes": 49111
                }
            }
    }
}