{
    "metrics": {
        "http_req_duration{expected_response:true}": {
            "avg": 0.16968819999999898,
            "min": 0.135,
            "med": 0.16,
            "max": 0.857,
            "p(90)": 0.196,
            "p(95)": 0.22504999999999978
        },
        "http_req_waiting": {
            "p(95)": 0.179,
            "avg": 0.14554119999999807,
            "min": 0.122,
            "med": 0.14,
            "max": 0.469,
            "p(90)": 0.164
        },
        "checks": {
            "passes": 5000,
            "fails": 0,
            "value": 1
        },
        "http_req_blocked": {
            "avg": 0.0787868000000003,
            "min": 0.041,
            "med": 0.063,
            "max": 20.86,
            "p(90)": 0.093,
            "p(95)": 0.115
        },
        "http_req_failed": {
            "passes": 0,
            "fails": 5000,
            "thresholds": {
                "rate==0": false
            },
            "value": 0
        },
        "http_req_tls_handshaking": {
            "p(90)": 0,
            "p(95)": 0,
            "avg": 0,
            "min": 0,
            "med": 0,
            "max": 0
        },
        "http_req_sending": {
            "p(95)": 0.02,
            "avg": 0.01010060000000015,
            "min": 0.003,
            "med": 0.007,
            "max": 0.385,
            "p(90)": 0.013
        },
        "data_received": {
            "count": 755000,
            "rate": 1091204.4584735278
        },
        "iterations": {
            "count": 5000,
            "rate": 7226.519592539919
        },
        "http_reqs": {
            "rate": 7226.519592539919,
            "count": 5000
        },
        "iteration_duration": {
            "max": 21.172958,
            "p(90)": 0.3199244,
            "p(95)": 0.38247149999999996,
            "avg": 0.274088149800001,
            "min": 0.199958,
            "med": 0.247375
        },
        "http_req_duration": {
            "avg": 0.16968819999999898,
            "min": 0.135,
            "med": 0.16,
            "max": 0.857,
            "p(90)": 0.196,
            "p(95)": 0.22504999999999978
        },
        "http_req_receiving": {
            "avg": 0.014046400000000216,
            "min": 0.005,
            "med": 0.01,
            "max": 0.448,
            "p(90)": 0.02,
            "p(95)": 0.032
        },
        "data_sent": {
            "count": 1007780,
            "rate": 1456548.3829939761
        },
        "http_req_connecting": {
            "p(95)": 0.093,
            "avg": 0.06561540000000009,
            "min": 0.034,
            "med": 0.051,
            "max": 20.843,
            "p(90)": 0.077
        }
    },
    "root_group": {
        "path": "",
        "id": "d41d8cd98f00b204e9800998ecf8427e",
        "groups": {},
        "checks": {
                "seed status is 200": {
                    "path": "::seed status is 200",
                    "id": "2ac229dc72417ad76e9d2b75969e5805",
                    "passes": 5000,
                    "fails": 0,
                    "name": "seed status is 200"
                }
            },
        "name": ""
    }
}