{
    "root_group": {
        "name": "",
        "path": "",
        "id": "d41d8cd98f00b204e9800998ecf8427e",
        "groups": {},
        "checks": {
                "status is 200 or 503": {
                    "name": "status is 200 or 503",
                    "path": "::status is 200 or 503",
                    "id": "9158419957bbc07d723ad901a3da8b58",
                    "passes": 43136,
                    "fails": 199
                }
            }
    },
    "metrics": {
        "http_req_receiving": {
            "min": 0,
            "med": 0.011,
            "max": 1295.196,
            "p(90)": 0.038,
            "p(95)": 0.093,
            "avg": 0.133507511249568
        },
        "http_req_tls_handshaking": {
            "avg": 0,
            "min": 0,
            "med": 0,
            "max": 0,
            "p(90)": 0,
            "p(95)": 0
        },
        "checks": {
            "fails": 199,
            "passes": 43136,
            "value": 0.9954078689281182
        },
        "http_req_blocked": {
            "avg": 12.539318310834206,
            "min": 0.042,
            "med": 0.062,
            "max": 1523.121,
            "p(90)": 0.171,
            "p(95)": 0.714
        },
        "http_req_connecting": {
            "p(95)": 0.554,
            "avg": 10.441359547709707,
            "min": 0.032,
            "med": 0.049,
            "max": 1477.736,
            "p(90)": 0.125
        },
        "http_req_duration": {
            "p(90)": 0.203,
            "p(95)": 1.053,
            "avg": 1.8184101303796047,
            "min": 0,
            "med": 0.058,
            "max": 1473.489
        },
        "http_req_sending": {
            "avg": 0.31701416868581694,
            "min": 0,
            "med": 0.01,
            "max": 1159.41,
            "p(90)": 0.024,
            "p(95)": 0.055
        },
        "data_sent": {
            "count": 7798627,
            "rate": 753137.4663780805
        },
        "data_received": {
            "count": 7227927,
            "rate": 698023.2068985632
        },
        "status_503": {
            "count": 1218,
            "rate": 117.62601725258845
        },
        "dropped_iterations": {
            "count": 997,
            "rate": 96.28336551792339
        },
        "http_req_duration{expected_response:true}": {
            "p(90)": 0.182,
            "p(95)": 0.962,
            "avg": 1.5056887971754354,
            "min": 0.036,
            "med": 0.058,
            "max": 1473.489
        },
        "iterations": {
            "count": 43335,
            "rate": 4184.994628605025
        },
        "vus_max": {
            "value": 1001,
            "min": 1000,
            "max": 1001
        },
        "iteration_duration": {
            "avg": 29.23054972523368,
            "min": 0.103709,
            "med": 0.156958,
            "max": 1569.12525,
            "p(90)": 0.8580748000000004,
            "p(95)": 2.881674899999982
        },
        "vus": {
            "min": 0,
            "max": 948,
            "value": 889
        },
        "http_reqs": {
            "count": 43335,
            "rate": 4184.994628605025
        },
        "http_req_failed": {
            "passes": 1417,
            "fails": 41918,
            "value": 0.03269874235606323
        },
        "http_req_waiting": {
            "min": 0,
            "med": 0.033,
            "max": 1421.855,
            "p(90)": 0.11,
            "p(95)": 0.773,
            "avg": 1.3678884504442275
        },
        "success_duration": {
            "avg": 1.5056887971754351,
            "min": 0.036,
            "med": 0.058,
            "max": 1473.489,
            "p(90)": 0.182,
            "p(95)": 0.962
        }
    }
}