{
    "root_group": {
        "id": "d41d8cd98f00b204e9800998ecf8427e",
        "groups": {},
        "checks": {
                "seed status is 200": {
                    "id": "2ac229dc72417ad76e9d2b75969e5805",
                    "passes": 5000,
                    "fails": 0,
                    "name": "seed status is 200",
                    "path": "::seed status is 200"
                }
            },
        "name": "",
        "path": ""
    },
    "metrics": {
        "http_req_connecting": {
            "avg": 0.1359038000000006,
            "min": 0.031,
            "med": 0.105,
            "max": 2.495,
            "p(90)": 0.225,
            "p(95)": 0.30304999999999976
        },
        "http_req_duration": {
            "med": 0.205,
            "max": 5.396,
            "p(90)": 0.504,
            "p(95)": 0.7010999999999995,
            "avg": 0.29014859999999953,
            "min": 0.034
        },
        "iterations": {
            "count": 5000,
            "rate": 19532.089269460794
        },
        "checks": {
            "passes": 5000,
            "fails": 0,
            "value": 1
        },
        "http_reqs": {
            "count": 5000,
            "rate": 19532.089269460794
        },
        "http_req_sending": {
            "max": 1.731,
            "p(90)": 0.083,
            "p(95)": 0.133,
            "avg": 0.03851059999999976,
            "min": 0.003,
            "med": 0.016
        },
        "http_req_tls_handshaking": {
            "p(90)": 0,
            "p(95)": 0,
            "avg": 0,
            "min": 0,
            "med": 0,
            "max": 0
        },
        "data_sent": {
            "count": 1004424,
            "rate": 3923699.846477778
        },
        "http_req_duration{expected_response:true}": {
            "p(90)": 0.504,
            "p(95)": 0.7010999999999995,
            "avg": 0.29014859999999953,
            "min": 0.034,
            "med": 0.205,
            "max": 5.396
        },
        "http_req_blocked": {
            "avg": 0.1589816000000004,
            "min": 0.038,
            "med": 0.122,
            "max": 2.506,
            "p(90)": 0.2651000000000001,
            "p(95)": 0.36604999999999976
        },
        "http_req_receiving": {
            "min": 0.004,
            "med": 0.024,
            "max": 1.927,
            "p(90)": 0.106,
            "p(95)": 0.178,
            "avg": 0.051248999999999705
        },
        "http_req_failed": {
            "passes": 0,
            "fails": 5000,
            "thresholds": {
                "rate==0": false
            },
            "value": 0
        },
        "data_received": {
            "count": 755000,
            "rate": 2949345.47968858
        },
        "http_req_waiting": {
            "med": 0.128,
            "max": 4.137,
            "p(90)": 0.3731000000000001,
            "p(95)": 0.5320499999999998,
            "avg": 0.20038900000000007,
            "min": 0.022
        },
        "iteration_duration": {
            "avg": 0.5049436088000012,
            "min": 0.111667,
            "med": 0.39179149999999996,
            "max": 5.614667,
            "p(90)": 0.8174577000000001,
            "p(95)": 1.1381336499999997
        }
    }
}