{
    "root_group": {
        "name": "",
        "path": "",
        "id": "d41d8cd98f00b204e9800998ecf8427e",
        "groups": {},
        "checks": {
                "status is 200 or 503": {
                    "path": "::status is 200 or 503",
                    "id": "9158419957bbc07d723ad901a3da8b58",
                    "passes": 29918,
                    "fails": 83,
                    "name": "status is 200 or 503"
                }
            }
    },
    "metrics": {
        "vus": {
            "value": 2,
            "min": 1,
            "max": 34
        },
        "http_req_waiting": {
            "p(90)": 0.591,
            "p(95)": 0.912,
            "avg": 0.6478667377754018,
            "min": 0,
            "med": 0.538,
            "max": 25.219
        },
        "success_duration": {
            "avg": 0.6842686387364794,
            "min": 0.54,
            "med": 0.563,
            "max": 25.28,
            "p(90)": 0.638,
            "p(95)": 0.9886999999999974
        },
        "vus_max": {
            "min": 1000,
            "max": 1000,
            "value": 1000
        },
        "http_req_sending": {
            "max": 3.358,
            "p(90)": 0.018,
            "p(95)": 0.038,
            "avg": 0.017037365421153354,
            "min": 0,
            "med": 0.01
        },
        "http_req_receiving": {
            "min": 0,
            "med": 0.012,
            "max": 16.886,
            "p(90)": 0.035,
            "p(95)": 0.06,
            "avg": 0.023680310656312056
        },
        "http_req_failed": {
            "passes": 117,
            "fails": 29884,
            "value": 0.003899870004333189
        },
        "status_503": {
            "count": 34,
            "rate": 3.3996991266272936
        },
        "iterations": {
            "rate": 2999.834514645454,
            "count": 30001
        },
        "http_req_duration": {
            "min": 0,
            "med": 0.563,
            "max": 25.28,
            "p(90)": 0.643,
            "p(95)": 1.051,
            "avg": 0.6885844138529046
        },
        "http_req_connecting": {
            "avg": 0.12635755474816637,
            "min": 0.034,
            "med": 0.049,
            "max": 31.284,
            "p(90)": 0.102,
            "p(95)": 0.137
        },
        "http_reqs": {
            "count": 30001,
            "rate": 2999.834514645454
        },
        "http_req_duration{expected_response:true}": {
            "min": 0.54,
            "med": 0.563,
            "max": 25.28,
            "p(90)": 0.638,
            "p(95)": 0.9886999999999974,
            "avg": 0.6842686387364794
        },
        "iteration_duration": {
            "avg": 0.8750076620112629,
            "min": 0.615792,
            "med": 0.659208,
            "max": 32.115625,
            "p(90)": 0.828708,
            "p(95)": 1.443791
        },
        "http_req_tls_handshaking": {
            "p(95)": 0,
            "avg": 0,
            "min": 0,
            "med": 0,
            "max": 0,
            "p(90)": 0
        },
        "checks": {
            "passes": 29918,
            "fails": 83,
            "value": 0.9972334255524816
        },
        "data_sent": {
            "count": 5419997,
            "rate": 541951.7372712515
        },
        "http_req_blocked": {
            "p(95)": 0.182,
            "avg": 0.14426849105029668,
            "min": 0.044,
            "med": 0.062,
            "max": 31.317,
            "p(90)": 0.121
        },
        "data_received": {
            "count": 5144163,
            "rate": 514370.7781861305
        }
    }
}