{
    "root_group": {
        "name": "",
        "path": "",
        "id": "d41d8cd98f00b204e9800998ecf8427e",
        "groups": {},
        "checks": {
                "seed status is 200": {
                    "fails": 0,
                    "name": "seed status is 200",
                    "path": "::seed status is 200",
                    "id": "2ac229dc72417ad76e9d2b75969e5805",
                    "passes": 5000
                }
            }
    },
    "metrics": {
        "http_reqs": {
            "count": 5000,
            "rate": 8865.153916802303
        },
        "http_req_blocked": {
            "avg": 0.1317907999999997,
            "min": 0.036,
            "med": 0.088,
            "max": 1.427,
            "p(90)": 0.2651000000000001,
            "p(95)": 0.381
        },
        "http_req_tls_handshaking": {
            "avg": 0,
            "min": 0,
            "med": 0,
            "max": 0,
            "p(90)": 0,
            "p(95)": 0
        },
        "data_sent": {
            "count": 1004415,
            "rate": 1780858.714268997
        },
        "http_req_duration{expected_response:true}": {
            "p(95)": 1.5922999999999987,
            "avg": 0.946016599999999,
            "min": 0.534,
            "med": 0.795,
            "max": 24.258,
            "p(90)": 1.2711000000000001
        },
        "http_req_waiting": {
            "p(90)": 1.176,
            "p(95)": 1.430199999999999,
            "avg": 0.8790541999999972,
            "min": 0.523,
            "med": 0.746,
            "max": 24.144
        },
        "checks": {
            "fails": 0,
            "passes": 5000,
            "value": 1
        },
        "iteration_duration": {
            "p(95)": 1.8878211499999993,
            "avg": 1.1219594986000012,
            "min": 0.593084,
            "med": 0.9552499999999999,
            "max": 24.451542,
            "p(90)": 1.5490249999999999
        },
        "http_req_failed": {
            "passes": 0,
            "fails": 5000,
            "thresholds": {
                "rate==0": false
            },
            "value": 0
        },
        "http_req_receiving": {
            "max": 10.483,
            "p(90)": 0.072,
            "p(95)": 0.14004999999999979,
            "avg": 0.04876700000000007,
            "min": 0.004,
            "med": 0.016
        },
        "data_received": {
            "count": 755000,
            "rate": 1338638.2414371478
        },
        "http_req_connecting": {
            "med": 0.073,
            "max": 1.418,
            "p(90)": 0.2271000000000001,
            "p(95)": 0.3380499999999998,
            "avg": 0.11256320000000032,
            "min": 0.029
        },
        "http_req_sending": {
            "med": 0.007,
            "max": 1.023,
            "p(90)": 0.031,
            "p(95)": 0.056,
            "avg": 0.018195400000000243,
            "min": 0.003
        },
        "iterations": {
            "count": 5000,
            "rate": 8865.153916802303
        },
        "http_req_duration": {
            "avg": 0.946016599999999,
            "min": 0.534,
            "med": 0.795,
            "max": 24.258,
            "p(90)": 1.2711000000000001,
            "p(95)": 1.5922999999999987
        }
    }
}