{
    "root_group": {
        "name": "",
        "path": "",
        "id": "d41d8cd98f00b204e9800998ecf8427e",
        "groups": {},
        "checks": {
                "status is 200 or 503": {
                    "name": "status is 200 or 503",
                    "path": "::status is 200 or 503",
                    "id": "9158419957bbc07d723ad901a3da8b58",
                    "passes": 49336,
                    "fails": 665
                }
            }
    },
    "metrics": {
        "vus_max": {
            "value": 1000,
            "min": 1000,
            "max": 1000
        },
        "http_req_blocked": {
            "med": 0.062,
            "max": 85.404,
            "p(90)": 0.217,
            "p(95)": 1.538,
            "avg": 0.6328277434452385,
            "min": 0.045
        },
        "http_req_sending": {
            "med": 0.01,
            "max": 29.833,
            "p(90)": 0.021,
            "p(95)": 0.052,
            "avg": 0.04868140637188266,
            "min": 0
        },
        "status_503": {
            "count": 2528,
            "rate": 252.76537114415325
        },
        "iteration_duration": {
            "max": 88.067666,
            "p(90)": 1.06675,
            "p(95)": 3.877667,
            "avg": 1.0865978143437207,
            "min": 0.111958,
            "med": 0.15625
        },
        "data_received": {
            "count": 8319409,
            "rate": 831826.9397092599
        },
        "http_req_duration": {
            "avg": 0.3033366332673616,
            "min": 0,
            "med": 0.057,
            "max": 84.206,
            "p(90)": 0.154,
            "p(95)": 0.792
        },
        "vus": {
            "value": 11,
            "min": 0,
            "max": 28
        },
        "http_req_connecting": {
            "min": 0.035,
            "med": 0.05,
            "max": 71.076,
            "p(90)": 0.156,
            "p(95)": 1.246,
            "avg": 0.4762216355672757
        },
        "http_req_waiting": {
            "med": 0.033,
            "max": 83.18,
            "p(90)": 0.079,
            "p(95)": 0.523,
            "avg": 0.20630869382615485,
            "min": 0
        },
        "http_req_receiving": {
            "med": 0.011,
            "max": 33.236,
            "p(90)": 0.034,
            "p(95)": 0.075,
            "avg": 0.04834653306933971,
            "min": 0
        },
        "checks": {
            "passes": 49336,
            "fails": 665,
            "value": 0.9867002659946801
        },
        "http_req_failed": {
            "passes": 3193,
            "fails": 46808,
            "value": 0.06385872282554349
        },
        "iterations": {
            "count": 50001,
            "rate": 4999.415080134022
        },
        "success_duration": {
            "p(90)": 0.115,
            "p(95)": 0.506,
            "avg": 0.23705550333277844,
            "min": 0.035,
            "med": 0.057,
            "max": 84.206
        },
        "http_reqs": {
            "count": 50001,
            "rate": 4999.415080134022
        },
        "http_req_tls_handshaking": {
            "avg": 0,
            "min": 0,
            "med": 0,
            "max": 0,
            "p(90)": 0,
            "p(95)": 0
        },
        "http_req_duration{expected_response:true}": {
            "avg": 0.23705550333277844,
            "min": 0.035,
            "med": 0.057,
            "max": 84.206,
            "p(90)": 0.115,
            "p(95)": 0.506
        },
        "data_sent": {
            "count": 8819345,
            "rate": 881813.6915242613
        }
    }
}