{
    "root_group": {
        "name": "",
        "path": "",
        "id": "d41d8cd98f00b204e9800998ecf8427e",
        "groups": {},
        "checks": {
                "status is 200 or 503": {
                    "name": "status is 200 or 503",
                    "path": "::status is 200 or 503",
                    "id": "9158419957bbc07d723ad901a3da8b58",
                    "passes": 28378,
                    "fails": 1625
                }
            }
    },
    "metrics": {
        "http_req_duration{expected_response:true}": {
            "avg": 17.209193023011498,
            "min": 0.986,
            "med": 16.88,
            "max": 143.194,
            "p(90)": 17.213,
            "p(95)": 18.0477
        },
        "http_req_tls_handshaking": {
            "med": 0,
            "max": 0,
            "p(90)": 0,
            "p(95)": 0,
            "avg": 0,
            "min": 0
        },
        "data_received": {
            "rate": 483498.76916222385,
            "count": 4844267
        },
        "iteration_duration": {
            "min": 0.084833,
            "med": 16.917292,
            "max": 143.521042,
            "p(90)": 17.2191336,
            "p(95)": 17.8429458,
            "avg": 11.355652182148399
        },
        "vus": {
            "value": 33,
            "min": 32,
            "max": 33
        },
        "http_req_sending": {
            "med": 0.01,
            "max": 30.942,
            "p(90)": 0.017,
            "p(95)": 0.033,
            "avg": 0.02268283171682655,
            "min": 0
        },
        "iterations": {
            "count": 30003,
            "rate": 2994.5528541622916
        },
        "http_reqs": {
            "count": 30003,
            "rate": 2994.5528541622916
        },
        "http_req_connecting": {
            "p(90)": 0.129,
            "p(95)": 0.198,
            "avg": 0.27727523914273977,
            "min": 0.032,
            "med": 0.096,
            "max": 81.606
        },
        "http_req_receiving": {
            "max": 28.644,
            "p(90)": 0.034,
            "p(95)": 0.054,
            "avg": 0.028924674199242138,
            "min": 0,
            "med": 0.012
        },
        "success_duration": {
            "avg": 17.209193023011498,
            "min": 0.986,
            "med": 16.88,
            "max": 143.194,
            "p(90)": 17.213,
            "p(95)": 18.0477
        },
        "data_sent": {
            "rate": 511186.2313847264,
            "count": 5121673
        },
        "status_503": {
            "count": 9344,
            "rate": 932.6101346296188
        },
        "http_req_blocked": {
            "p(95)": 0.25,
            "avg": 0.328492350764917,
            "min": 0.042,
            "med": 0.109,
            "max": 102.301,
            "p(90)": 0.148
        },
        "checks": {
            "passes": 28378,
            "fails": 1625,
            "value": 0.9458387494583875
        },
        "http_req_waiting": {
            "min": 0,
            "med": 16.747,
            "max": 139.85,
            "p(90)": 17.021,
            "p(95)": 17.3659,
            "avg": 10.916300436622839
        },
        "http_req_duration": {
            "p(90)": 17.0548,
            "p(95)": 17.423,
            "avg": 10.967907942539142,
            "min": 0,
            "med": 16.772,
            "max": 143.194
        },
        "http_req_failed": {
            "passes": 10969,
            "fails": 19034,
            "value": 0.3655967736559677
        },
        "vus_max": {
            "value": 1000,
            "min": 1000,
            "max": 1000
        }
    }
}