{
    "root_group": {
        "name": "",
        "path": "",
        "id": "d41d8cd98f00b204e9800998ecf8427e",
        "groups": {},
        "checks": {
                "seed status is 200": {
                    "passes": 5000,
                    "fails": 0,
                    "name": "seed status is 200",
                    "path": "::seed status is 200",
                    "id": "2ac229dc72417ad76e9d2b75969e5805"
                }
            }
    },
    "metrics": {
        "data_received": {
            "count": 755000,
            "rate": 292642.6914135146
        },
        "http_req_sending": {
            "min": 0.004,
            "med": 0.007,
            "max": 1.016,
            "p(90)": 0.011,
            "p(95)": 0.015,
            "avg": 0.010067600000000015
        },
        "checks": {
            "fails": 0,
            "passes": 5000,
            "value": 1
        },
        "vus_max": {
            "value": 10,
            "min": 10,
            "max": 10
        },
        "data_sent": {
            "rate": 389311.2935272088,
            "count": 1004399
        },
        "vus": {
            "value": 10,
            "min": 10,
            "max": 10
        },
        "http_req_blocked": {
            "med": 0.105,
            "max": 3.297,
            "p(90)": 0.13,
            "p(95)": 0.144,
            "avg": 0.10999940000000107,
            "min": 0.045
        },
        "http_req_connecting": {
            "max": 3.27,
            "p(90)": 0.116,
            "p(95)": 0.126,
            "avg": 0.09795680000000065,
            "min": 0.036,
            "med": 0.094
        },
        "iterations": {
            "count": 5000,
            "rate": 1938.0310689636729
        },
        "http_req_waiting": {
            "avg": 4.989971000000011,
            "min": 0.687,
            "med": 4.985,
            "max": 11.019,
            "p(90)": 5.027,
            "p(95)": 5.04505
        },
        "iteration_duration": {
            "avg": 5.1521678948,
            "min": 1.06225,
            "med": 5.129250000000001,
            "max": 11.228958,
            "p(90)": 5.1719663,
            "p(95)": 5.22095445
        },
        "http_req_tls_handshaking": {
            "avg": 0,
            "min": 0,
            "med": 0,
            "max": 0,
            "p(90)": 0,
            "p(95)": 0
        },
        "http_reqs": {
            "rate": 1938.0310689636729,
            "count": 5000
        },
        "http_req_duration{expected_response:true}": {
            "avg": 5.0146274,
            "min": 0.73,
            "med": 5.006,
            "max": 11.06,
            "p(90)": 5.051,
            "p(95)": 5.076
        },
        "http_req_failed": {
            "passes": 0,
            "fails": 5000,
            "thresholds": {
                "rate==0": false
            },
            "value": 0
        },
        "http_req_duration": {
            "p(90)": 5.051,
            "p(95)": 5.076,
            "avg": 5.0146274,
            "min": 0.73,
            "med": 5.006,
            "max": 11.06
        },
        "http_req_receiving": {
            "p(95)": 0.023,
            "avg": 0.014588800000000325,
            "min": 0.007,
            "med": 0.012,
            "max": 1.065,
            "p(90)": 0.018
        }
    }
}