{
    "root_group": {
        "name": "",
        "path": "",
        "id": "d41d8cd98f00b204e9800998ecf8427e",
        "groups": {},
        "checks": {
                "status is 200 or 503": {
                    "passes": 29953,
                    "fails": 48,
                    "name": "status is 200 or 503",
                    "path": "::status is 200 or 503",
                    "id": "9158419957bbc07d723ad901a3da8b58"
                }
            }
    },
    "metrics": {
        "http_req_sending": {
            "max": 6.658,
            "p(90)": 0.017,
            "p(95)": 0.038,
            "avg": 0.019718442718574907,
            "min": 0,
            "med": 0.01
        },
        "vus": {
            "value": 2,
            "min": 1,
            "max": 3
        },
        "http_req_duration": {
            "p(95)": 1.089,
            "avg": 0.7269232358921642,
            "min": 0.007,
            "med": 0.562,
            "max": 25.976,
            "p(90)": 0.654
        },
        "checks": {
            "passes": 29953,
            "fails": 48,
            "value": 0.9984000533315556
        },
        "data_received": {
            "count": 5166301,
            "rate": 516578.02893468336
        },
        "http_req_blocked": {
            "p(90)": 0.126,
            "p(95)": 0.195,
            "avg": 0.16035742141928522,
            "min": 0.043,
            "med": 0.061,
            "max": 32.757
        },
        "http_req_tls_handshaking": {
            "p(95)": 0,
            "avg": 0,
            "min": 0,
            "med": 0,
            "max": 0,
            "p(90)": 0
        },
        "status_503": {
            "count": 34,
            "rate": 3.399657314542694
        },
        "http_reqs": {
            "count": 30001,
            "rate": 2999.7976203998637
        },
        "http_req_failed": {
            "fails": 29919,
            "passes": 82,
            "value": 0.002733242225259158
        },
        "success_duration": {
            "avg": 0.7253884822353959,
            "min": 0.537,
            "med": 0.562,
            "max": 25.976,
            "p(90)": 0.653,
            "p(95)": 1.079
        },
        "data_sent": {
            "count": 5419495,
            "rate": 541894.8769963988
        },
        "iterations": {
            "count": 30001,
            "rate": 2999.7976203998637
        },
        "vus_max": {
            "value": 1000,
            "min": 1000,
            "max": 1000
        },
        "http_req_waiting": {
            "avg": 0.6803275224159049,
            "min": 0,
            "med": 0.537,
            "max": 25.902,
            "p(90)": 0.607,
            "p(95)": 0.98
        },
        "http_req_receiving": {
            "p(90)": 0.035,
            "p(95)": 0.06,
            "avg": 0.026877270757641743,
            "min": 0.005,
            "med": 0.011,
            "max": 6.072
        },
        "http_req_duration{expected_response:true}": {
            "p(95)": 1.079,
            "avg": 0.7253884822353959,
            "min": 0.537,
            "med": 0.562,
            "max": 25.976,
            "p(90)": 0.653
        },
        "http_req_connecting": {
            "med": 0.048,
            "max": 32.731,
            "p(90)": 0.106,
            "p(95)": 0.151,
            "avg": 0.14238942035264818,
            "min": 0.032
        },
        "iteration_duration": {
            "avg": 0.9297597901069977,
            "min": 0.501125,
            "med": 0.657,
            "max": 35.669042,
            "p(90)": 0.841292,
            "p(95)": 1.470542
        }
    }
}