{
    "root_group": {
        "name": "",
        "path": "",
        "id": "d41d8cd98f00b204e9800998ecf8427e",
        "groups": {},
        "checks": {
                "seed status is 200": {
                    "fails": 0,
                    "name": "seed status is 200",
                    "path": "::seed status is 200",
                    "id": "2ac229dc72417ad76e9d2b75969e5805",
                    "passes": 5000
                }
            }
    },
    "metrics": {
        "data_received": {
            "count": 755000,
            "rate": 389076.1836934307
        },
        "http_req_blocked": {
            "avg": 0.12236480000000047,
            "min": 0.069,
            "med": 0.115,
            "max": 0.516,
            "p(90)": 0.164,
            "p(95)": 0.18
        },
        "iterations": {
            "count": 5000,
            "rate": 2576.663468168415
        },
        "http_req_receiving": {
            "min": 0.005,
            "med": 0.01,
            "max": 0.667,
            "p(90)": 0.014,
            "p(95)": 0.016,
            "avg": 0.011286400000000222
        },
        "vus": {
            "value": 2,
            "min": 2,
            "max": 2
        },
        "http_req_failed": {
            "passes": 0,
            "fails": 5000,
            "thresholds": {
                "rate==0": false
            },
            "value": 0
        },
        "http_req_waiting": {
            "avg": 0.6096210000000015,
            "min": 0.54,
            "med": 0.588,
            "max": 23.044,
            "p(90)": 0.6271000000000001,
            "p(95)": 0.646
        },
        "checks": {
            "passes": 5000,
            "fails": 0,
            "value": 1
        },
        "data_sent": {
            "count": 1007780,
            "rate": 519341.981990153
        },
        "http_req_duration{expected_response:true}": {
            "max": 23.086,
            "p(90)": 0.648,
            "p(95)": 0.671,
            "avg": 0.6290470000000018,
            "min": 0.557,
            "med": 0.606
        },
        "http_req_connecting": {
            "med": 0.104,
            "max": 0.436,
            "p(90)": 0.153,
            "p(95)": 0.167,
            "avg": 0.11201920000000014,
            "min": 0.061
        },
        "vus_max": {
            "value": 2,
            "min": 2,
            "max": 2
        },
        "http_req_duration": {
            "med": 0.606,
            "max": 23.086,
            "p(90)": 0.648,
            "p(95)": 0.671,
            "avg": 0.6290470000000018,
            "min": 0.557
        },
        "iteration_duration": {
            "min": 0.656292,
            "med": 0.7424995,
            "max": 23.260917,
            "p(90)": 0.8191333,
            "p(95)": 0.854375,
            "avg": 0.7740053552000009
        },
        "http_reqs": {
            "count": 5000,
            "rate": 2576.663468168415
        },
        "http_req_sending": {
            "avg": 0.008139600000000137,
            "min": 0.003,
            "med": 0.006,
            "max": 0.299,
            "p(90)": 0.01,
            "p(95)": 0.013
        },
        "http_req_tls_handshaking": {
            "avg": 0,
            "min": 0,
            "med": 0,
            "max": 0,
            "p(90)": 0,
            "p(95)": 0
        }
    }
}