{
    "root_group": {
        "groups": {},
        "checks": {
                "status is 200 or 503": {
                    "id": "9158419957bbc07d723ad901a3da8b58",
                    "passes": 29942,
                    "fails": 92,
                    "name": "status is 200 or 503",
                    "path": "::status is 200 or 503"
                }
            },
        "name": "",
        "path": "",
        "id": "d41d8cd98f00b204e9800998ecf8427e"
    },
    "metrics": {
        "http_req_tls_handshaking": {
            "min": 0,
            "med": 0,
            "max": 0,
            "p(90)": 0,
            "p(95)": 0,
            "avg": 0
        },
        "http_req_waiting": {
            "min": 0,
            "med": 0.135,
            "max": 26.261,
            "p(90)": 0.15,
            "p(95)": 0.192,
            "avg": 0.17282959312779292
        },
        "iteration_duration": {
            "avg": 0.3995208028567605,
            "min": 0.207834,
            "med": 0.251625,
            "max": 59.591917,
            "p(90)": 0.2985,
            "p(95)": 0.5067589999999993
        },
        "iterations": {
            "count": 30034,
            "rate": 2999.061258077939
        },
        "http_req_duration": {
            "avg": 0.20768282613039107,
            "min": 0,
            "med": 0.16,
            "max": 26.376,
            "p(90)": 0.181,
            "p(95)": 0.2663499999999987
        },
        "vus": {
            "value": 0,
            "min": 0,
            "max": 9
        },
        "http_reqs": {
            "count": 30034,
            "rate": 2999.061258077939
        },
        "vus_max": {
            "min": 1000,
            "max": 1000,
            "value": 1000
        },
        "checks": {
            "passes": 29942,
            "fails": 92,
            "value": 0.9969368049543851
        },
        "data_received": {
            "count": 5168176,
            "rate": 516071.00008417823
        },
        "http_req_sending": {
            "avg": 0.01625221415728831,
            "min": 0,
            "med": 0.01,
            "max": 1.668,
            "p(90)": 0.014,
            "p(95)": 0.023
        },
        "status_503": {
            "count": 84,
            "rate": 8.387865275306215
        },
        "http_req_duration{expected_response:true}": {
            "avg": 0.2052224194520785,
            "min": 0.136,
            "med": 0.159,
            "max": 26.376,
            "p(90)": 0.18,
            "p(95)": 0.241
        },
        "success_duration": {
            "avg": 0.2052224194520785,
            "min": 0.136,
            "med": 0.159,
            "max": 26.376,
            "p(90)": 0.18,
            "p(95)": 0.241
        },
        "http_req_connecting": {
            "p(95)": 0.09,
            "avg": 0.13912639009122407,
            "min": 0.035,
            "med": 0.047,
            "max": 58.506,
            "p(90)": 0.064
        },
        "http_req_blocked": {
            "avg": 0.15406629153625653,
            "min": 0.045,
            "med": 0.059,
            "max": 58.523,
            "p(90)": 0.081,
            "p(95)": 0.115
        },
        "http_req_receiving": {
            "p(90)": 0.02,
            "p(95)": 0.033,
            "avg": 0.018601018845308025,
            "min": 0,
            "med": 0.014,
            "max": 2.308
        },
        "http_req_failed": {
            "passes": 176,
            "fails": 29858,
            "value": 0.005860025304654725
        },
        "data_sent": {
            "count": 5418398,
            "rate": 541057.0527617695
        }
    }
}