{
    "root_group": {
        "name": "",
        "path": "",
        "id": "d41d8cd98f00b204e9800998ecf8427e",
        "groups": {},
        "checks": {
                "status is 200 or 503": {
                    "path": "::status is 200 or 503",
                    "id": "9158419957bbc07d723ad901a3da8b58",
                    "passes": 49671,
                    "fails": 330,
                    "name": "status is 200 or 503"
                }
            }
    },
    "metrics": {
        "http_req_connecting": {
            "med": 0.071,
            "max": 74.452,
            "p(90)": 0.251,
            "p(95)": 0.806,
            "avg": 0.7784537709245771,
            "min": 0.034
        },
        "http_req_sending": {
            "med": 0.013,
            "max": 7.247,
            "p(90)": 0.081,
            "p(95)": 0.185,
            "avg": 0.05678260434791062,
            "min": 0
        },
        "vus": {
            "value": 3,
            "min": 3,
            "max": 4
        },
        "iteration_duration": {
            "avg": 2.4227010614387656,
            "min": 0.152791,
            "med": 0.736125,
            "max": 111.8605,
            "p(90)": 4.401792,
            "p(95)": 9.43275
        },
        "iterations": {
            "count": 50001,
            "rate": 4999.2716206924515
        },
        "http_req_duration{expected_response:true}": {
            "avg": 1.5225052896623095,
            "min": 0.544,
            "med": 0.6,
            "max": 66.556,
            "p(90)": 3.32,
            "p(95)": 7.358699999999998
        },
        "vus_max": {
            "value": 1000,
            "min": 1000,
            "max": 1000
        },
        "http_req_receiving": {
            "p(95)": 0.221,
            "avg": 0.06074132517349816,
            "min": 0,
            "med": 0.014,
            "max": 27.074,
            "p(90)": 0.087
        },
        "http_req_failed": {
            "passes": 754,
            "fails": 49247,
            "value": 0.015079698406031879
        },
        "checks": {
            "passes": 49671,
            "fails": 330,
            "value": 0.9934001319973601
        },
        "http_req_duration": {
            "avg": 1.5166402271954524,
            "min": 0,
            "med": 0.599,
            "max": 66.556,
            "p(90)": 3.308,
            "p(95)": 7.339
        },
        "http_req_blocked": {
            "avg": 0.8291798564028763,
            "min": 0.046,
            "med": 0.088,
            "max": 74.466,
            "p(90)": 0.331,
            "p(95)": 1.006
        },
        "data_received": {
            "count": 8374866,
            "rate": 837347.851461013
        },
        "success_duration": {
            "avg": 1.5225052896623095,
            "min": 0.544,
            "med": 0.6,
            "max": 66.556,
            "p(90)": 3.32,
            "p(95)": 7.358699999999998
        },
        "http_reqs": {
            "count": 50001,
            "rate": 4999.2716206924515
        },
        "http_req_waiting": {
            "p(90)": 2.917,
            "p(95)": 6.66,
            "avg": 1.3991162976739968,
            "min": 0,
            "med": 0.56,
            "max": 65.885
        },
        "data_sent": {
            "count": 9190779,
            "rate": 918925.6340224425
        },
        "status_503": {
            "rate": 42.39297548396231,
            "count": 424
        },
        "http_req_tls_handshaking": {
            "avg": 0,
            "min": 0,
            "med": 0,
            "max": 0,
            "p(90)": 0,
            "p(95)": 0
        }
    }
}