{
    "metrics": {
        "data_received": {
            "count": 8390180,
            "rate": 836801.3133210125
        },
        "data_sent": {
            "count": 9201545,
            "rate": 917723.4505794151
        },
        "http_req_duration": {
            "p(90)": 0.094,
            "p(95)": 0.372,
            "avg": 0.16814885702285912,
            "min": 0,
            "med": 0.055,
            "max": 41.235
        },
        "http_req_blocked": {
            "med": 0.058,
            "max": 71.359,
            "p(90)": 0.09,
            "p(95)": 0.205,
            "avg": 0.2331009179816571,
            "min": 0.043
        },
        "iteration_duration": {
            "med": 0.146334,
            "max": 72.058375,
            "p(90)": 0.252208,
            "p(95)": 0.818625,
            "avg": 0.44349951082978056,
            "min": 0.104458
        },
        "checks": {
            "passes": 49847,
            "fails": 154,
            "value": 0.996920061598768
        },
        "success_duration": {
            "avg": 0.1643242648691138,
            "min": 0.034,
            "med": 0.055,
            "max": 41.235,
            "p(90)": 0.091,
            "p(95)": 0.33259999999999784
        },
        "http_req_receiving": {
            "p(95)": 0.041,
            "avg": 0.021333333333335473,
            "min": 0,
            "med": 0.01,
            "max": 7.858,
            "p(90)": 0.023
        },
        "status_503": {
            "count": 298,
            "rate": 29.721268360114056
        },
        "vus_max": {
            "value": 1000,
            "min": 1000,
            "max": 1000
        },
        "http_req_waiting": {
            "p(95)": 0.262,
            "avg": 0.12014689706207281,
            "min": 0,
            "med": 0.032,
            "max": 40.099,
            "p(90)": 0.056
        },
        "http_req_failed": {
            "passes": 452,
            "fails": 49549,
            "value": 0.009039819203615927
        },
        "iterations": {
            "count": 50001,
            "rate": 4986.889729107594
        },
        "vus": {
            "max": 9,
            "value": 0,
            "min": 0
        },
        "http_req_duration{expected_response:true}": {
            "max": 41.235,
            "p(90)": 0.091,
            "p(95)": 0.33259999999999784,
            "avg": 0.1643242648691138,
            "min": 0.034,
            "med": 0.055
        },
        "http_req_tls_handshaking": {
            "avg": 0,
            "min": 0,
            "med": 0,
            "max": 0,
            "p(90)": 0,
            "p(95)": 0
        },
        "http_req_connecting": {
            "avg": 0.2116686266274682,
            "min": 0.033,
            "med": 0.047,
            "max": 71.342,
            "p(90)": 0.072,
            "p(95)": 0.146
        },
        "http_req_sending": {
            "med": 0.01,
            "max": 5.561,
            "p(90)": 0.016,
            "p(95)": 0.037,
            "avg": 0.026668626627466725,
            "min": 0
        },
        "http_reqs": {
            "rate": 4986.889729107594,
            "count": 50001
        }
    },
    "root_group": {
        "groups": {},
        "checks": {
                "status is 200 or 503": {
                    "fails": 154,
                    "name": "status is 200 or 503",
                    "path": "::status is 200 or 503",
                    "id": "9158419957bbc07d723ad901a3da8b58",
                    "passes": 49847
                }
            },
        "name": "",
        "path": "",
        "id": "d41d8cd98f00b204e9800998ecf8427e"
    }
}