{
    "root_group": {
        "groups": {},
        "checks": {
                "seed status is 200": {
                    "name": "seed status is 200",
                    "path": "::seed status is 200",
                    "id": "2ac229dc72417ad76e9d2b75969e5805",
                    "passes": 5000,
                    "fails": 0
                }
            },
        "name": "",
        "path": "",
        "id": "d41d8cd98f00b204e9800998ecf8427e"
    },
    "metrics": {
        "http_req_duration": {
            "min": 0.034,
            "med": 0.057,
            "max": 0.456,
            "p(90)": 0.088,
            "p(95)": 0.118,
            "avg": 0.0660512000000001
        },
        "http_reqs": {
            "count": 5000,
            "rate": 12263.829307118172
        },
        "http_req_tls_handshaking": {
            "med": 0,
            "max": 0,
            "p(90)": 0,
            "p(95)": 0,
            "avg": 0,
            "min": 0
        },
        "iterations": {
            "count": 5000,
            "rate": 12263.829307118172
        },
        "http_req_connecting": {
            "avg": 0.058092000000000164,
            "min": 0.031,
            "med": 0.052,
            "max": 0.387,
            "p(90)": 0.079,
            "p(95)": 0.093
        },
        "http_req_waiting": {
            "p(90)": 0.062,
            "p(95)": 0.07704999999999977,
            "avg": 0.044250000000000005,
            "min": 0.021,
            "med": 0.038,
            "max": 0.359
        },
        "http_req_receiving": {
            "min": 0.004,
            "med": 0.009,
            "max": 0.292,
            "p(90)": 0.018,
            "p(95)": 0.028,
            "avg": 0.012472000000000235
        },
        "checks": {
            "passes": 5000,
            "fails": 0,
            "value": 1
        },
        "iteration_duration": {
            "avg": 0.1605599696,
            "min": 0.101834,
            "med": 0.143792,
            "max": 0.75425,
            "p(90)": 0.2085461,
            "p(95)": 0.27117644999999996
        },
        "data_sent": {
            "count": 1007780,
            "rate": 2471848.3798255106
        },
        "http_req_failed": {
            "passes": 0,
            "fails": 5000,
            "thresholds": {
                "rate==0": false
            },
            "value": 0
        },
        "http_req_duration{expected_response:true}": {
            "p(95)": 0.118,
            "avg": 0.0660512000000001,
            "min": 0.034,
            "med": 0.057,
            "max": 0.456,
            "p(90)": 0.088
        },
        "http_req_sending": {
            "max": 0.303,
            "p(90)": 0.012,
            "p(95)": 0.017,
            "avg": 0.009329200000000147,
            "min": 0.003,
            "med": 0.007
        },
        "data_received": {
            "count": 755000,
            "rate": 1851838.225374844
        },
        "http_req_blocked": {
            "avg": 0.0698610000000002,
            "min": 0.04,
            "med": 0.063,
            "max": 0.409,
            "p(90)": 0.094,
            "p(95)": 0.111
        }
    }
}