{
    "root_group": {
        "path": "",
        "id": "d41d8cd98f00b204e9800998ecf8427e",
        "groups": {},
        "checks": {
                "status is 200 or 503": {
                    "passes": 49669,
                    "fails": 331,
                    "name": "status is 200 or 503",
                    "path": "::status is 200 or 503",
                    "id": "9158419957bbc07d723ad901a3da8b58"
                }
            },
        "name": ""
    },
    "metrics": {
        "vus_max": {
            "value": 1000,
            "min": 1000,
            "max": 1000
        },
        "data_sent": {
            "count": 9143792,
            "rate": 914299.655929934
        },
        "data_received": {
            "count": 8370145,
            "rate": 836941.6860733116
        },
        "http_req_connecting": {
            "p(90)": 0.202,
            "p(95)": 0.515,
            "avg": 0.45252250000000577,
            "min": 0.035,
            "med": 0.07,
            "max": 64.293
        },
        "http_req_failed": {
            "passes": 1012,
            "fails": 48988,
            "value": 0.02024
        },
        "http_req_duration": {
            "med": 0.598,
            "max": 48.97,
            "p(90)": 1.492100000000001,
            "p(95)": 3.7150499999999975,
            "avg": 1.0404635800000206,
            "min": 0
        },
        "http_reqs": {
            "count": 50000,
            "rate": 4999.565037841708
        },
        "status_503": {
            "count": 681,
            "rate": 68.09407581540405
        },
        "success_duration": {
            "p(95)": 3.654,
            "avg": 1.04145268228956,
            "min": 0.543,
            "med": 0.599,
            "max": 48.97,
            "p(90)": 1.465
        },
        "http_req_waiting": {
            "min": 0,
            "med": 0.56,
            "max": 46.888,
            "p(90)": 1.306,
            "p(95)": 3.216099999999996,
            "avg": 0.9432021600000018
        },
        "iteration_duration": {
            "max": 72.00875,
            "p(90)": 2.203229500000001,
            "p(95)": 5.170972599999994,
            "avg": 1.6017917100400052,
            "min": 0.145292,
            "med": 0.73475
        },
        "http_req_tls_handshaking": {
            "med": 0,
            "max": 0,
            "p(90)": 0,
            "p(95)": 0,
            "avg": 0,
            "min": 0
        },
        "checks": {
            "passes": 49669,
            "fails": 331,
            "value": 0.99338
        },
        "http_req_receiving": {
            "p(90)": 0.072,
            "p(95)": 0.147,
            "avg": 0.04924324000000136,
            "min": 0,
            "med": 0.014,
            "max": 33.733
        },
        "iterations": {
            "rate": 4999.565037841708,
            "count": 50000
        },
        "http_req_duration{expected_response:true}": {
            "avg": 1.04145268228956,
            "min": 0.543,
            "med": 0.599,
            "max": 48.97,
            "p(90)": 1.465,
            "p(95)": 3.654
        },
        "http_req_blocked": {
            "p(90)": 0.265,
            "p(95)": 0.6560499999999978,
            "avg": 0.4921894599999885,
            "min": 0.046,
            "med": 0.087,
            "max": 64.895
        },
        "http_req_sending": {
            "avg": 0.04801817999999695,
            "min": 0,
            "med": 0.012,
            "max": 8.846,
            "p(90)": 0.069,
            "p(95)": 0.132
        },
        "vus": {
            "value": 4,
            "min": 2,
            "max": 24
        }
    }
}