{
    "metrics": {
        "checks": {
            "passes": 49952,
            "fails": 49,
            "value": 0.999020019599608
        },
        "vus": {
            "value": 8,
            "min": 1,
            "max": 8
        },
        "http_req_duration{expected_response:true}": {
            "avg": 0.4829336446152208,
            "min": 0.038,
            "med": 0.057,
            "max": 42.735,
            "p(90)": 0.363,
            "p(95)": 2.04
        },
        "http_req_blocked": {
            "p(95)": 0.58,
            "avg": 0.5621804563909287,
            "min": 0.045,
            "med": 0.063,
            "max": 101.609,
            "p(90)": 0.172
        },
        "http_req_receiving": {
            "avg": 0.04816165676687191,
            "min": 0.005,
            "med": 0.011,
            "max": 18.288,
            "p(90)": 0.037,
            "p(95)": 0.09
        },
        "status_503": {
            "count": 265,
            "rate": 26.498208721090453
        },
        "http_req_failed": {
            "passes": 314,
            "fails": 49687,
            "value": 0.0062798744025119495
        },
        "iterations": {
            "count": 50001,
            "rate": 4999.762016087712
        },
        "http_req_connecting": {
            "avg": 0.5211530769384531,
            "min": 0.034,
            "med": 0.05,
            "max": 101.588,
            "p(90)": 0.124,
            "p(95)": 0.455
        },
        "success_duration": {
            "avg": 0.4829336446152208,
            "min": 0.038,
            "med": 0.057,
            "max": 42.735,
            "p(90)": 0.363,
            "p(95)": 2.04
        },
        "http_req_duration": {
            "med": 0.057,
            "max": 42.735,
            "p(90)": 0.372,
            "p(95)": 2.046,
            "avg": 0.4826496470069903,
            "min": 0.006
        },
        "http_req_waiting": {
            "med": 0.034,
            "max": 42.686,
            "p(90)": 0.258,
            "p(95)": 1.542,
            "avg": 0.3878469030618102,
            "min": 0
        },
        "data_sent": {
            "count": 9200803,
            "rate": 920018.106775982
        },
        "vus_max": {
            "value": 1000,
            "min": 1000,
            "max": 1000
        },
        "http_req_sending": {
            "avg": 0.046641087178265206,
            "min": 0,
            "med": 0.01,
            "max": 18.259,
            "p(90)": 0.031,
            "p(95)": 0.097
        },
        "iteration_duration": {
            "max": 102.208791,
            "p(90)": 0.787333,
            "p(95)": 3.665625,
            "avg": 1.0987915260894774,
            "min": 0.110833,
            "med": 0.1565
        },
        "http_req_tls_handshaking": {
            "p(90)": 0,
            "p(95)": 0,
            "avg": 0,
            "min": 0,
            "med": 0,
            "max": 0
        },
        "data_received": {
            "count": 8396760,
            "rate": 839619.2417392584
        },
        "http_reqs": {
            "count": 50001,
            "rate": 4999.762016087712
        }
    },
    "root_group": {
        "path": "",
        "id": "d41d8cd98f00b204e9800998ecf8427e",
        "groups": {},
        "checks": {
                "status is 200 or 503": {
                    "id": "9158419957bbc07d723ad901a3da8b58",
                    "passes": 49952,
                    "fails": 49,
                    "name": "status is 200 or 503",
                    "path": "::status is 200 or 503"
                }
            },
        "name": ""
    }
}