{
    "metrics": {
        "data_received": {
            "count": 755000,
            "rate": 1651688.4412436448
        },
        "http_req_tls_handshaking": {
            "max": 0,
            "p(90)": 0,
            "p(95)": 0,
            "avg": 0,
            "min": 0,
            "med": 0
        },
        "http_req_receiving": {
            "med": 0.01,
            "max": 0.924,
            "p(90)": 0.02,
            "p(95)": 0.032,
            "avg": 0.013577800000000181,
            "min": 0.004
        },
        "checks": {
            "passes": 5000,
            "fails": 0,
            "value": 1
        },
        "http_req_sending": {
            "avg": 0.00980320000000016,
            "min": 0.003,
            "med": 0.007,
            "max": 0.314,
            "p(90)": 0.012,
            "p(95)": 0.019
        },
        "http_req_waiting": {
            "p(95)": 0.086,
            "avg": 0.04776039999999992,
            "min": 0.023,
            "med": 0.04,
            "max": 1.663,
            "p(90)": 0.068
        },
        "iteration_duration": {
            "avg": 0.18013844100000018,
            "min": 0.102375,
            "med": 0.149958,
            "max": 18.84925,
            "p(90)": 0.22904940000000001,
            "p(95)": 0.30339579999999994
        },
        "http_req_connecting": {
            "med": 0.054,
            "max": 18.62,
            "p(90)": 0.085,
            "p(95)": 0.103,
            "avg": 0.06940379999999968,
            "min": 0.032
        },
        "http_req_duration": {
            "max": 1.725,
            "p(90)": 0.097,
            "p(95)": 0.135,
            "avg": 0.07114140000000012,
            "min": 0.035,
            "med": 0.059
        },
        "http_req_blocked": {
            "avg": 0.08222040000000001,
            "min": 0.041,
            "med": 0.065,
            "max": 18.635,
            "p(90)": 0.1,
            "p(95)": 0.126
        },
        "data_sent": {
            "count": 1007780,
            "rate": 2204686.8573728744
        },
        "http_reqs": {
            "rate": 10938.334047971157,
            "count": 5000
        },
        "http_req_duration{expected_response:true}": {
            "avg": 0.07114140000000012,
            "min": 0.035,
            "med": 0.059,
            "max": 1.725,
            "p(90)": 0.097,
            "p(95)": 0.135
        },
        "iterations": {
            "count": 5000,
            "rate": 10938.334047971157
        },
        "http_req_failed": {
            "passes": 0,
            "fails": 5000,
            "thresholds": {
                "rate==0": false
            },
            "value": 0
        }
    },
    "root_group": {
        "checks": {
            "seed status is 200": {
                "path": "::seed status is 200",
                "id": "2ac229dc72417ad76e9d2b75969e5805",
                "passes": 5000,
                "fails": 0,
                "name": "seed status is 200"
            }
        },
        "name": "",
        "path": "",
        "id": "d41d8cd98f00b204e9800998ecf8427e",
        "groups": {}
    }
}