{
    "root_group": {
        "id": "d41d8cd98f00b204e9800998ecf8427e",
        "groups": {},
        "checks": {
                "status is 200 or 503": {
                    "name": "status is 200 or 503",
                    "path": "::status is 200 or 503",
                    "id": "9158419957bbc07d723ad901a3da8b58",
                    "passes": 29943,
                    "fails": 58
                }
            },
        "name": "",
        "path": ""
    },
    "metrics": {
        "vus": {
            "min": 1,
            "max": 1,
            "value": 1
        },
        "checks": {
            "fails": 58,
            "passes": 29943,
            "value": 0.998066731108963
        },
        "http_req_duration": {
            "max": 7.949,
            "p(90)": 0.102,
            "p(95)": 0.184,
            "avg": 0.11471267624412246,
            "min": 0,
            "med": 0.058
        },
        "vus_max": {
            "value": 1000,
            "min": 1000,
            "max": 1000
        },
        "http_req_duration{expected_response:true}": {
            "p(95)": 0.167,
            "avg": 0.11312264530401289,
            "min": 0.036,
            "med": 0.058,
            "max": 7.949,
            "p(90)": 0.1
        },
        "http_req_connecting": {
            "p(95)": 0.131,
            "avg": 0.13546001799939397,
            "min": 0.033,
            "med": 0.05,
            "max": 27.906,
            "p(90)": 0.1
        },
        "http_req_sending": {
            "min": 0,
            "med": 0.01,
            "max": 5.377,
            "p(90)": 0.015,
            "p(95)": 0.026,
            "avg": 0.019720609313021574
        },
        "data_received": {
            "count": 5163735,
            "rate": 516331.31573150476
        },
        "iterations": {
            "count": 30001,
            "rate": 2999.8549118537017
        },
        "http_req_blocked": {
            "avg": 0.1519694010199662,
            "min": 0.043,
            "med": 0.063,
            "max": 27.918,
            "p(90)": 0.113,
            "p(95)": 0.159
        },
        "http_req_receiving": {
            "p(90)": 0.021,
            "p(95)": 0.035,
            "avg": 0.018305023165894285,
            "min": 0,
            "med": 0.011,
            "max": 2.253
        },
        "data_sent": {
            "count": 5409258,
            "rate": 540881.6099724653
        },
        "success_duration": {
            "max": 7.949,
            "p(90)": 0.1,
            "p(95)": 0.167,
            "avg": 0.11312264530401289,
            "min": 0.036,
            "med": 0.058
        },
        "http_req_failed": {
            "passes": 167,
            "fails": 29834,
            "value": 0.00556648111729609
        },
        "iteration_duration": {
            "min": 0.10475,
            "med": 0.154834,
            "max": 28.996291,
            "p(90)": 0.252792,
            "p(95)": 0.507541,
            "avg": 0.30563668514382814
        },
        "status_503": {
            "count": 109,
            "rate": 10.899109542750358
        },
        "http_reqs": {
            "rate": 2999.8549118537017,
            "count": 30001
        },
        "http_req_waiting": {
            "med": 0.034,
            "max": 6.325,
            "p(90)": 0.075,
            "p(95)": 0.133,
            "avg": 0.07668704376520646,
            "min": 0
        },
        "http_req_tls_handshaking": {
            "p(90)": 0,
            "p(95)": 0,
            "avg": 0,
            "min": 0,
            "med": 0,
            "max": 0
        }
    }
}