{
    "metrics": {
        "iteration_duration": {
            "min": 0.092875,
            "med": 0.136125,
            "max": 0.987375,
            "p(90)": 0.20202090000000003,
            "p(95)": 0.26108929999999997,
            "avg": 0.15386756419999975
        },
        "http_req_tls_handshaking": {
            "med": 0,
            "max": 0,
            "p(90)": 0,
            "p(95)": 0,
            "avg": 0,
            "min": 0
        },
        "http_req_receiving": {
            "avg": 0.01244860000000024,
            "min": 0.004,
            "med": 0.009,
            "max": 0.378,
            "p(90)": 0.019,
            "p(95)": 0.03
        },
        "checks": {
            "passes": 5000,
            "fails": 0,
            "value": 1
        },
        "iterations": {
            "count": 5000,
            "rate": 12810.822582918048
        },
        "http_req_connecting": {
            "p(90)": 0.08,
            "p(95)": 0.092,
            "avg": 0.05476139999999998,
            "min": 0.029,
            "med": 0.047,
            "max": 0.813
        },
        "http_reqs": {
            "count": 5000,
            "rate": 12810.822582918048
        },
        "data_received": {
            "count": 755000,
            "rate": 1934434.2100206255
        },
        "http_req_blocked": {
            "avg": 0.06573779999999983,
            "min": 0.037,
            "med": 0.057,
            "max": 0.825,
            "p(90)": 0.092,
            "p(95)": 0.109
        },
        "http_req_waiting": {
            "p(90)": 0.065,
            "p(95)": 0.077,
            "avg": 0.04406319999999993,
            "min": 0.017,
            "med": 0.038,
            "max": 0.45
        },
        "http_req_failed": {
            "passes": 0,
            "fails": 5000,
            "thresholds": {
                "rate==0": false
            },
            "value": 0
        },
        "http_req_sending": {
            "avg": 0.008730000000000184,
            "min": 0.003,
            "med": 0.006,
            "max": 0.257,
            "p(90)": 0.012,
            "p(95)": 0.018
        },
        "http_req_duration": {
            "avg": 0.06524180000000035,
            "min": 0.03,
            "med": 0.056,
            "max": 0.612,
            "p(90)": 0.09,
            "p(95)": 0.114
        },
        "http_req_duration{expected_response:true}": {
            "avg": 0.06524180000000035,
            "min": 0.03,
            "med": 0.056,
            "max": 0.612,
            "p(90)": 0.09,
            "p(95)": 0.114
        },
        "data_sent": {
            "count": 1007780,
            "rate": 2582098.1565226302
        }
    },
    "root_group": {
        "groups": {},
        "checks": {
                "seed status is 200": {
                    "passes": 5000,
                    "fails": 0,
                    "name": "seed status is 200",
                    "path": "::seed status is 200",
                    "id": "2ac229dc72417ad76e9d2b75969e5805"
                }
            },
        "name": "",
        "path": "",
        "id": "d41d8cd98f00b204e9800998ecf8427e"
    }
}