{
    "root_group": {
        "id": "d41d8cd98f00b204e9800998ecf8427e",
        "groups": {},
        "checks": {
                "status is 200 or 503": {
                    "fails": 1509,
                    "name": "status is 200 or 503",
                    "path": "::status is 200 or 503",
                    "id": "9158419957bbc07d723ad901a3da8b58",
                    "passes": 44848
                }
            },
        "name": "",
        "path": ""
    },
    "metrics": {
        "iterations": {
            "count": 46357,
            "rate": 4634.816603955286
        },
        "http_req_duration{expected_response:true}": {
            "p(95)": 23.617799999999992,
            "avg": 5.386126414788366,
            "min": 0.038,
            "med": 0.216,
            "max": 422.755,
            "p(90)": 11.760000000000003
        },
        "http_req_connecting": {
            "p(90)": 42.358,
            "p(95)": 74.29859999999995,
            "avg": 14.322853204478282,
            "min": 0.034,
            "med": 0.485,
            "max": 396.276
        },
        "dropped_iterations": {
            "count": 3644,
            "rate": 364.33055859553167
        },
        "http_req_tls_handshaking": {
            "avg": 0,
            "min": 0,
            "med": 0,
            "max": 0,
            "p(90)": 0,
            "p(95)": 0
        },
        "http_req_receiving": {
            "min": 0,
            "med": 0.022,
            "max": 139.314,
            "p(90)": 0.578,
            "p(95)": 1.3941999999999979,
            "avg": 0.433756994628647
        },
        "success_duration": {
            "p(90)": 11.760000000000003,
            "p(95)": 23.617799999999992,
            "avg": 5.386126414788366,
            "min": 0.038,
            "med": 0.216,
            "max": 422.755
        },
        "checks": {
            "passes": 44848,
            "fails": 1509,
            "value": 0.9674482818128869
        },
        "http_reqs": {
            "count": 46357,
            "rate": 4634.816603955286
        },
        "status_503": {
            "count": 14013,
            "rate": 1401.0329631172299
        },
        "vus": {
            "min": 0,
            "max": 101,
            "value": 3
        },
        "http_req_duration": {
            "avg": 3.987703626205414,
            "min": 0,
            "med": 0.111,
            "max": 422.755,
            "p(90)": 7.572600000000004,
            "p(95)": 18.156999999999968
        },
        "data_received": {
            "count": 7435482,
            "rate": 743406.5067198192
        },
        "http_req_waiting": {
            "avg": 3.090671096058825,
            "min": 0,
            "med": 0.055,
            "max": 342.943,
            "p(90)": 4.842800000000002,
            "p(95)": 13.382
        },
        "http_req_failed": {
            "passes": 15522,
            "fails": 30835,
            "value": 0.3348361628233061
        },
        "data_sent": {
            "rate": 605441.7028114442,
            "count": 6055571
        },
        "vus_max": {
            "value": 1019,
            "min": 1000,
            "max": 1019
        },
        "iteration_duration": {
            "max": 597.742833,
            "p(90)": 79.28759140000001,
            "p(95)": 127.83325779999993,
            "avg": 26.25603364952458,
            "min": 0.114542,
            "med": 3.037542
        },
        "http_req_blocked": {
            "avg": 17.121739845115055,
            "min": 0.044,
            "med": 0.658,
            "max": 482.544,
            "p(90)": 47.78080000000001,
            "p(95)": 80.58319999999993
        },
        "http_req_sending": {
            "max": 304.429,
            "p(90)": 0.537,
            "p(95)": 1.3743999999999856,
            "avg": 0.4632755355178227,
            "min": 0,
            "med": 0.014
        }
    }
}