{
    "root_group": {
        "name": "",
        "path": "",
        "id": "d41d8cd98f00b204e9800998ecf8427e",
        "groups": {},
        "checks": {
                "seed status is 200": {
                    "passes": 5000,
                    "fails": 0,
                    "name": "seed status is 200",
                    "path": "::seed status is 200",
                    "id": "2ac229dc72417ad76e9d2b75969e5805"
                }
            }
    },
    "metrics": {
        "http_req_duration{expected_response:true}": {
            "p(95)": 0.6030499999999998,
            "avg": 0.2665986000000003,
            "min": 0.039,
            "med": 0.209,
            "max": 4.7,
            "p(90)": 0.468
        },
        "http_req_failed": {
            "passes": 0,
            "fails": 5000,
            "thresholds": {
                "rate==0": false
            },
            "value": 0
        },
        "http_req_receiving": {
            "avg": 0.06263999999999952,
            "min": 0.003,
            "med": 0.03,
            "max": 4.477,
            "p(90)": 0.135,
            "p(95)": 0.204
        },
        "http_req_tls_handshaking": {
            "max": 0,
            "p(90)": 0,
            "p(95)": 0,
            "avg": 0,
            "min": 0,
            "med": 0
        },
        "iterations": {
            "count": 5000,
            "rate": 18468.99425244899
        },
        "http_req_blocked": {
            "avg": 0.19817740000000023,
            "min": 0.037,
            "med": 0.145,
            "max": 7.307,
            "p(90)": 0.3261000000000001,
            "p(95)": 0.44909999999999956
        },
        "http_req_sending": {
            "min": 0.003,
            "med": 0.02,
            "max": 3.714,
            "p(90)": 0.109,
            "p(95)": 0.18604999999999977,
            "avg": 0.05265219999999959
        },
        "checks": {
            "fails": 0,
            "passes": 5000,
            "value": 1
        },
        "data_sent": {
            "count": 1004421,
            "rate": 3710129.135207813
        },
        "iteration_duration": {
            "med": 0.427,
            "max": 8.190291,
            "p(90)": 0.8648952000000001,
            "p(95)": 1.10179315,
            "avg": 0.5323780312000014,
            "min": 0.124083
        },
        "http_req_duration": {
            "p(95)": 0.6030499999999998,
            "avg": 0.2665986000000003,
            "min": 0.039,
            "med": 0.209,
            "max": 4.7,
            "p(90)": 0.468
        },
        "http_req_connecting": {
            "p(95)": 0.37,
            "avg": 0.16764679999999987,
            "min": 0.03,
            "med": 0.123,
            "max": 7.278,
            "p(90)": 0.2751000000000001
        },
        "data_received": {
            "count": 755000,
            "rate": 2788818.132119797
        },
        "http_req_waiting": {
            "p(90)": 0.2771000000000001,
            "p(95)": 0.3530999999999995,
            "avg": 0.15130639999999995,
            "min": 0.022,
            "med": 0.119,
            "max": 2.76
        },
        "http_reqs": {
            "count": 5000,
            "rate": 18468.99425244899
        }
    }
}