{
    "root_group": {
        "id": "d41d8cd98f00b204e9800998ecf8427e",
        "groups": {},
        "checks": {
                "status is 200 or 503": {
                    "name": "status is 200 or 503",
                    "path": "::status is 200 or 503",
                    "id": "9158419957bbc07d723ad901a3da8b58",
                    "passes": 29618,
                    "fails": 383
                }
            },
        "name": "",
        "path": ""
    },
    "metrics": {
        "data_received": {
            "count": 5084102,
            "rate": 507552.8924094313
        },
        "iteration_duration": {
            "avg": 5.7455887105763335,
            "min": 0.110083,
            "med": 0.2085,
            "max": 302.313,
            "p(90)": 12.56325,
            "p(95)": 35.261625
        },
        "http_req_receiving": {
            "avg": 0.24036095463486945,
            "min": 0,
            "med": 0.014,
            "max": 97.633,
            "p(90)": 0.247,
            "p(95)": 0.671
        },
        "http_req_duration{expected_response:true}": {
            "avg": 1.8475830048815869,
            "min": 0.036,
            "med": 0.078,
            "max": 250.474,
            "p(90)": 3.012400000000002,
            "p(95)": 9.350799999999992
        },
        "http_req_tls_handshaking": {
            "p(90)": 0,
            "p(95)": 0,
            "avg": 0,
            "min": 0,
            "med": 0,
            "max": 0
        },
        "data_sent": {
            "count": 5083430,
            "rate": 507485.805725549
        },
        "http_req_duration": {
            "avg": 1.7921065631145787,
            "min": 0,
            "med": 0.076,
            "max": 250.474,
            "p(90)": 2.915,
            "p(95)": 9.078
        },
        "http_req_waiting": {
            "med": 0.044,
            "max": 139.444,
            "p(90)": 1.882,
            "p(95)": 6.705,
            "avg": 1.3392343921869279,
            "min": 0
        },
        "status_503": {
            "count": 1963,
            "rate": 195.96898878104994
        },
        "checks": {
            "passes": 29618,
            "fails": 383,
            "value": 0.9872337588747042
        },
        "http_req_failed": {
            "passes": 2346,
            "fails": 27655,
            "value": 0.07819739342021932
        },
        "vus_max": {
            "max": 1000,
            "value": 1000,
            "min": 1000
        },
        "http_req_sending": {
            "avg": 0.21251121629280265,
            "min": 0,
            "med": 0.013,
            "max": 202.846,
            "p(90)": 0.151,
            "p(95)": 0.549
        },
        "success_duration": {
            "p(90)": 3.012400000000002,
            "p(95)": 9.350799999999992,
            "avg": 1.8475830048815869,
            "min": 0.036,
            "med": 0.078,
            "max": 250.474
        },
        "http_req_blocked": {
            "min": 0.042,
            "med": 0.073,
            "max": 273.254,
            "p(90)": 3.348,
            "p(95)": 17.823,
            "avg": 3.415039098696647
        },
        "http_reqs": {
            "rate": 2995.041076118329,
            "count": 30001
        },
        "http_req_connecting": {
            "max": 272.826,
            "p(90)": 2.482,
            "p(95)": 12.345,
            "avg": 2.711743608546358,
            "min": 0.03,
            "med": 0.055
        },
        "iterations": {
            "count": 30001,
            "rate": 2995.041076118329
        },
        "vus": {
            "value": 27,
            "min": 1,
            "max": 187
        }
    }
}