{
    "root_group": {
        "name": "",
        "path": "",
        "id": "d41d8cd98f00b204e9800998ecf8427e",
        "groups": {},
        "checks": {
                "seed status is 200": {
                    "path": "::seed status is 200",
                    "id": "2ac229dc72417ad76e9d2b75969e5805",
                    "passes": 5000,
                    "fails": 0,
                    "name": "seed status is 200"
                }
            }
    },
    "metrics": {
        "http_reqs": {
            "count": 5000,
            "rate": 15827.743501919906
        },
        "http_req_tls_handshaking": {
            "avg": 0,
            "min": 0,
            "med": 0,
            "max": 0,
            "p(90)": 0,
            "p(95)": 0
        },
        "checks": {
            "passes": 5000,
            "fails": 0,
            "value": 1
        },
        "data_sent": {
            "count": 1004206,
            "rate": 3178862.9982177964
        },
        "iteration_duration": {
            "med": 0.454521,
            "max": 32.956959,
            "p(90)": 0.9474830000000003,
            "p(95)": 1.2616076999999992,
            "avg": 0.6225549117999991,
            "min": 0.112291
        },
        "http_req_receiving": {
            "avg": 0.0578027999999998,
            "min": 0.004,
            "med": 0.027,
            "max": 6.23,
            "p(90)": 0.125,
            "p(95)": 0.206
        },
        "data_received": {
            "count": 755000,
            "rate": 2389989.2687899056
        },
        "http_req_failed": {
            "passes": 0,
            "fails": 5000,
            "thresholds": {
                "rate==0": false
            },
            "value": 0
        },
        "http_req_blocked": {
            "avg": 0.21584080000000067,
            "min": 0.037,
            "med": 0.136,
            "max": 32.657,
            "p(90)": 0.318,
            "p(95)": 0.44509999999999955
        },
        "http_req_connecting": {
            "avg": 0.18699440000000034,
            "min": 0.03,
            "med": 0.116,
            "max": 32.645,
            "p(90)": 0.27,
            "p(95)": 0.37109999999999954
        },
        "iterations": {
            "count": 5000,
            "rate": 15827.743501919906
        },
        "http_req_sending": {
            "min": 0.003,
            "med": 0.018,
            "max": 4.39,
            "p(90)": 0.095,
            "p(95)": 0.175,
            "avg": 0.049791199999999716
        },
        "http_req_waiting": {
            "min": 0.022,
            "med": 0.167,
            "max": 27.834,
            "p(90)": 0.394,
            "p(95)": 0.51,
            "avg": 0.2374656000000003
        },
        "http_req_duration": {
            "avg": 0.34505959999999897,
            "min": 0.037,
            "med": 0.248,
            "max": 28.003,
            "p(90)": 0.569,
            "p(95)": 0.7680499999999998
        },
        "http_req_duration{expected_response:true}": {
            "avg": 0.34505959999999897,
            "min": 0.037,
            "med": 0.248,
            "max": 28.003,
            "p(90)": 0.569,
            "p(95)": 0.7680499999999998
        }
    }
}