{
    "metrics": {
        "http_req_connecting": {
            "min": 0.032,
            "med": 0.096,
            "max": 69.648,
            "p(90)": 0.129,
            "p(95)": 0.165,
            "avg": 0.31145285157160246
        },
        "data_received": {
            "count": 5168765,
            "rate": 516830.0369796755
        },
        "http_reqs": {
            "count": 30001,
            "rate": 2999.8303152546587
        },
        "http_req_waiting": {
            "avg": 0.4813721209292987,
            "min": 0,
            "med": 0.331,
            "max": 36.776,
            "p(90)": 0.39,
            "p(95)": 0.889
        },
        "http_req_sending": {
            "p(90)": 0.017,
            "p(95)": 0.043,
            "avg": 0.02320399320022621,
            "min": 0,
            "med": 0.01,
            "max": 3.597
        },
        "vus_max": {
            "value": 1000,
            "min": 1000,
            "max": 1000
        },
        "http_req_blocked": {
            "avg": 0.32927529082362866,
            "min": 0.043,
            "med": 0.108,
            "max": 69.846,
            "p(90)": 0.144,
            "p(95)": 0.205
        },
        "http_req_tls_handshaking": {
            "med": 0,
            "max": 0,
            "p(90)": 0,
            "p(95)": 0,
            "avg": 0,
            "min": 0
        },
        "http_req_receiving": {
            "max": 3.191,
            "p(90)": 0.028,
            "p(95)": 0.057,
            "avg": 0.03168201059964341,
            "min": 0.004,
            "med": 0.01
        },
        "http_req_failed": {
            "fails": 29968,
            "passes": 33,
            "value": 0.0010999633345555148
        },
        "success_duration": {
            "avg": 0.5336582354511445,
            "min": 0.287,
            "med": 0.353,
            "max": 36.863,
            "p(90)": 0.419,
            "p(95)": 0.985899999999992
        },
        "checks": {
            "fails": 20,
            "passes": 29981,
            "value": 0.9993333555548148
        },
        "iteration_duration": {
            "avg": 0.9060781195960086,
            "min": 0.351125,
            "med": 0.498,
            "max": 71.894125,
            "p(90)": 0.595333,
            "p(95)": 1.515167
        },
        "iterations": {
            "rate": 2999.8303152546587,
            "count": 30001
        },
        "status_503": {
            "count": 13,
            "rate": 1.2998831405056686
        },
        "http_req_duration": {
            "med": 0.353,
            "max": 36.863,
            "p(90)": 0.42,
            "p(95)": 1.016,
            "avg": 0.5362581247291726,
            "min": 0.008
        },
        "http_req_duration{expected_response:true}": {
            "p(90)": 0.419,
            "p(95)": 0.985899999999992,
            "avg": 0.5336582354511445,
            "min": 0.287,
            "med": 0.353,
            "max": 36.863
        },
        "vus": {
            "value": 17,
            "min": 1,
            "max": 17
        },
        "data_sent": {
            "count": 5421984,
            "rate": 542149.660745499
        }
    },
    "root_group": {
        "id": "d41d8cd98f00b204e9800998ecf8427e",
        "groups": {},
        "checks": {
                "status is 200 or 503": {
                    "id": "9158419957bbc07d723ad901a3da8b58",
                    "passes": 29981,
                    "fails": 20,
                    "name": "status is 200 or 503",
                    "path": "::status is 200 or 503"
                }
            },
        "name": "",
        "path": ""
    }
}