{
    "metrics": {
        "http_reqs": {
            "count": 5000,
            "rate": 4905.798850473214
        },
        "vus_max": {
            "min": 2,
            "max": 2,
            "value": 2
        },
        "http_req_duration{expected_response:true}": {
            "p(90)": 0.329,
            "p(95)": 0.343,
            "avg": 0.32135540000000035,
            "min": 0.287,
            "med": 0.306,
            "max": 22.602
        },
        "http_req_waiting": {
            "avg": 0.2992185999999988,
            "min": 0.273,
            "med": 0.287,
            "max": 22.47,
            "p(90)": 0.304,
            "p(95)": 0.313
        },
        "iteration_duration": {
            "med": 0.3839165,
            "max": 22.743875,
            "p(90)": 0.4236417,
            "p(95)": 0.4637931,
            "avg": 0.4053162421999995,
            "min": 0.347584
        },
        "http_req_receiving": {
            "p(90)": 0.019,
            "p(95)": 0.029,
            "avg": 0.01318020000000028,
            "min": 0.004,
            "med": 0.01,
            "max": 0.233
        },
        "data_sent": {
            "rate": 988793.193105979,
            "count": 1007780
        },
        "http_req_duration": {
            "avg": 0.32135540000000035,
            "min": 0.287,
            "med": 0.306,
            "max": 22.602,
            "p(90)": 0.329,
            "p(95)": 0.343
        },
        "data_received": {
            "count": 755000,
            "rate": 740775.6264214553
        },
        "http_req_failed": {
            "passes": 0,
            "fails": 5000,
            "thresholds": {
                "rate==0": false
            },
            "value": 0
        },
        "checks": {
            "fails": 0,
            "passes": 5000,
            "value": 1
        },
        "http_req_tls_handshaking": {
            "p(95)": 0,
            "avg": 0,
            "min": 0,
            "med": 0,
            "max": 0,
            "p(90)": 0
        },
        "vus": {
            "value": 2,
            "min": 2,
            "max": 2
        },
        "http_req_blocked": {
            "p(95)": 0.096,
            "avg": 0.06215520000000005,
            "min": 0.04,
            "med": 0.055,
            "max": 0.472,
            "p(90)": 0.08
        },
        "http_req_sending": {
            "med": 0.007,
            "max": 0.243,
            "p(90)": 0.011,
            "p(95)": 0.014,
            "avg": 0.00895660000000016,
            "min": 0.003
        },
        "http_req_connecting": {
            "p(90)": 0.067,
            "p(95)": 0.08,
            "avg": 0.050747999999999995,
            "min": 0.033,
            "med": 0.045,
            "max": 0.453
        },
        "iterations": {
            "count": 5000,
            "rate": 4905.798850473214
        }
    },
    "root_group": {
        "name": "",
        "path": "",
        "id": "d41d8cd98f00b204e9800998ecf8427e",
        "groups": {},
        "checks": {
                "seed status is 200": {
                    "path": "::seed status is 200",
                    "id": "2ac229dc72417ad76e9d2b75969e5805",
                    "passes": 5000,
                    "fails": 0,
                    "name": "seed status is 200"
                }
            }
    }
}