{
    "metrics": {
        "http_req_duration{expected_response:true}": {
            "med": 0.058,
            "max": 39.937,
            "p(90)": 0.102,
            "p(95)": 0.2503499999999987,
            "avg": 0.20021640891744427,
            "min": 0.036
        },
        "iteration_duration": {
            "p(90)": 0.2512746,
            "p(95)": 0.7620543999999994,
            "avg": 0.45483944364060663,
            "min": 0.106083,
            "med": 0.15325,
            "max": 72.43425
        },
        "http_req_blocked": {
            "p(90)": 0.113,
            "p(95)": 0.184,
            "avg": 0.18496626104350317,
            "min": 0.044,
            "med": 0.062,
            "max": 48.786
        },
        "http_req_failed": {
            "fails": 29874,
            "passes": 121,
            "value": 0.004034005667611269
        },
        "iterations": {
            "count": 29995,
            "rate": 2996.068004101302
        },
        "checks": {
            "passes": 29981,
            "fails": 14,
            "value": 0.9995332555425904
        },
        "vus_max": {
            "value": 1000,
            "min": 1000,
            "max": 1000
        },
        "status_503": {
            "count": 107,
            "rate": 10.687757174157003
        },
        "success_duration": {
            "p(95)": 0.2503499999999987,
            "avg": 0.20021640891744427,
            "min": 0.036,
            "med": 0.058,
            "max": 39.937,
            "p(90)": 0.102
        },
        "http_req_tls_handshaking": {
            "min": 0,
            "med": 0,
            "max": 0,
            "p(90)": 0,
            "p(95)": 0,
            "avg": 0
        },
        "http_req_sending": {
            "min": 0,
            "med": 0.01,
            "max": 18.47,
            "p(90)": 0.015,
            "p(95)": 0.029,
            "avg": 0.03674439073178768
        },
        "vus": {
            "value": 0,
            "min": 0,
            "max": 1
        },
        "http_req_connecting": {
            "p(95)": 0.15,
            "avg": 0.16650831805299482,
            "min": 0.034,
            "med": 0.05,
            "max": 48.762,
            "p(90)": 0.099
        },
        "data_sent": {
            "count": 5403906,
            "rate": 539772.2908408418
        },
        "data_received": {
            "count": 5166062,
            "rate": 516015.1046975689
        },
        "http_reqs": {
            "count": 29995,
            "rate": 2996.068004101302
        },
        "http_req_duration": {
            "p(95)": 0.2582999999999987,
            "avg": 0.20663187197865443,
            "min": 0,
            "med": 0.058,
            "max": 39.937,
            "p(90)": 0.102
        },
        "http_req_waiting": {
            "max": 35.437,
            "p(90)": 0.076,
            "p(95)": 0.16759999999999733,
            "avg": 0.13398626437739605,
            "min": 0,
            "med": 0.034
        },
        "http_req_receiving": {
            "p(90)": 0.021,
            "p(95)": 0.038,
            "avg": 0.035901216869480036,
            "min": 0,
            "med": 0.01,
            "max": 36.656
        }
    },
    "root_group": {
        "checks": {
            "status is 200 or 503": {
                "name": "status is 200 or 503",
                "path": "::status is 200 or 503",
                "id": "9158419957bbc07d723ad901a3da8b58",
                "passes": 29981,
                "fails": 14
            }
        },
        "name": "",
        "path": "",
        "id": "d41d8cd98f00b204e9800998ecf8427e",
        "groups": {}
    }
}