{
    "root_group": {
        "path": "",
        "id": "d41d8cd98f00b204e9800998ecf8427e",
        "groups": {},
        "checks": {
                "seed status is 200": {
                    "passes": 5000,
                    "fails": 0,
                    "name": "seed status is 200",
                    "path": "::seed status is 200",
                    "id": "2ac229dc72417ad76e9d2b75969e5805"
                }
            },
        "name": ""
    },
    "metrics": {
        "http_req_failed": {
            "passes": 0,
            "fails": 5000,
            "thresholds": {
                "rate==0": false
            },
            "value": 0
        },
        "http_req_tls_handshaking": {
            "p(90)": 0,
            "p(95)": 0,
            "avg": 0,
            "min": 0,
            "med": 0,
            "max": 0
        },
        "http_reqs": {
            "count": 5000,
            "rate": 11923.953792294265
        },
        "iteration_duration": {
            "p(95)": 0.29411424999999985,
            "avg": 0.16487730680000068,
            "min": 0.096625,
            "med": 0.139917,
            "max": 5.328458,
            "p(90)": 0.21421220000000002
        },
        "checks": {
            "passes": 5000,
            "fails": 0,
            "value": 1
        },
        "data_sent": {
            "count": 1007780,
            "rate": 2403344.4305596626
        },
        "data_received": {
            "rate": 1800517.022636434,
            "count": 755000
        },
        "http_req_sending": {
            "med": 0.006,
            "max": 0.561,
            "p(90)": 0.013,
            "p(95)": 0.02,
            "avg": 0.009577200000000185,
            "min": 0.003
        },
        "http_req_waiting": {
            "avg": 0.046235599999999724,
            "min": 0.019,
            "med": 0.038,
            "max": 1.406,
            "p(90)": 0.066,
            "p(95)": 0.081
        },
        "http_req_duration{expected_response:true}": {
            "p(95)": 0.13204999999999978,
            "avg": 0.0690834000000001,
            "min": 0.035,
            "med": 0.057,
            "max": 1.562,
            "p(90)": 0.094
        },
        "http_req_connecting": {
            "avg": 0.0594271999999999,
            "min": 0.029,
            "med": 0.049,
            "max": 4.983,
            "p(90)": 0.084,
            "p(95)": 0.096
        },
        "http_req_receiving": {
            "p(90)": 0.02,
            "p(95)": 0.031,
            "avg": 0.013270600000000247,
            "min": 0.004,
            "med": 0.009,
            "max": 0.645
        },
        "http_req_duration": {
            "p(95)": 0.13204999999999978,
            "avg": 0.0690834000000001,
            "min": 0.035,
            "med": 0.057,
            "max": 1.562,
            "p(90)": 0.094
        },
        "http_req_blocked": {
            "med": 0.059,
            "max": 5.022,
            "p(90)": 0.097,
            "p(95)": 0.118,
            "avg": 0.07101619999999993,
            "min": 0.038
        },
        "iterations": {
            "count": 5000,
            "rate": 11923.953792294265
        }
    }
}