{
    "root_group": {
        "checks": {
            "status is 200 or 503": {
                "name": "status is 200 or 503",
                "path": "::status is 200 or 503",
                "id": "9158419957bbc07d723ad901a3da8b58",
                "passes": 29990,
                "fails": 10
            }
        },
        "name": "",
        "path": "",
        "id": "d41d8cd98f00b204e9800998ecf8427e",
        "groups": {}
    },
    "metrics": {
        "http_req_waiting": {
            "med": 0.035,
            "max": 96.26,
            "p(90)": 0.146,
            "p(95)": 1.1250499999999988,
            "avg": 0.5489523333333511,
            "min": 0
        },
        "http_reqs": {
            "count": 30000,
            "rate": 2999.73752296674
        },
        "status_503": {
            "count": 21,
            "rate": 2.099816266076718
        },
        "vus": {
            "value": 1,
            "min": 0,
            "max": 101
        },
        "http_req_duration": {
            "p(95)": 1.8681999999999948,
            "avg": 0.7920238999999575,
            "min": 0.008,
            "med": 0.06,
            "max": 101.799,
            "p(90)": 0.232
        },
        "http_req_failed": {
            "passes": 31,
            "fails": 29969,
            "value": 0.0010333333333333334
        },
        "data_sent": {
            "count": 5419558,
            "rate": 541908.3830164861
        },
        "data_received": {
            "count": 5168999,
            "rate": 516854.67521591857
        },
        "success_duration": {
            "max": 101.799,
            "p(90)": 0.229,
            "p(95)": 1.8475999999999988,
            "avg": 0.7874970803162847,
            "min": 0.037,
            "med": 0.06
        },
        "http_req_receiving": {
            "p(95)": 0.216,
            "avg": 0.15818696666669363,
            "min": 0.004,
            "med": 0.011,
            "max": 73.22,
            "p(90)": 0.04
        },
        "vus_max": {
            "min": 1000,
            "max": 1000,
            "value": 1000
        },
        "http_req_connecting": {
            "min": 0.033,
            "med": 0.052,
            "max": 110.211,
            "p(90)": 0.129,
            "p(95)": 0.7640499999999987,
            "avg": 0.6641214999999361
        },
        "http_req_sending": {
            "avg": 0.0848846000000296,
            "min": 0,
            "med": 0.011,
            "max": 53.045,
            "p(90)": 0.027,
            "p(95)": 0.14704999999999865
        },
        "checks": {
            "passes": 29990,
            "fails": 10,
            "value": 0.9996666666666667
        },
        "iterations": {
            "count": 30000,
            "rate": 2999.73752296674
        },
        "iteration_duration": {
            "avg": 1.6002135368333446,
            "min": 0.111625,
            "med": 0.16125,
            "max": 154.7755,
            "p(90)": 0.5830295000000024,
            "p(95)": 3.3717583499999733
        },
        "http_req_blocked": {
            "avg": 0.7368158666667273,
            "min": 0.046,
            "med": 0.065,
            "max": 129.481,
            "p(90)": 0.156,
            "p(95)": 0.9090499999999987
        },
        "http_req_duration{expected_response:true}": {
            "avg": 0.7874970803162847,
            "min": 0.037,
            "med": 0.06,
            "max": 101.799,
            "p(90)": 0.229,
            "p(95)": 1.8475999999999988
        },
        "http_req_tls_handshaking": {
            "min": 0,
            "med": 0,
            "max": 0,
            "p(90)": 0,
            "p(95)": 0,
            "avg": 0
        }
    }
}