{
    "root_group": {
        "name": "",
        "path": "",
        "id": "d41d8cd98f00b204e9800998ecf8427e",
        "groups": {},
        "checks": {
                "seed status is 200": {
                    "name": "seed status is 200",
                    "path": "::seed status is 200",
                    "id": "2ac229dc72417ad76e9d2b75969e5805",
                    "passes": 5000,
                    "fails": 0
                }
            }
    },
    "metrics": {
        "data_received": {
            "count": 755000,
            "rate": 1936672.1047393314
        },
        "iteration_duration": {
            "p(90)": 0.1997961,
            "p(95)": 0.25159199999999976,
            "avg": 0.1536179053999999,
            "min": 0.095416,
            "med": 0.137333,
            "max": 0.808875
        },
        "http_req_failed": {
            "passes": 0,
            "fails": 5000,
            "thresholds": {
                "rate==0": false
            },
            "value": 0
        },
        "http_req_tls_handshaking": {
            "p(95)": 0,
            "avg": 0,
            "min": 0,
            "med": 0,
            "max": 0,
            "p(90)": 0
        },
        "http_req_waiting": {
            "max": 0.683,
            "p(90)": 0.063,
            "p(95)": 0.076,
            "avg": 0.043442000000000036,
            "min": 0.021,
            "med": 0.038
        },
        "checks": {
            "passes": 5000,
            "fails": 0,
            "value": 1
        },
        "http_req_receiving": {
            "p(95)": 0.028,
            "avg": 0.012061000000000245,
            "min": 0.004,
            "med": 0.009,
            "max": 0.291,
            "p(90)": 0.019
        },
        "data_sent": {
            "count": 1007780,
            "rate": 2585085.316177753
        },
        "http_req_duration": {
            "avg": 0.06408300000000011,
            "min": 0.034,
            "med": 0.056,
            "max": 0.699,
            "p(90)": 0.087,
            "p(95)": 0.11
        },
        "http_req_connecting": {
            "min": 0.03,
            "med": 0.048,
            "max": 0.7,
            "p(90)": 0.081,
            "p(95)": 0.092,
            "avg": 0.055592199999999876
        },
        "http_req_duration{expected_response:true}": {
            "med": 0.056,
            "max": 0.699,
            "p(90)": 0.087,
            "p(95)": 0.11,
            "avg": 0.06408300000000011,
            "min": 0.034
        },
        "http_reqs": {
            "count": 5000,
            "rate": 12825.643077743918
        },
        "http_req_blocked": {
            "p(90)": 0.093,
            "p(95)": 0.10804999999999977,
            "avg": 0.06638100000000012,
            "min": 0.036,
            "med": 0.057,
            "max": 0.709
        },
        "http_req_sending": {
            "med": 0.006,
            "max": 0.185,
            "p(90)": 0.012,
            "p(95)": 0.017,
            "avg": 0.008580000000000153,
            "min": 0.003
        },
        "iterations": {
            "count": 5000,
            "rate": 12825.643077743918
        }
    }
}