{
    "root_group": {
        "groups": {},
        "checks": {
                "status is 200 or 503": {
                    "name": "status is 200 or 503",
                    "path": "::status is 200 or 503",
                    "id": "9158419957bbc07d723ad901a3da8b58",
                    "passes": 29993,
                    "fails": 8
                }
            },
        "name": "",
        "path": "",
        "id": "d41d8cd98f00b204e9800998ecf8427e"
    },
    "metrics": {
        "http_req_waiting": {
            "min": 0,
            "med": 0.537,
            "max": 21.112,
            "p(90)": 0.569,
            "p(95)": 0.789,
            "avg": 0.6469161694610075
        },
        "http_req_connecting": {
            "min": 0.033,
            "med": 0.048,
            "max": 22.274,
            "p(90)": 0.082,
            "p(95)": 0.125,
            "avg": 0.11416936102129253
        },
        "success_duration": {
            "avg": 0.6871654992996089,
            "min": 0.537,
            "med": 0.561,
            "max": 21.169,
            "p(90)": 0.617,
            "p(95)": 0.886
        },
        "http_req_failed": {
            "passes": 19,
            "fails": 29982,
            "value": 0.0006333122229259025
        },
        "data_received": {
            "count": 5169621,
            "rate": 516880.3812117304
        },
        "vus": {
            "value": 1,
            "min": 1,
            "max": 3
        },
        "vus_max": {
            "value": 1000,
            "min": 1000,
            "max": 1000
        },
        "http_req_tls_handshaking": {
            "p(90)": 0,
            "p(95)": 0,
            "avg": 0,
            "min": 0,
            "med": 0,
            "max": 0
        },
        "status_503": {
            "count": 11,
            "rate": 1.0998261174908248
        },
        "http_req_duration{expected_response:true}": {
            "p(95)": 0.886,
            "avg": 0.6871654992996089,
            "min": 0.537,
            "med": 0.561,
            "max": 21.169,
            "p(90)": 0.617
        },
        "iteration_duration": {
            "avg": 0.8594234264857786,
            "min": 0.38375,
            "med": 0.65575,
            "max": 25.958708,
            "p(90)": 0.782541,
            "p(95)": 1.220208
        },
        "http_reqs": {
            "count": 30001,
            "rate": 2999.6257591674757
        },
        "checks": {
            "passes": 29993,
            "fails": 8,
            "value": 0.9997333422219259
        },
        "http_req_blocked": {
            "avg": 0.13090966967767773,
            "min": 0.041,
            "med": 0.06,
            "max": 22.293,
            "p(90)": 0.101,
            "p(95)": 0.162
        },
        "http_req_receiving": {
            "max": 4.709,
            "p(90)": 0.033,
            "p(95)": 0.053,
            "avg": 0.02256098130062333,
            "min": 0.006,
            "med": 0.011
        },
        "iterations": {
            "count": 30001,
            "rate": 2999.6257591674757
        },
        "data_sent": {
            "count": 5422010,
            "rate": 542115.2915724025
        },
        "http_req_sending": {
            "avg": 0.01749405019832675,
            "min": 0,
            "med": 0.01,
            "max": 4.033,
            "p(90)": 0.016,
            "p(95)": 0.033
        },
        "http_req_duration": {
            "max": 21.169,
            "p(90)": 0.617,
            "p(95)": 0.886,
            "avg": 0.686971200959997,
            "min": 0.013,
            "med": 0.561
        }
    }
}