{
    "root_group": {
        "groups": {},
        "checks": {
                "seed status is 200": {
                    "name": "seed status is 200",
                    "path": "::seed status is 200",
                    "id": "2ac229dc72417ad76e9d2b75969e5805",
                    "passes": 5000,
                    "fails": 0
                }
            },
        "name": "",
        "path": "",
        "id": "d41d8cd98f00b204e9800998ecf8427e"
    },
    "metrics": {
        "checks": {
            "passes": 5000,
            "fails": 0,
            "value": 1
        },
        "http_req_receiving": {
            "med": 0.01,
            "max": 0.404,
            "p(90)": 0.014,
            "p(95)": 0.017,
            "avg": 0.011520800000000171,
            "min": 0.005
        },
        "http_req_sending": {
            "avg": 0.0080000000000001,
            "min": 0.003,
            "med": 0.006,
            "max": 0.319,
            "p(90)": 0.01,
            "p(95)": 0.013
        },
        "http_req_waiting": {
            "max": 26.64,
            "p(90)": 0.622,
            "p(95)": 0.638,
            "avg": 0.606857,
            "min": 0.525,
            "med": 0.585
        },
        "http_req_duration": {
            "avg": 0.6263778,
            "min": 0.54,
            "med": 0.603,
            "max": 26.679,
            "p(90)": 0.643,
            "p(95)": 0.662
        },
        "data_sent": {
            "count": 1007780,
            "rate": 525772.1094220356
        },
        "data_received": {
            "rate": 393893.4515604963,
            "count": 755000
        },
        "vus": {
            "max": 2,
            "value": 2,
            "min": 2
        },
        "vus_max": {
            "min": 2,
            "max": 2,
            "value": 2
        },
        "iteration_duration": {
            "avg": 0.7642668661999994,
            "min": 0.610875,
            "med": 0.7372915,
            "max": 26.803292,
            "p(90)": 0.8084664,
            "p(95)": 0.84413335
        },
        "http_req_connecting": {
            "avg": 0.10552979999999948,
            "min": 0.036,
            "med": 0.101,
            "max": 0.527,
            "p(90)": 0.147,
            "p(95)": 0.162
        },
        "http_req_failed": {
            "passes": 0,
            "fails": 5000,
            "thresholds": {
                "rate==0": false
            },
            "value": 0
        },
        "http_req_blocked": {
            "avg": 0.11575760000000007,
            "min": 0.044,
            "med": 0.11,
            "max": 0.533,
            "p(90)": 0.158,
            "p(95)": 0.174
        },
        "iterations": {
            "rate": 2608.5659043741475,
            "count": 5000
        },
        "http_reqs": {
            "count": 5000,
            "rate": 2608.5659043741475
        },
        "http_req_duration{expected_response:true}": {
            "min": 0.54,
            "med": 0.603,
            "max": 26.679,
            "p(90)": 0.643,
            "p(95)": 0.662,
            "avg": 0.6263778
        },
        "http_req_tls_handshaking": {
            "min": 0,
            "med": 0,
            "max": 0,
            "p(90)": 0,
            "p(95)": 0,
            "avg": 0
        }
    }
}