{
    "metrics": {
        "http_req_connecting": {
            "min": 0.032,
            "med": 0.046,
            "max": 62.332,
            "p(90)": 0.07,
            "p(95)": 0.134,
            "avg": 0.24979570408591617
        },
        "http_reqs": {
            "count": 50001,
            "rate": 4999.676527398129
        },
        "success_duration": {
            "avg": 0.13689765398257933,
            "min": 0.035,
            "med": 0.055,
            "max": 17.547,
            "p(90)": 0.09,
            "p(95)": 0.322
        },
        "iterations": {
            "count": 50001,
            "rate": 4999.676527398129
        },
        "status_503": {
            "count": 231,
            "rate": 23.09804359570744
        },
        "http_req_tls_handshaking": {
            "max": 0,
            "p(90)": 0,
            "p(95)": 0,
            "avg": 0,
            "min": 0,
            "med": 0
        },
        "checks": {
            "passes": 49847,
            "fails": 154,
            "value": 0.996920061598768
        },
        "data_received": {
            "count": 8390650,
            "rate": 838993.937213518
        },
        "vus": {
            "value": 1,
            "min": 0,
            "max": 5
        },
        "http_req_blocked": {
            "p(95)": 0.187,
            "avg": 0.26988036239277313,
            "min": 0.042,
            "med": 0.058,
            "max": 62.354,
            "p(90)": 0.088
        },
        "http_req_duration": {
            "p(95)": 0.366,
            "avg": 0.14047701045978367,
            "min": 0,
            "med": 0.055,
            "max": 17.547,
            "p(90)": 0.094
        },
        "http_req_sending": {
            "avg": 0.021691746165078133,
            "min": 0,
            "med": 0.01,
            "max": 4.692,
            "p(90)": 0.016,
            "p(95)": 0.038
        },
        "http_req_receiving": {
            "avg": 0.02056898862023024,
            "min": 0,
            "med": 0.01,
            "max": 8.02,
            "p(90)": 0.023,
            "p(95)": 0.038
        },
        "data_sent": {
            "count": 9216136,
            "rate": 921535.5459392589
        },
        "http_req_duration{expected_response:true}": {
            "max": 17.547,
            "p(90)": 0.09,
            "p(95)": 0.322,
            "avg": 0.13689765398257933,
            "min": 0.035,
            "med": 0.055
        },
        "iteration_duration": {
            "avg": 0.4501930259994811,
            "min": 0.103,
            "med": 0.144375,
            "max": 62.650708,
            "p(90)": 0.2455,
            "p(95)": 0.76725
        },
        "http_req_failed": {
            "passes": 385,
            "fails": 49616,
            "value": 0.007699846003079938
        },
        "vus_max": {
            "value": 1000,
            "min": 1000,
            "max": 1000
        },
        "http_req_waiting": {
            "avg": 0.09821627567449594,
            "min": 0,
            "med": 0.032,
            "max": 17.481,
            "p(90)": 0.057,
            "p(95)": 0.248
        }
    },
    "root_group": {
        "groups": {},
        "checks": {
                "status is 200 or 503": {
                    "name": "status is 200 or 503",
                    "path": "::status is 200 or 503",
                    "id": "9158419957bbc07d723ad901a3da8b58",
                    "passes": 49847,
                    "fails": 154
                }
            },
        "name": "",
        "path": "",
        "id": "d41d8cd98f00b204e9800998ecf8427e"
    }
}