{
    "metrics": {
        "http_req_duration": {
            "avg": 0.06466660000000005,
            "min": 0.033,
            "med": 0.056,
            "max": 0.6,
            "p(90)": 0.089,
            "p(95)": 0.115
        },
        "http_req_tls_handshaking": {
            "p(95)": 0,
            "avg": 0,
            "min": 0,
            "med": 0,
            "max": 0,
            "p(90)": 0
        },
        "data_sent": {
            "count": 1007780,
            "rate": 2600152.2246732973
        },
        "http_req_duration{expected_response:true}": {
            "min": 0.033,
            "med": 0.056,
            "max": 0.6,
            "p(90)": 0.089,
            "p(95)": 0.115,
            "avg": 0.06466660000000005
        },
        "http_req_waiting": {
            "avg": 0.04313500000000013,
            "min": 0.022,
            "med": 0.038,
            "max": 0.265,
            "p(90)": 0.062,
            "p(95)": 0.077
        },
        "http_req_connecting": {
            "med": 0.047,
            "max": 0.291,
            "p(90)": 0.077,
            "p(95)": 0.089,
            "avg": 0.053812799999999925,
            "min": 0.028
        },
        "http_reqs": {
            "count": 5000,
            "rate": 12900.396042158494
        },
        "http_req_sending": {
            "med": 0.007,
            "max": 0.325,
            "p(90)": 0.012,
            "p(95)": 0.018,
            "avg": 0.009085600000000178,
            "min": 0.003
        },
        "http_req_receiving": {
            "p(90)": 0.019,
            "p(95)": 0.03,
            "avg": 0.012446000000000273,
            "min": 0.004,
            "med": 0.009,
            "max": 0.271
        },
        "http_req_failed": {
            "passes": 0,
            "fails": 5000,
            "thresholds": {
                "rate==0": false
            },
            "value": 0
        },
        "data_received": {
            "count": 755000,
            "rate": 1947959.8023659326
        },
        "iterations": {
            "count": 5000,
            "rate": 12900.396042158494
        },
        "http_req_blocked": {
            "avg": 0.06512720000000008,
            "min": 0.038,
            "med": 0.057,
            "max": 0.373,
            "p(90)": 0.09,
            "p(95)": 0.106
        },
        "checks": {
            "passes": 5000,
            "fails": 0,
            "value": 1
        },
        "iteration_duration": {
            "med": 0.137417,
            "max": 0.693833,
            "p(90)": 0.1948911000000001,
            "p(95)": 0.2520125,
            "avg": 0.15265589160000007,
            "min": 0.09825
        }
    },
    "root_group": {
        "path": "",
        "id": "d41d8cd98f00b204e9800998ecf8427e",
        "groups": {},
        "checks": {
                "seed status is 200": {
                    "name": "seed status is 200",
                    "path": "::seed status is 200",
                    "id": "2ac229dc72417ad76e9d2b75969e5805",
                    "passes": 5000,
                    "fails": 0
                }
            },
        "name": ""
    }
}