{
    "root_group": {
        "name": "",
        "path": "",
        "id": "d41d8cd98f00b204e9800998ecf8427e",
        "groups": {},
        "checks": {
                "status is 200 or 503": {
                    "id": "9158419957bbc07d723ad901a3da8b58",
                    "passes": 29987,
                    "fails": 14,
                    "name": "status is 200 or 503",
                    "path": "::status is 200 or 503"
                }
            }
    },
    "metrics": {
        "data_received": {
            "count": 5169265,
            "rate": 516889.74913883617
        },
        "http_req_waiting": {
            "avg": 0.0796623779207351,
            "min": 0,
            "med": 0.034,
            "max": 21.331,
            "p(90)": 0.071,
            "p(95)": 0.143
        },
        "checks": {
            "passes": 29987,
            "fails": 14,
            "value": 0.9995333488883704
        },
        "iterations": {
            "rate": 2999.886708055057,
            "count": 30001
        },
        "iteration_duration": {
            "med": 0.155375,
            "max": 31.383334,
            "p(90)": 0.24425,
            "p(95)": 0.455292,
            "avg": 0.3032627519749357,
            "min": 0.108084
        },
        "http_req_duration": {
            "p(95)": 0.196,
            "avg": 0.11759244691843322,
            "min": 0.016,
            "med": 0.058,
            "max": 21.385,
            "p(90)": 0.097
        },
        "http_req_tls_handshaking": {
            "med": 0,
            "max": 0,
            "p(90)": 0,
            "p(95)": 0,
            "avg": 0,
            "min": 0
        },
        "http_req_blocked": {
            "avg": 0.14750731642278575,
            "min": 0.044,
            "med": 0.063,
            "max": 28.274,
            "p(90)": 0.11,
            "p(95)": 0.147
        },
        "vus_max": {
            "value": 1000,
            "min": 1000,
            "max": 1000
        },
        "http_req_sending": {
            "avg": 0.016893003566548086,
            "min": 0,
            "med": 0.01,
            "max": 1.266,
            "p(90)": 0.015,
            "p(95)": 0.026
        },
        "vus": {
            "value": 1,
            "min": 1,
            "max": 1
        },
        "http_req_connecting": {
            "avg": 0.13181450618311782,
            "min": 0.034,
            "med": 0.05,
            "max": 28.258,
            "p(90)": 0.097,
            "p(95)": 0.125
        },
        "status_503": {
            "count": 13,
            "rate": 1.2999075765713057
        },
        "http_req_receiving": {
            "max": 1.351,
            "p(90)": 0.022,
            "p(95)": 0.037,
            "avg": 0.02103706543115235,
            "min": 0.005,
            "med": 0.011
        },
        "data_sent": {
            "count": 5423299,
            "rate": 542291.3430855066
        },
        "http_reqs": {
            "count": 30001,
            "rate": 2999.886708055057
        },
        "http_req_duration{expected_response:true}": {
            "avg": 0.117234369787146,
            "min": 0.034,
            "med": 0.058,
            "max": 21.385,
            "p(90)": 0.096,
            "p(95)": 0.191
        },
        "http_req_failed": {
            "passes": 27,
            "fails": 29974,
            "value": 0.0008999700009999666
        },
        "success_duration": {
            "avg": 0.117234369787146,
            "min": 0.034,
            "med": 0.058,
            "max": 21.385,
            "p(90)": 0.096,
            "p(95)": 0.191
        }
    }
}