{
    "root_group": {
        "name": "",
        "path": "",
        "id": "d41d8cd98f00b204e9800998ecf8427e",
        "groups": {},
        "checks": {
                "seed status is 200": {
                    "name": "seed status is 200",
                    "path": "::seed status is 200",
                    "id": "2ac229dc72417ad76e9d2b75969e5805",
                    "passes": 5000,
                    "fails": 0
                }
            }
    },
    "metrics": {
        "http_req_sending": {
            "avg": 0.008991600000000209,
            "min": 0.003,
            "med": 0.006,
            "max": 0.482,
            "p(90)": 0.012,
            "p(95)": 0.017
        },
        "data_received": {
            "count": 755000,
            "rate": 1912602.9132362255
        },
        "http_req_tls_handshaking": {
            "min": 0,
            "med": 0,
            "max": 0,
            "p(90)": 0,
            "p(95)": 0,
            "avg": 0
        },
        "data_sent": {
            "count": 1007780,
            "rate": 2552957.568081064
        },
        "http_req_failed": {
            "passes": 0,
            "fails": 5000,
            "thresholds": {
                "rate==0": false
            },
            "value": 0
        },
        "http_reqs": {
            "count": 5000,
            "rate": 12666.24445851805
        },
        "http_req_blocked": {
            "avg": 0.06734320000000016,
            "min": 0.037,
            "med": 0.058,
            "max": 0.942,
            "p(90)": 0.094,
            "p(95)": 0.11204999999999977
        },
        "checks": {
            "passes": 5000,
            "fails": 0,
            "value": 1
        },
        "iterations": {
            "count": 5000,
            "rate": 12666.24445851805
        },
        "http_req_receiving": {
            "p(90)": 0.019,
            "p(95)": 0.028,
            "avg": 0.012287000000000261,
            "min": 0.004,
            "med": 0.009,
            "max": 0.278
        },
        "http_req_waiting": {
            "min": 0.021,
            "med": 0.038,
            "max": 0.34,
            "p(90)": 0.062,
            "p(95)": 0.076,
            "avg": 0.04356199999999993
        },
        "http_req_duration": {
            "p(90)": 0.088,
            "p(95)": 0.116,
            "avg": 0.06484059999999994,
            "min": 0.034,
            "med": 0.056,
            "max": 0.666
        },
        "http_req_duration{expected_response:true}": {
            "p(90)": 0.088,
            "p(95)": 0.116,
            "avg": 0.06484059999999994,
            "min": 0.034,
            "med": 0.056,
            "max": 0.666
        },
        "http_req_connecting": {
            "max": 0.838,
            "p(90)": 0.081,
            "p(95)": 0.094,
            "avg": 0.05613720000000022,
            "min": 0.031,
            "med": 0.048
        },
        "iteration_duration": {
            "avg": 0.15558178879999954,
            "min": 0.098083,
            "med": 0.137729,
            "max": 1.164375,
            "p(90)": 0.20058720000000002,
            "p(95)": 0.265083
        }
    }
}