{
    "metrics": {
        "http_req_receiving": {
            "p(90)": 0.024,
            "p(95)": 0.046,
            "avg": 0.02590703643211951,
            "min": 0.006,
            "med": 0.011,
            "max": 2.79
        },
        "iterations": {
            "count": 30001,
            "rate": 2999.8045192548534
        },
        "checks": {
            "fails": 21,
            "passes": 29980,
            "value": 0.9993000233325556
        },
        "vus": {
            "value": 1,
            "min": 0,
            "max": 1
        },
        "http_req_failed": {
            "passes": 59,
            "fails": 29942,
            "value": 0.0019666011132962236
        },
        "data_sent": {
            "count": 5418261,
            "rate": 541772.7353855645
        },
        "data_received": {
            "rate": 516745.500568194,
            "count": 5167964
        },
        "http_req_duration": {
            "avg": 0.17319389353687661,
            "min": 0.008,
            "med": 0.059,
            "max": 27.463,
            "p(90)": 0.116,
            "p(95)": 0.507
        },
        "http_req_waiting": {
            "avg": 0.12346545115162774,
            "min": 0,
            "med": 0.034,
            "max": 26.736,
            "p(90)": 0.086,
            "p(95)": 0.336
        },
        "status_503": {
            "count": 38,
            "rate": 3.7996257368649187
        },
        "http_req_tls_handshaking": {
            "min": 0,
            "med": 0,
            "max": 0,
            "p(90)": 0,
            "p(95)": 0,
            "avg": 0
        },
        "http_req_duration{expected_response:true}": {
            "avg": 0.1709012424019716,
            "min": 0.036,
            "med": 0.059,
            "max": 27.463,
            "p(90)": 0.116,
            "p(95)": 0.49
        },
        "vus_max": {
            "value": 1000,
            "min": 1000,
            "max": 1000
        },
        "success_duration": {
            "med": 0.059,
            "max": 27.463,
            "p(90)": 0.116,
            "p(95)": 0.49,
            "avg": 0.1709012424019716,
            "min": 0.036
        },
        "iteration_duration": {
            "min": 0.108125,
            "med": 0.156,
            "max": 107.864584,
            "p(90)": 0.27475,
            "p(95)": 1.011792,
            "avg": 0.4878819455018154
        },
        "http_reqs": {
            "count": 30001,
            "rate": 2999.8045192548534
        },
        "http_req_blocked": {
            "avg": 0.26975914136195356,
            "min": 0.046,
            "med": 0.063,
            "max": 80.094,
            "p(90)": 0.117,
            "p(95)": 0.215
        },
        "http_req_sending": {
            "avg": 0.02382140595313308,
            "min": 0,
            "med": 0.01,
            "max": 4.477,
            "p(90)": 0.017,
            "p(95)": 0.04
        },
        "http_req_connecting": {
            "avg": 0.24837482083929202,
            "min": 0.036,
            "med": 0.05,
            "max": 38.231,
            "p(90)": 0.102,
            "p(95)": 0.17
        }
    },
    "root_group": {
        "name": "",
        "path": "",
        "id": "d41d8cd98f00b204e9800998ecf8427e",
        "groups": {},
        "checks": {
                "status is 200 or 503": {
                    "path": "::status is 200 or 503",
                    "id": "9158419957bbc07d723ad901a3da8b58",
                    "passes": 29980,
                    "fails": 21,
                    "name": "status is 200 or 503"
                }
            }
    }
}