{
    "root_group": {
        "name": "",
        "path": "",
        "id": "d41d8cd98f00b204e9800998ecf8427e",
        "groups": {},
        "checks": {
                "status is 200 or 503": {
                    "name": "status is 200 or 503",
                    "path": "::status is 200 or 503",
                    "id": "9158419957bbc07d723ad901a3da8b58",
                    "passes": 29992,
                    "fails": 9
                }
            }
    },
    "metrics": {
        "data_sent": {
            "rate": 542293.7901872351,
            "count": 5423311
        },
        "http_reqs": {
            "count": 30001,
            "rate": 2999.8936073198165
        },
        "success_duration": {
            "p(90)": 0.103,
            "p(95)": 0.186,
            "avg": 0.11568924010536183,
            "min": 0.036,
            "med": 0.058,
            "max": 18.815
        },
        "data_received": {
            "count": 5169487,
            "rate": 516913.1363762173
        },
        "http_req_connecting": {
            "p(90)": 0.1,
            "p(95)": 0.131,
            "avg": 0.12739552014932196,
            "min": 0.031,
            "med": 0.05,
            "max": 27.098
        },
        "http_req_sending": {
            "avg": 0.016356054798173373,
            "min": 0.005,
            "med": 0.01,
            "max": 0.907,
            "p(90)": 0.015,
            "p(95)": 0.025
        },
        "http_req_waiting": {
            "p(95)": 0.141,
            "avg": 0.08028069064364486,
            "min": 0.021,
            "med": 0.034,
            "max": 18.772,
            "p(90)": 0.077
        },
        "status_503": {
            "count": 1,
            "rate": 0.09999312047331144
        },
        "http_req_duration{expected_response:true}": {
            "avg": 0.11568924010536183,
            "min": 0.036,
            "med": 0.058,
            "max": 18.815,
            "p(90)": 0.103,
            "p(95)": 0.186
        },
        "http_req_failed": {
            "passes": 10,
            "fails": 29991,
            "value": 0.00033332222259258026
        },
        "vus_max": {
            "value": 1000,
            "min": 1000,
            "max": 1000
        },
        "iteration_duration": {
            "avg": 0.29615423345888386,
            "min": 0.106875,
            "med": 0.154,
            "max": 28.827375,
            "p(90)": 0.251667,
            "p(95)": 0.460041
        },
        "http_req_blocked": {
            "p(95)": 0.155,
            "avg": 0.14269254358187944,
            "min": 0.043,
            "med": 0.062,
            "max": 27.111,
            "p(90)": 0.113
        },
        "http_req_duration": {
            "p(95)": 0.189,
            "avg": 0.11582477250757992,
            "min": 0.036,
            "med": 0.058,
            "max": 18.815,
            "p(90)": 0.103
        },
        "http_req_receiving": {
            "max": 2.768,
            "p(90)": 0.022,
            "p(95)": 0.036,
            "avg": 0.019188027065763943,
            "min": 0.004,
            "med": 0.011
        },
        "iterations": {
            "count": 30001,
            "rate": 2999.8936073198165
        },
        "http_req_tls_handshaking": {
            "med": 0,
            "max": 0,
            "p(90)": 0,
            "p(95)": 0,
            "avg": 0,
            "min": 0
        },
        "checks": {
            "passes": 29992,
            "fails": 9,
            "value": 0.9997000099996667
        },
        "vus": {
            "value": 1,
            "min": 0,
            "max": 1
        }
    }
}