{
    "metrics": {
        "iterations": {
            "count": 50000,
            "rate": 4999.689519280852
        },
        "http_req_tls_handshaking": {
            "p(95)": 0,
            "avg": 0,
            "min": 0,
            "med": 0,
            "max": 0,
            "p(90)": 0
        },
        "iteration_duration": {
            "p(90)": 0.5463548000000003,
            "p(95)": 2.2305833499999905,
            "avg": 0.7787524226200019,
            "min": 0.09975,
            "med": 0.150667,
            "max": 91.407458
        },
        "success_duration": {
            "avg": 0.2842872176433206,
            "min": 0.033,
            "med": 0.056,
            "max": 55.255,
            "p(90)": 0.14,
            "p(95)": 0.642
        },
        "vus_max": {
            "value": 1000,
            "min": 1000,
            "max": 1000
        },
        "data_sent": {
            "count": 9093456,
            "rate": 909289.1331448316
        },
        "http_reqs": {
            "count": 50000,
            "rate": 4999.689519280852
        },
        "http_req_duration": {
            "p(95)": 0.847,
            "avg": 0.30081550000001006,
            "min": 0,
            "med": 0.056,
            "max": 55.255,
            "p(90)": 0.165
        },
        "status_503": {
            "count": 945,
            "rate": 94.49413191440811
        },
        "data_received": {
            "count": 8334271,
            "rate": 833375.347390927
        },
        "http_req_receiving": {
            "avg": 0.050795760000004506,
            "min": 0,
            "med": 0.011,
            "max": 21.745,
            "p(90)": 0.034,
            "p(95)": 0.08
        },
        "http_req_duration{expected_response:true}": {
            "med": 0.056,
            "max": 55.255,
            "p(90)": 0.14,
            "p(95)": 0.642,
            "avg": 0.2842872176433206,
            "min": 0.033
        },
        "http_req_sending": {
            "avg": 0.05163550000000223,
            "min": 0,
            "med": 0.01,
            "max": 21.877,
            "p(90)": 0.021,
            "p(95)": 0.057
        },
        "checks": {
            "passes": 49598,
            "fails": 402,
            "value": 0.99196
        },
        "vus": {
            "value": 1,
            "min": 0,
            "max": 159
        },
        "http_req_waiting": {
            "avg": 0.19838424000002083,
            "min": 0,
            "med": 0.033,
            "max": 52.071,
            "p(90)": 0.091,
            "p(95)": 0.6060499999999978
        },
        "http_req_connecting": {
            "min": 0.03,
            "med": 0.047,
            "max": 67.562,
            "p(90)": 0.102,
            "p(95)": 0.39,
            "avg": 0.34495358000001114
        },
        "http_req_blocked": {
            "p(90)": 0.137,
            "p(95)": 0.496,
            "avg": 0.4065464800000158,
            "min": 0.041,
            "med": 0.059,
            "max": 67.58
        },
        "http_req_failed": {
            "fails": 48653,
            "passes": 1347,
            "value": 0.02694
        }
    },
    "root_group": {
        "path": "",
        "id": "d41d8cd98f00b204e9800998ecf8427e",
        "groups": {},
        "checks": {
                "status is 200 or 503": {
                    "name": "status is 200 or 503",
                    "path": "::status is 200 or 503",
                    "id": "9158419957bbc07d723ad901a3da8b58",
                    "passes": 49598,
                    "fails": 402
                }
            },
        "name": ""
    }
}