{
    "metrics": {
        "http_req_connecting": {
            "p(95)": 0.171,
            "avg": 0.23019033333332575,
            "min": 0.033,
            "med": 0.096,
            "max": 40.678,
            "p(90)": 0.127
        },
        "checks": {
            "passes": 29866,
            "fails": 134,
            "value": 0.9955333333333334
        },
        "data_received": {
            "count": 5156367,
            "rate": 515597.97859180777
        },
        "http_req_duration": {
            "max": 36.739,
            "p(90)": 0.412,
            "p(95)": 0.6240499999999987,
            "avg": 0.5001154000000013,
            "min": 0,
            "med": 0.349
        },
        "http_req_sending": {
            "min": 0,
            "med": 0.01,
            "max": 27.862,
            "p(90)": 0.017,
            "p(95)": 0.034,
            "avg": 0.028586399999999287
        },
        "http_req_duration{expected_response:true}": {
            "avg": 0.4966880610110023,
            "min": 0.286,
            "med": 0.349,
            "max": 36.739,
            "p(90)": 0.409,
            "p(95)": 0.58
        },
        "iterations": {
            "count": 30000,
            "rate": 2999.7747169187596
        },
        "http_req_blocked": {
            "p(90)": 0.143,
            "p(95)": 0.21304999999999866,
            "avg": 0.24868539999999223,
            "min": 0.043,
            "med": 0.107,
            "max": 40.69
        },
        "success_duration": {
            "min": 0.286,
            "med": 0.349,
            "max": 36.739,
            "p(90)": 0.409,
            "p(95)": 0.58,
            "avg": 0.4966880610110023
        },
        "iteration_duration": {
            "avg": 0.7957582983999966,
            "min": 0.300042,
            "med": 0.495417,
            "max": 51.512167,
            "p(90)": 0.59275,
            "p(95)": 1.0914725999999997
        },
        "vus": {
            "min": 1,
            "max": 9,
            "value": 9
        },
        "vus_max": {
            "max": 1000,
            "value": 1000,
            "min": 1000
        },
        "http_req_waiting": {
            "p(95)": 0.525,
            "avg": 0.4514171999999993,
            "min": 0,
            "med": 0.327,
            "max": 36.676,
            "p(90)": 0.383
        },
        "data_sent": {
            "count": 5390460,
            "rate": 539005.5206853966
        },
        "status_503": {
            "count": 232,
            "rate": 23.198257810838406
        },
        "http_reqs": {
            "count": 30000,
            "rate": 2999.7747169187596
        },
        "http_req_tls_handshaking": {
            "avg": 0,
            "min": 0,
            "med": 0,
            "max": 0,
            "p(90)": 0,
            "p(95)": 0
        },
        "http_req_receiving": {
            "p(90)": 0.021,
            "p(95)": 0.043,
            "avg": 0.020111799999998237,
            "min": 0,
            "med": 0.01,
            "max": 3.089
        },
        "http_req_failed": {
            "passes": 366,
            "fails": 29634,
            "value": 0.0122
        }
    },
    "root_group": {
        "id": "d41d8cd98f00b204e9800998ecf8427e",
        "groups": {},
        "checks": {
                "status is 200 or 503": {
                    "id": "9158419957bbc07d723ad901a3da8b58",
                    "passes": 29866,
                    "fails": 134,
                    "name": "status is 200 or 503",
                    "path": "::status is 200 or 503"
                }
            },
        "name": "",
        "path": ""
    }
}