{
    "metrics": {
        "http_req_connecting": {
            "avg": 0.06056419999999999,
            "min": 0.03,
            "med": 0.047,
            "max": 14.095,
            "p(90)": 0.092,
            "p(95)": 0.111
        },
        "http_req_waiting": {
            "avg": 0.2992545999999988,
            "min": 0.271,
            "med": 0.289,
            "max": 14.037,
            "p(90)": 0.326,
            "p(95)": 0.344
        },
        "iteration_duration": {
            "max": 14.627375,
            "p(90)": 0.4797583,
            "p(95)": 0.5274181,
            "avg": 0.4161882923999995,
            "min": 0.345583,
            "med": 0.3889165
        },
        "http_reqs": {
            "count": 5000,
            "rate": 4778.721309751936
        },
        "http_req_receiving": {
            "p(90)": 0.019,
            "p(95)": 0.027,
            "avg": 0.013044200000000342,
            "min": 0.004,
            "med": 0.01,
            "max": 0.254
        },
        "http_req_tls_handshaking": {
            "avg": 0,
            "min": 0,
            "med": 0,
            "max": 0,
            "p(90)": 0,
            "p(95)": 0
        },
        "http_req_duration{expected_response:true}": {
            "avg": 0.3213470000000019,
            "min": 0.284,
            "med": 0.308,
            "max": 14.162,
            "p(90)": 0.352,
            "p(95)": 0.373
        },
        "data_sent": {
            "rate": 963179.9523083613,
            "count": 1007780
        },
        "http_req_duration": {
            "avg": 0.3213470000000019,
            "min": 0.284,
            "med": 0.308,
            "max": 14.162,
            "p(90)": 0.352,
            "p(95)": 0.373
        },
        "http_req_sending": {
            "avg": 0.009048200000000103,
            "min": 0.003,
            "med": 0.007,
            "max": 0.214,
            "p(90)": 0.012,
            "p(95)": 0.015
        },
        "iterations": {
            "rate": 4778.721309751936,
            "count": 5000
        },
        "vus_max": {
            "max": 2,
            "value": 2,
            "min": 2
        },
        "http_req_failed": {
            "passes": 0,
            "fails": 5000,
            "thresholds": {
                "rate==0": false
            },
            "value": 0
        },
        "checks": {
            "passes": 5000,
            "fails": 0,
            "value": 1
        },
        "data_received": {
            "count": 755000,
            "rate": 721586.9177725425
        },
        "vus": {
            "value": 2,
            "min": 2,
            "max": 2
        },
        "http_req_blocked": {
            "avg": 0.07218720000000034,
            "min": 0.038,
            "med": 0.058,
            "max": 14.15,
            "p(90)": 0.105,
            "p(95)": 0.12804999999999978
        }
    },
    "root_group": {
        "checks": {
            "seed status is 200": {
                "path": "::seed status is 200",
                "id": "2ac229dc72417ad76e9d2b75969e5805",
                "passes": 5000,
                "fails": 0,
                "name": "seed status is 200"
            }
        },
        "name": "",
        "path": "",
        "id": "d41d8cd98f00b204e9800998ecf8427e",
        "groups": {}
    }
}