{
    "root_group": {
        "name": "",
        "path": "",
        "id": "d41d8cd98f00b204e9800998ecf8427e",
        "groups": {},
        "checks": {
                "status is 200 or 503": {
                    "name": "status is 200 or 503",
                    "path": "::status is 200 or 503",
                    "id": "9158419957bbc07d723ad901a3da8b58",
                    "passes": 29917,
                    "fails": 84
                }
            }
    },
    "metrics": {
        "http_reqs": {
            "count": 30001,
            "rate": 2999.8495125657005
        },
        "iterations": {
            "count": 30001,
            "rate": 2999.8495125657005
        },
        "http_req_duration{expected_response:true}": {
            "min": 0.037,
            "med": 0.058,
            "max": 20.596,
            "p(90)": 0.098,
            "p(95)": 0.174,
            "avg": 0.12748704472415157
        },
        "http_req_tls_handshaking": {
            "med": 0,
            "max": 0,
            "p(90)": 0,
            "p(95)": 0,
            "avg": 0,
            "min": 0
        },
        "vus": {
            "max": 1,
            "value": 1,
            "min": 1
        },
        "vus_max": {
            "min": 1000,
            "max": 1000,
            "value": 1000
        },
        "status_503": {
            "count": 45,
            "rate": 4.499624281372506
        },
        "data_received": {
            "count": 5163783,
            "rate": 516335.186011968
        },
        "success_duration": {
            "med": 0.058,
            "max": 20.596,
            "p(90)": 0.098,
            "p(95)": 0.174,
            "avg": 0.12748704472415157,
            "min": 0.037
        },
        "http_req_failed": {
            "fails": 29872,
            "passes": 129,
            "value": 0.004299856671444285
        },
        "checks": {
            "fails": 84,
            "passes": 29917,
            "value": 0.9972000933302223
        },
        "http_req_waiting": {
            "min": 0,
            "med": 0.034,
            "max": 20.555,
            "p(90)": 0.072,
            "p(95)": 0.142,
            "avg": 0.09732402253258197
        },
        "http_req_receiving": {
            "p(95)": 0.034,
            "avg": 0.017630578980700425,
            "min": 0,
            "med": 0.011,
            "max": 1.029,
            "p(90)": 0.021
        },
        "http_req_blocked": {
            "med": 0.063,
            "max": 25.921,
            "p(90)": 0.115,
            "p(95)": 0.165,
            "avg": 0.15022015932802127,
            "min": 0.045
        },
        "http_req_connecting": {
            "p(90)": 0.102,
            "p(95)": 0.14,
            "avg": 0.1347632078930616,
            "min": 0.036,
            "med": 0.05,
            "max": 25.906
        },
        "iteration_duration": {
            "med": 0.154375,
            "max": 27.5575,
            "p(90)": 0.252375,
            "p(95)": 0.497791,
            "avg": 0.31982271717609406,
            "min": 0.110875
        },
        "http_req_sending": {
            "med": 0.01,
            "max": 2.355,
            "p(90)": 0.015,
            "p(95)": 0.025,
            "avg": 0.016958401386620654,
            "min": 0
        },
        "data_sent": {
            "rate": 541772.461999423,
            "count": 5418177
        },
        "http_req_duration": {
            "max": 20.596,
            "p(90)": 0.1,
            "p(95)": 0.195,
            "avg": 0.1319130028998985,
            "min": 0,
            "med": 0.058
        }
    }
}