{
    "metrics": {
        "http_req_waiting": {
            "avg": 0.053978199999999865,
            "min": 0.019,
            "med": 0.038,
            "max": 18.683,
            "p(90)": 0.069,
            "p(95)": 0.088
        },
        "http_req_connecting": {
            "max": 0.865,
            "p(90)": 0.085,
            "p(95)": 0.101,
            "avg": 0.058264000000000066,
            "min": 0.027,
            "med": 0.049
        },
        "iterations": {
            "count": 5000,
            "rate": 11419.957517758034
        },
        "http_req_tls_handshaking": {
            "min": 0,
            "med": 0,
            "max": 0,
            "p(90)": 0,
            "p(95)": 0,
            "avg": 0
        },
        "http_req_receiving": {
            "med": 0.009,
            "max": 0.465,
            "p(90)": 0.023,
            "p(95)": 0.036,
            "avg": 0.01391780000000019,
            "min": 0.004
        },
        "http_req_failed": {
            "fails": 5000,
            "passes": 0,
            "thresholds": {
                "rate==0": false
            },
            "value": 0
        },
        "http_req_blocked": {
            "min": 0.034,
            "med": 0.059,
            "max": 1.33,
            "p(90)": 0.1,
            "p(95)": 0.126,
            "avg": 0.07014299999999996
        },
        "http_req_sending": {
            "avg": 0.009518200000000187,
            "min": 0.002,
            "med": 0.006,
            "max": 0.423,
            "p(90)": 0.013,
            "p(95)": 0.023
        },
        "checks": {
            "passes": 5000,
            "fails": 0,
            "value": 1
        },
        "data_sent": {
            "count": 1007780,
            "rate": 2301760.9574492383
        },
        "http_reqs": {
            "count": 5000,
            "rate": 11419.957517758034
        },
        "http_req_duration": {
            "avg": 0.07741420000000011,
            "min": 0.035,
            "med": 0.057,
            "max": 18.748,
            "p(90)": 0.103,
            "p(95)": 0.141
        },
        "http_req_duration{expected_response:true}": {
            "min": 0.035,
            "med": 0.057,
            "max": 18.748,
            "p(90)": 0.103,
            "p(95)": 0.141,
            "avg": 0.07741420000000011
        },
        "iteration_duration": {
            "p(90)": 0.23058720000000002,
            "p(95)": 0.3016100999999999,
            "avg": 0.1725986014,
            "min": 0.093125,
            "med": 0.1410415,
            "max": 18.962208
        },
        "data_received": {
            "count": 755000,
            "rate": 1724413.585181463
        }
    },
    "root_group": {
        "name": "",
        "path": "",
        "id": "d41d8cd98f00b204e9800998ecf8427e",
        "groups": {},
        "checks": {
                "seed status is 200": {
                    "passes": 5000,
                    "fails": 0,
                    "name": "seed status is 200",
                    "path": "::seed status is 200",
                    "id": "2ac229dc72417ad76e9d2b75969e5805"
                }
            }
    }
}