{
    "metrics": {
        "http_req_receiving": {
            "p(95)": 0.03,
            "avg": 0.016471599999999552,
            "min": 0.005,
            "med": 0.01,
            "max": 0.882,
            "p(90)": 0.02
        },
        "http_req_failed": {
            "passes": 82,
            "fails": 29918,
            "value": 0.0027333333333333333
        },
        "data_received": {
            "count": 5146145,
            "rate": 514587.07250903524
        },
        "success_duration": {
            "p(95)": 0.156,
            "avg": 0.10225526438932848,
            "min": 0.035,
            "med": 0.058,
            "max": 15.803,
            "p(90)": 0.107
        },
        "http_req_duration{expected_response:true}": {
            "p(90)": 0.107,
            "p(95)": 0.156,
            "avg": 0.10225526438932848,
            "min": 0.035,
            "med": 0.058,
            "max": 15.803
        },
        "http_req_connecting": {
            "min": 0.03,
            "med": 0.047,
            "max": 24.323,
            "p(90)": 0.1,
            "p(95)": 0.12,
            "avg": 0.1076523666666649
        },
        "iteration_duration": {
            "med": 0.151417,
            "max": 26.071417,
            "p(90)": 0.252,
            "p(95)": 0.33351044999999974,
            "avg": 0.26246501603333255,
            "min": 0.102125
        },
        "checks": {
            "passes": 29953,
            "fails": 47,
            "value": 0.9984333333333333
        },
        "vus_max": {
            "max": 1000,
            "value": 1000,
            "min": 1000
        },
        "status_503": {
            "count": 35,
            "rate": 3.499813459942585
        },
        "vus": {
            "min": 0,
            "max": 1,
            "value": 1
        },
        "data_sent": {
            "count": 5421415,
            "rate": 542112.6053981322
        },
        "http_req_duration": {
            "med": 0.058,
            "max": 15.803,
            "p(90)": 0.109,
            "p(95)": 0.16,
            "avg": 0.10433949999999736,
            "min": 0.008
        },
        "http_reqs": {
            "count": 30000,
            "rate": 2999.8401085222154
        },
        "http_req_waiting": {
            "p(95)": 0.127,
            "avg": 0.07327316666666535,
            "min": 0,
            "med": 0.034,
            "max": 15.579,
            "p(90)": 0.083
        },
        "http_req_sending": {
            "min": 0,
            "med": 0.01,
            "max": 1.094,
            "p(90)": 0.014,
            "p(95)": 0.019,
            "avg": 0.014594733333333384
        },
        "iterations": {
            "count": 30000,
            "rate": 2999.8401085222154
        },
        "http_req_tls_handshaking": {
            "avg": 0,
            "min": 0,
            "med": 0,
            "max": 0,
            "p(90)": 0,
            "p(95)": 0
        },
        "http_req_blocked": {
            "p(95)": 0.137,
            "avg": 0.12202086666666541,
            "min": 0.04,
            "med": 0.06,
            "max": 24.332,
            "p(90)": 0.113
        }
    },
    "root_group": {
        "path": "",
        "id": "d41d8cd98f00b204e9800998ecf8427e",
        "groups": {},
        "checks": {
                "status is 200 or 503": {
                    "fails": 47,
                    "name": "status is 200 or 503",
                    "path": "::status is 200 or 503",
                    "id": "9158419957bbc07d723ad901a3da8b58",
                    "passes": 29953
                }
            },
        "name": ""
    }
}