{
    "metrics": {
        "http_req_waiting": {
            "avg": 0.14083879999999993,
            "min": 0.018,
            "med": 0.113,
            "max": 3.696,
            "p(90)": 0.2751000000000001,
            "p(95)": 0.34
        },
        "checks": {
            "passes": 5000,
            "fails": 0,
            "value": 1
        },
        "http_req_failed": {
            "passes": 0,
            "fails": 5000,
            "thresholds": {
                "rate==0": false
            },
            "value": 0
        },
        "http_req_connecting": {
            "max": 2.128,
            "p(90)": 0.235,
            "p(95)": 0.3290499999999998,
            "avg": 0.12276720000000005,
            "min": 0.03,
            "med": 0.097
        },
        "data_received": {
            "count": 755000,
            "rate": 3778495.107974877
        },
        "http_req_receiving": {
            "avg": 0.03623200000000009,
            "min": 0.004,
            "med": 0.02,
            "max": 1.145,
            "p(90)": 0.077,
            "p(95)": 0.115
        },
        "http_reqs": {
            "count": 5000,
            "rate": 25023.14641042965
        },
        "data_sent": {
            "count": 1004406,
            "rate": 5026679.678702801
        },
        "http_req_duration": {
            "med": 0.165,
            "max": 3.803,
            "p(90)": 0.366,
            "p(95)": 0.442,
            "avg": 0.20348140000000045,
            "min": 0.032
        },
        "http_req_sending": {
            "avg": 0.026410600000000256,
            "min": 0.003,
            "med": 0.013,
            "max": 1.954,
            "p(90)": 0.055,
            "p(95)": 0.08904999999999977
        },
        "http_req_tls_handshaking": {
            "avg": 0,
            "min": 0,
            "med": 0,
            "max": 0,
            "p(90)": 0,
            "p(95)": 0
        },
        "http_req_blocked": {
            "p(95)": 0.36,
            "avg": 0.14359160000000049,
            "min": 0.037,
            "med": 0.114,
            "max": 2.163,
            "p(90)": 0.278
        },
        "iterations": {
            "count": 5000,
            "rate": 25023.14641042965
        },
        "iteration_duration": {
            "avg": 0.39400494380000034,
            "min": 0.114917,
            "med": 0.3246875,
            "max": 4.3175,
            "p(90)": 0.6910964,
            "p(95)": 0.8079705499999998
        },
        "http_req_duration{expected_response:true}": {
            "med": 0.165,
            "max": 3.803,
            "p(90)": 0.366,
            "p(95)": 0.442,
            "avg": 0.20348140000000045,
            "min": 0.032
        }
    },
    "root_group": {
        "checks": {
            "seed status is 200": {
                "name": "seed status is 200",
                "path": "::seed status is 200",
                "id": "2ac229dc72417ad76e9d2b75969e5805",
                "passes": 5000,
                "fails": 0
            }
        },
        "name": "",
        "path": "",
        "id": "d41d8cd98f00b204e9800998ecf8427e",
        "groups": {}
    }
}