{
    "root_group": {
        "id": "d41d8cd98f00b204e9800998ecf8427e",
        "groups": {},
        "checks": {
                "status is 200 or 503": {
                    "id": "9158419957bbc07d723ad901a3da8b58",
                    "passes": 29994,
                    "fails": 7,
                    "name": "status is 200 or 503",
                    "path": "::status is 200 or 503"
                }
            },
        "name": "",
        "path": ""
    },
    "metrics": {
        "data_received": {
            "count": 5168743,
            "rate": 516833.005042897
        },
        "http_req_sending": {
            "avg": 0.015834672177594572,
            "min": 0,
            "med": 0.01,
            "max": 2.908,
            "p(90)": 0.015,
            "p(95)": 0.024
        },
        "http_req_receiving": {
            "p(90)": 0.022,
            "p(95)": 0.036,
            "avg": 0.01726422452584855,
            "min": 0.005,
            "med": 0.011,
            "max": 0.792
        },
        "vus_max": {
            "value": 1000,
            "min": 1000,
            "max": 1000
        },
        "http_req_failed": {
            "passes": 50,
            "fails": 29951,
            "value": 0.0016666111129629013
        },
        "checks": {
            "passes": 29994,
            "fails": 7,
            "value": 0.9997666744441852
        },
        "http_req_connecting": {
            "avg": 0.1228413052898165,
            "min": 0.034,
            "med": 0.05,
            "max": 28.397,
            "p(90)": 0.097,
            "p(95)": 0.119
        },
        "http_req_waiting": {
            "avg": 0.06857384753841435,
            "min": 0,
            "med": 0.034,
            "max": 28.529,
            "p(90)": 0.072,
            "p(95)": 0.132
        },
        "http_reqs": {
            "count": 30001,
            "rate": 2999.860311161138
        },
        "http_req_duration{expected_response:true}": {
            "avg": 0.10143811558879272,
            "min": 0.037,
            "med": 0.058,
            "max": 28.579,
            "p(90)": 0.099,
            "p(95)": 0.177
        },
        "http_req_tls_handshaking": {
            "min": 0,
            "med": 0,
            "max": 0,
            "p(90)": 0,
            "p(95)": 0,
            "avg": 0
        },
        "vus": {
            "value": 0,
            "min": 0,
            "max": 8
        },
        "status_503": {
            "rate": 4.29965645744905,
            "count": 43
        },
        "success_duration": {
            "med": 0.058,
            "max": 28.579,
            "p(90)": 0.099,
            "p(95)": 0.177,
            "avg": 0.10143811558879272,
            "min": 0.037
        },
        "iterations": {
            "count": 30001,
            "rate": 2999.860311161138
        },
        "http_req_blocked": {
            "p(95)": 0.14,
            "avg": 0.13786943768541068,
            "min": 0.044,
            "med": 0.062,
            "max": 28.425,
            "p(90)": 0.11
        },
        "http_req_duration": {
            "avg": 0.10167274424185624,
            "min": 0.008,
            "med": 0.058,
            "max": 28.579,
            "p(90)": 0.099,
            "p(95)": 0.181
        },
        "data_sent": {
            "count": 5418543,
            "rate": 541811.0093003568
        },
        "iteration_duration": {
            "avg": 0.27655992810239605,
            "min": 0.107917,
            "med": 0.154333,
            "max": 30.207375,
            "p(90)": 0.246166,
            "p(95)": 0.411083
        }
    }
}