{
    "root_group": {
        "name": "",
        "path": "",
        "id": "d41d8cd98f00b204e9800998ecf8427e",
        "groups": {},
        "checks": {
                "status is 200 or 503": {
                    "name": "status is 200 or 503",
                    "path": "::status is 200 or 503",
                    "id": "9158419957bbc07d723ad901a3da8b58",
                    "passes": 29915,
                    "fails": 86
                }
            }
    },
    "metrics": {
        "http_req_failed": {
            "passes": 231,
            "fails": 29770,
            "value": 0.007699743341888604
        },
        "data_received": {
            "count": 5161398,
            "rate": 516100.67956848873
        },
        "http_req_tls_handshaking": {
            "avg": 0,
            "min": 0,
            "med": 0,
            "max": 0,
            "p(90)": 0,
            "p(95)": 0
        },
        "iterations": {
            "count": 30001,
            "rate": 2999.872609656188
        },
        "vus_max": {
            "min": 1000,
            "max": 1000,
            "value": 1000
        },
        "http_req_connecting": {
            "avg": 0.3539596680110836,
            "min": 0.035,
            "med": 0.05,
            "max": 63.397,
            "p(90)": 0.101,
            "p(95)": 0.15
        },
        "status_503": {
            "count": 145,
            "rate": 14.498900983305466
        },
        "http_req_waiting": {
            "min": 0,
            "med": 0.034,
            "max": 64.303,
            "p(90)": 0.077,
            "p(95)": 0.148,
            "avg": 0.08991490283657129
        },
        "http_req_duration": {
            "p(95)": 0.228,
            "avg": 0.12728195726808592,
            "min": 0,
            "med": 0.058,
            "max": 64.487,
            "p(90)": 0.106
        },
        "http_req_duration{expected_response:true}": {
            "max": 64.487,
            "p(90)": 0.103,
            "p(95)": 0.186,
            "avg": 0.12408878065165743,
            "min": 0.038,
            "med": 0.058
        },
        "http_req_sending": {
            "p(95)": 0.03,
            "avg": 0.018557048098397047,
            "min": 0,
            "med": 0.01,
            "max": 48.732,
            "p(90)": 0.015
        },
        "vus": {
            "value": 1,
            "min": 1,
            "max": 1
        },
        "success_duration": {
            "med": 0.058,
            "max": 64.487,
            "p(90)": 0.103,
            "p(95)": 0.186,
            "avg": 0.12408878065165743,
            "min": 0.038
        },
        "checks": {
            "passes": 29915,
            "fails": 86,
            "value": 0.9971334288857038
        },
        "data_sent": {
            "count": 5408501,
            "rate": 540809.1066697144
        },
        "iteration_duration": {
            "p(95)": 0.599417,
            "avg": 0.5390823713876247,
            "min": 0.111166,
            "med": 0.154541,
            "max": 66.374333,
            "p(90)": 0.258042
        },
        "http_reqs": {
            "count": 30001,
            "rate": 2999.872609656188
        },
        "http_req_receiving": {
            "avg": 0.018810006333121826,
            "min": 0,
            "med": 0.011,
            "max": 1.269,
            "p(90)": 0.022,
            "p(95)": 0.036
        },
        "http_req_blocked": {
            "min": 0.046,
            "med": 0.063,
            "max": 64.823,
            "p(90)": 0.115,
            "p(95)": 0.191,
            "avg": 0.3707818739375523
        }
    }
}