{
    "root_group": {
        "id": "d41d8cd98f00b204e9800998ecf8427e",
        "groups": {},
        "checks": {
                "seed status is 200": {
                    "id": "2ac229dc72417ad76e9d2b75969e5805",
                    "passes": 5000,
                    "fails": 0,
                    "name": "seed status is 200",
                    "path": "::seed status is 200"
                }
            },
        "name": "",
        "path": ""
    },
    "metrics": {
        "http_req_tls_handshaking": {
            "avg": 0,
            "min": 0,
            "med": 0,
            "max": 0,
            "p(90)": 0,
            "p(95)": 0
        },
        "http_req_duration": {
            "p(95)": 0.13404999999999978,
            "avg": 0.06813640000000001,
            "min": 0.031,
            "med": 0.057,
            "max": 0.996,
            "p(90)": 0.098
        },
        "http_req_failed": {
            "passes": 0,
            "fails": 5000,
            "thresholds": {
                "rate==0": false
            },
            "value": 0
        },
        "http_req_blocked": {
            "avg": 0.06787579999999999,
            "min": 0.039,
            "med": 0.058,
            "max": 0.971,
            "p(90)": 0.095,
            "p(95)": 0.11604999999999978
        },
        "iterations": {
            "count": 5000,
            "rate": 12297.43057485569
        },
        "http_req_connecting": {
            "min": 0.03,
            "med": 0.048,
            "max": 0.964,
            "p(90)": 0.081,
            "p(95)": 0.094,
            "avg": 0.0563775999999999
        },
        "http_req_sending": {
            "avg": 0.009262000000000195,
            "min": 0.003,
            "med": 0.006,
            "max": 0.31,
            "p(90)": 0.013,
            "p(95)": 0.021
        },
        "data_received": {
            "count": 755000,
            "rate": 1856912.0168032092
        },
        "http_reqs": {
            "count": 5000,
            "rate": 12297.43057485569
        },
        "http_req_duration{expected_response:true}": {
            "max": 0.996,
            "p(90)": 0.098,
            "p(95)": 0.13404999999999978,
            "avg": 0.06813640000000001,
            "min": 0.031,
            "med": 0.057
        },
        "http_req_waiting": {
            "avg": 0.04562319999999981,
            "min": 0.017,
            "med": 0.039,
            "max": 0.527,
            "p(90)": 0.067,
            "p(95)": 0.084
        },
        "iteration_duration": {
            "med": 0.138354,
            "max": 1.070083,
            "p(90)": 0.2200461,
            "p(95)": 0.29001634999999976,
            "avg": 0.16013516200000014,
            "min": 0.097875
        },
        "http_req_receiving": {
            "min": 0.004,
            "med": 0.009,
            "max": 0.941,
            "p(90)": 0.02,
            "p(95)": 0.032,
            "avg": 0.013251200000000227
        },
        "data_sent": {
            "count": 1007780,
            "rate": 2478620.9169456135
        },
        "checks": {
            "passes": 5000,
            "fails": 0,
            "value": 1
        }
    }
}