{
    "root_group": {
        "name": "",
        "path": "",
        "id": "d41d8cd98f00b204e9800998ecf8427e",
        "groups": {},
        "checks": {
                "status is 200 or 503": {
                    "passes": 29992,
                    "fails": 9,
                    "name": "status is 200 or 503",
                    "path": "::status is 200 or 503",
                    "id": "9158419957bbc07d723ad901a3da8b58"
                }
            }
    },
    "metrics": {
        "vus": {
            "value": 0,
            "min": 0,
            "max": 1
        },
        "http_req_connecting": {
            "min": 0.035,
            "med": 0.051,
            "max": 78.735,
            "p(90)": 0.103,
            "p(95)": 0.178,
            "avg": 0.34424499183362256
        },
        "http_req_blocked": {
            "p(90)": 0.117,
            "p(95)": 0.213,
            "avg": 0.3624188860371494,
            "min": 0.045,
            "med": 0.063,
            "max": 78.749
        },
        "http_reqs": {
            "count": 30001,
            "rate": 2999.8447132149054
        },
        "http_req_duration": {
            "p(95)": 0.44,
            "avg": 0.14243388553714229,
            "min": 0.009,
            "med": 0.059,
            "max": 38.935,
            "p(90)": 0.112
        },
        "http_req_sending": {
            "avg": 0.017979634012200173,
            "min": 0,
            "med": 0.01,
            "max": 2.574,
            "p(90)": 0.016,
            "p(95)": 0.03
        },
        "iterations": {
            "count": 30001,
            "rate": 2999.8447132149054
        },
        "data_sent": {
            "count": 5422767,
            "rate": 542230.5561796691
        },
        "data_received": {
            "count": 5169093,
            "rate": 516865.31476171373
        },
        "http_req_duration{expected_response:true}": {
            "avg": 0.14108871909511886,
            "min": 0.037,
            "med": 0.059,
            "max": 38.935,
            "p(90)": 0.111,
            "p(95)": 0.423
        },
        "success_duration": {
            "max": 38.935,
            "p(90)": 0.111,
            "p(95)": 0.423,
            "avg": 0.14108871909511886,
            "min": 0.037,
            "med": 0.059
        },
        "vus_max": {
            "max": 1000,
            "value": 1000,
            "min": 1000
        },
        "iteration_duration": {
            "p(90)": 0.264084,
            "p(95)": 0.882042,
            "avg": 0.5455067730408976,
            "min": 0.10825,
            "med": 0.154833,
            "max": 78.844667
        },
        "http_req_waiting": {
            "avg": 0.10512032932235588,
            "min": 0,
            "med": 0.034,
            "max": 38.868,
            "p(90)": 0.083,
            "p(95)": 0.294
        },
        "http_req_receiving": {
            "avg": 0.01933392220259303,
            "min": 0.005,
            "med": 0.01,
            "max": 11.455,
            "p(90)": 0.022,
            "p(95)": 0.038
        },
        "checks": {
            "passes": 29992,
            "fails": 9,
            "value": 0.9997000099996667
        },
        "http_req_failed": {
            "passes": 30,
            "fails": 29971,
            "value": 0.0009999666677777408
        },
        "status_503": {
            "count": 21,
            "rate": 2.099821305206927
        },
        "http_req_tls_handshaking": {
            "med": 0,
            "max": 0,
            "p(90)": 0,
            "p(95)": 0,
            "avg": 0,
            "min": 0
        }
    }
}