{
    "root_group": {
        "name": "",
        "path": "",
        "id": "d41d8cd98f00b204e9800998ecf8427e",
        "groups": {},
        "checks": {
                "seed status is 200": {
                    "fails": 0,
                    "name": "seed status is 200",
                    "path": "::seed status is 200",
                    "id": "2ac229dc72417ad76e9d2b75969e5805",
                    "passes": 5000
                }
            }
    },
    "metrics": {
        "http_req_tls_handshaking": {
            "p(95)": 0,
            "avg": 0,
            "min": 0,
            "med": 0,
            "max": 0,
            "p(90)": 0
        },
        "http_req_blocked": {
            "avg": 0.06525979999999998,
            "min": 0.036,
            "med": 0.057,
            "max": 0.448,
            "p(90)": 0.092,
            "p(95)": 0.11
        },
        "data_sent": {
            "count": 1007780,
            "rate": 2639418.153627766
        },
        "http_reqs": {
            "count": 5000,
            "rate": 13095.210034073736
        },
        "http_req_duration{expected_response:true}": {
            "med": 0.054,
            "max": 0.706,
            "p(90)": 0.085,
            "p(95)": 0.105,
            "avg": 0.06264460000000006,
            "min": 0.033
        },
        "checks": {
            "fails": 0,
            "passes": 5000,
            "value": 1
        },
        "http_req_duration": {
            "max": 0.706,
            "p(90)": 0.085,
            "p(95)": 0.105,
            "avg": 0.06264460000000006,
            "min": 0.033,
            "med": 0.054
        },
        "http_req_failed": {
            "passes": 0,
            "fails": 5000,
            "thresholds": {
                "rate==0": false
            },
            "value": 0
        },
        "http_req_receiving": {
            "p(90)": 0.018,
            "p(95)": 0.024,
            "avg": 0.011727800000000196,
            "min": 0.004,
            "med": 0.009,
            "max": 0.374
        },
        "http_req_sending": {
            "p(95)": 0.016,
            "avg": 0.008425800000000164,
            "min": 0.003,
            "med": 0.006,
            "max": 0.247,
            "p(90)": 0.011
        },
        "http_req_waiting": {
            "med": 0.037,
            "max": 0.61,
            "p(90)": 0.062,
            "p(95)": 0.076,
            "avg": 0.04249099999999993,
            "min": 0.02
        },
        "iteration_duration": {
            "avg": 0.15045696640000022,
            "min": 0.094416,
            "med": 0.134042,
            "max": 0.819667,
            "p(90)": 0.1937962,
            "p(95)": 0.25479615
        },
        "iterations": {
            "count": 5000,
            "rate": 13095.210034073736
        },
        "data_received": {
            "count": 755000,
            "rate": 1977376.7151451341
        },
        "http_req_connecting": {
            "avg": 0.05456320000000006,
            "min": 0.03,
            "med": 0.047,
            "max": 0.342,
            "p(90)": 0.08,
            "p(95)": 0.093
        }
    }
}