{
    "metrics": {
        "data_received": {
            "count": 4789503,
            "rate": 478145.4855187748
        },
        "iteration_duration": {
            "p(90)": 18.005667,
            "p(95)": 19.60925,
            "avg": 11.327240358154674,
            "min": 0.089,
            "med": 17.062791,
            "max": 57.004042
        },
        "vus": {
            "value": 32,
            "min": 32,
            "max": 44
        },
        "http_req_tls_handshaking": {
            "p(95)": 0,
            "avg": 0,
            "min": 0,
            "med": 0,
            "max": 0,
            "p(90)": 0
        },
        "status_503": {
            "count": 8879,
            "rate": 886.4079980576693
        },
        "http_reqs": {
            "rate": 2995.0587171672637,
            "count": 30001
        },
        "data_sent": {
            "rate": 453336.6437612211,
            "count": 4540997
        },
        "http_req_duration": {
            "avg": 10.99791736942096,
            "min": 0,
            "med": 16.932,
            "max": 55.212,
            "p(90)": 17.744,
            "p(95)": 19.051
        },
        "http_req_blocked": {
            "p(95)": 0.498,
            "avg": 0.2621239625345834,
            "min": 0.043,
            "med": 0.08,
            "max": 54.678,
            "p(90)": 0.217
        },
        "http_req_waiting": {
            "min": 0,
            "med": 16.891,
            "max": 55.143,
            "p(90)": 17.678,
            "p(95)": 18.912,
            "avg": 10.92535625479141
        },
        "checks": {
            "passes": 27338,
            "fails": 2663,
            "value": 0.9112362921235959
        },
        "http_req_failed": {
            "passes": 11542,
            "fails": 18459,
            "value": 0.3847205093163561
        },
        "iterations": {
            "count": 30001,
            "rate": 2995.0587171672637
        },
        "http_req_sending": {
            "avg": 0.0317120762641213,
            "min": 0,
            "med": 0.013,
            "max": 10.604,
            "p(90)": 0.048,
            "p(95)": 0.077
        },
        "http_req_duration{expected_response:true}": {
            "avg": 17.7521327807573,
            "min": 1.03,
            "med": 17.116,
            "max": 55.212,
            "p(90)": 18.5052,
            "p(95)": 20.6821
        },
        "success_duration": {
            "p(95)": 20.6821,
            "avg": 17.7521327807573,
            "min": 1.03,
            "med": 17.116,
            "max": 55.212,
            "p(90)": 18.5052
        },
        "http_req_receiving": {
            "avg": 0.040849038365383235,
            "min": 0,
            "med": 0.015,
            "max": 15.26,
            "p(90)": 0.057,
            "p(95)": 0.092
        },
        "vus_max": {
            "value": 1000,
            "min": 1000,
            "max": 1000
        },
        "http_req_connecting": {
            "p(95)": 0.416,
            "avg": 0.23221345955134287,
            "min": 0.031,
            "med": 0.063,
            "max": 54.666,
            "p(90)": 0.159
        }
    },
    "root_group": {
        "name": "",
        "path": "",
        "id": "d41d8cd98f00b204e9800998ecf8427e",
        "groups": {},
        "checks": {
                "status is 200 or 503": {
                    "fails": 2663,
                    "name": "status is 200 or 503",
                    "path": "::status is 200 or 503",
                    "id": "9158419957bbc07d723ad901a3da8b58",
                    "passes": 27338
                }
            }
    }
}