{
    "metrics": {
        "http_reqs": {
            "count": 50000,
            "rate": 4999.624528197933
        },
        "success_duration": {
            "p(90)": 0.338,
            "p(95)": 1.5391999999999977,
            "avg": 0.46941530120728503,
            "min": 0.135,
            "med": 0.155,
            "max": 91.628
        },
        "http_req_duration{expected_response:true}": {
            "p(95)": 1.5391999999999977,
            "avg": 0.46941530120728503,
            "min": 0.135,
            "med": 0.155,
            "max": 91.628,
            "p(90)": 0.338
        },
        "http_req_receiving": {
            "avg": 0.04314198000001144,
            "min": 0,
            "med": 0.009,
            "max": 67.7,
            "p(90)": 0.033,
            "p(95)": 0.085
        },
        "data_received": {
            "count": 8395035,
            "rate": 839440.4580216026
        },
        "http_req_failed": {
            "passes": 383,
            "fails": 49617,
            "value": 0.00766
        },
        "http_req_waiting": {
            "p(95)": 1.229049999999998,
            "avg": 0.37632268000002617,
            "min": 0,
            "med": 0.134,
            "max": 90.715,
            "p(90)": 0.259
        },
        "iteration_duration": {
            "min": 0.1555,
            "med": 0.249041,
            "max": 129.961292,
            "p(90)": 0.6716122000000003,
            "p(95)": 3.1894100999999964,
            "avg": 1.26667878860001
        },
        "status_503": {
            "count": 275,
            "rate": 27.49793490508863
        },
        "vus_max": {
            "value": 1000,
            "min": 1000,
            "max": 1000
        },
        "http_req_tls_handshaking": {
            "p(90)": 0,
            "p(95)": 0,
            "avg": 0,
            "min": 0,
            "med": 0,
            "max": 0
        },
        "http_req_duration": {
            "min": 0,
            "med": 0.155,
            "max": 91.628,
            "p(90)": 0.352,
            "p(95)": 1.59,
            "avg": 0.4724126600000368
        },
        "iterations": {
            "count": 50000,
            "rate": 4999.624528197933
        },
        "vus": {
            "max": 2,
            "value": 1,
            "min": 1
        },
        "data_sent": {
            "count": 9197917,
            "rate": 919722.6288305749
        },
        "checks": {
            "passes": 49892,
            "fails": 108,
            "value": 0.99784
        },
        "http_req_blocked": {
            "p(95)": 0.558,
            "avg": 0.7436002200000082,
            "min": 0.04,
            "med": 0.059,
            "max": 127.037,
            "p(90)": 0.14
        },
        "http_req_connecting": {
            "min": 0.031,
            "med": 0.047,
            "max": 96.985,
            "p(90)": 0.102,
            "p(95)": 0.41904999999999776,
            "avg": 0.7016380000000566
        },
        "http_req_sending": {
            "max": 48.483,
            "p(90)": 0.024,
            "p(95)": 0.078,
            "avg": 0.052948000000006934,
            "min": 0,
            "med": 0.01
        }
    },
    "root_group": {
        "path": "",
        "id": "d41d8cd98f00b204e9800998ecf8427e",
        "groups": {},
        "checks": {
                "status is 200 or 503": {
                    "path": "::status is 200 or 503",
                    "id": "9158419957bbc07d723ad901a3da8b58",
                    "passes": 49892,
                    "fails": 108,
                    "name": "status is 200 or 503"
                }
            },
        "name": ""
    }
}