{
    "metrics": {
        "data_sent": {
            "count": 5416912,
            "rate": 541656.696468435
        },
        "iteration_duration": {
            "min": 0.205917,
            "med": 0.254583,
            "max": 47.021209,
            "p(90)": 0.3312961,
            "p(95)": 0.7643937499999995,
            "avg": 0.4825329779333328
        },
        "http_req_connecting": {
            "avg": 0.16114139999999189,
            "min": 0.033,
            "med": 0.048,
            "max": 31.48,
            "p(90)": 0.072,
            "p(95)": 0.12704999999999866
        },
        "http_req_sending": {
            "p(90)": 0.016,
            "p(95)": 0.031,
            "avg": 0.020184666666666115,
            "min": 0,
            "med": 0.01,
            "max": 20.839
        },
        "http_req_failed": {
            "passes": 83,
            "fails": 29917,
            "value": 0.002766666666666667
        },
        "data_received": {
            "rate": 516603.69234479766,
            "count": 5166366
        },
        "checks": {
            "passes": 29964,
            "fails": 36,
            "value": 0.9988
        },
        "http_req_duration{expected_response:true}": {
            "avg": 0.25866781428619584,
            "min": 0.135,
            "med": 0.16,
            "max": 33.385,
            "p(90)": 0.191,
            "p(95)": 0.41919999999999863
        },
        "iterations": {
            "count": 30000,
            "rate": 2999.8089121722946
        },
        "vus": {
            "value": 1,
            "min": 1,
            "max": 8
        },
        "vus_max": {
            "value": 1000,
            "min": 1000,
            "max": 1000
        },
        "status_503": {
            "count": 47,
            "rate": 4.699700629069929
        },
        "http_req_duration": {
            "med": 0.16,
            "max": 33.385,
            "p(90)": 0.192,
            "p(95)": 0.433,
            "avg": 0.2592959666666709,
            "min": 0.006
        },
        "http_req_waiting": {
            "avg": 0.2153058333333393,
            "min": 0,
            "med": 0.135,
            "max": 20.222,
            "p(90)": 0.157,
            "p(95)": 0.333
        },
        "http_req_receiving": {
            "min": 0.005,
            "med": 0.014,
            "max": 2.825,
            "p(90)": 0.022,
            "p(95)": 0.04,
            "avg": 0.023805466666666705
        },
        "http_reqs": {
            "count": 30000,
            "rate": 2999.8089121722946
        },
        "success_duration": {
            "min": 0.135,
            "med": 0.16,
            "max": 33.385,
            "p(90)": 0.191,
            "p(95)": 0.41919999999999863,
            "avg": 0.25866781428619584
        },
        "http_req_tls_handshaking": {
            "avg": 0,
            "min": 0,
            "med": 0,
            "max": 0,
            "p(90)": 0,
            "p(95)": 0
        },
        "http_req_blocked": {
            "med": 0.061,
            "max": 41.213,
            "p(90)": 0.09,
            "p(95)": 0.173,
            "avg": 0.18185653333333235,
            "min": 0.042
        }
    },
    "root_group": {
        "id": "d41d8cd98f00b204e9800998ecf8427e",
        "groups": {},
        "checks": {
                "status is 200 or 503": {
                    "path": "::status is 200 or 503",
                    "id": "9158419957bbc07d723ad901a3da8b58",
                    "passes": 29964,
                    "fails": 36,
                    "name": "status is 200 or 503"
                }
            },
        "name": "",
        "path": ""
    }
}