{
    "metrics": {
        "http_req_duration{expected_response:true}": {
            "p(95)": 0.192,
            "avg": 0.16870679999999977,
            "min": 0.134,
            "med": 0.152,
            "max": 22.877,
            "p(90)": 0.173
        },
        "http_req_sending": {
            "min": 0.003,
            "med": 0.007,
            "max": 0.286,
            "p(90)": 0.011,
            "p(95)": 0.014,
            "avg": 0.008615000000000185
        },
        "checks": {
            "passes": 5000,
            "fails": 0,
            "value": 1
        },
        "data_sent": {
            "count": 1007780,
            "rate": 1595603.5326267658
        },
        "http_req_failed": {
            "passes": 0,
            "fails": 5000,
            "thresholds": {
                "rate==0": false
            },
            "value": 0
        },
        "http_req_duration": {
            "avg": 0.16870679999999977,
            "min": 0.134,
            "med": 0.152,
            "max": 22.877,
            "p(90)": 0.173,
            "p(95)": 0.192
        },
        "http_req_blocked": {
            "max": 0.921,
            "p(90)": 0.075,
            "p(95)": 0.089,
            "avg": 0.05886000000000018,
            "min": 0.039,
            "med": 0.052
        },
        "http_req_waiting": {
            "p(90)": 0.151,
            "p(95)": 0.164,
            "avg": 0.14890719999999716,
            "min": 0.12,
            "med": 0.134,
            "max": 22.848
        },
        "http_req_receiving": {
            "max": 0.186,
            "p(90)": 0.01510000000000011,
            "p(95)": 0.019,
            "avg": 0.011184600000000246,
            "min": 0.004,
            "med": 0.009
        },
        "data_received": {
            "count": 755000,
            "rate": 1195380.6060183852
        },
        "iterations": {
            "count": 5000,
            "rate": 7916.427854426392
        },
        "http_req_connecting": {
            "min": 0.029,
            "med": 0.041,
            "max": 0.911,
            "p(90)": 0.062,
            "p(95)": 0.075,
            "avg": 0.04756760000000001
        },
        "http_req_tls_handshaking": {
            "p(90)": 0,
            "p(95)": 0,
            "avg": 0,
            "min": 0,
            "med": 0,
            "max": 0
        },
        "http_reqs": {
            "count": 5000,
            "rate": 7916.427854426392
        },
        "iteration_duration": {
            "p(95)": 0.32029999999999975,
            "avg": 0.2503715834000002,
            "min": 0.192166,
            "med": 0.2260415,
            "max": 22.957084,
            "p(90)": 0.266833
        }
    },
    "root_group": {
        "name": "",
        "path": "",
        "id": "d41d8cd98f00b204e9800998ecf8427e",
        "groups": {},
        "checks": {
                "seed status is 200": {
                    "fails": 0,
                    "name": "seed status is 200",
                    "path": "::seed status is 200",
                    "id": "2ac229dc72417ad76e9d2b75969e5805",
                    "passes": 5000
                }
            }
    }
}