{
    "metrics": {
        "status_503": {
            "count": 556,
            "rate": 55.595380023920015
        },
        "http_req_duration{expected_response:true}": {
            "max": 60.543,
            "p(90)": 0.647,
            "p(95)": 2.02,
            "avg": 0.6895089766789474,
            "min": 0.289,
            "med": 0.31
        },
        "http_req_duration": {
            "avg": 0.6963557728845563,
            "min": 0,
            "med": 0.31,
            "max": 60.543,
            "p(90)": 0.696,
            "p(95)": 2.176
        },
        "http_req_blocked": {
            "avg": 0.8543073138537659,
            "min": 0.043,
            "med": 0.064,
            "max": 130.7,
            "p(90)": 0.178,
            "p(95)": 0.542
        },
        "http_req_tls_handshaking": {
            "avg": 0,
            "min": 0,
            "med": 0,
            "max": 0,
            "p(90)": 0,
            "p(95)": 0
        },
        "vus": {
            "min": 2,
            "max": 2,
            "value": 2
        },
        "http_req_sending": {
            "avg": 0.053035219295633845,
            "min": 0,
            "med": 0.011,
            "max": 29.809,
            "p(90)": 0.032,
            "p(95)": 0.089
        },
        "checks": {
            "passes": 49739,
            "fails": 262,
            "value": 0.994760104797904
        },
        "http_req_waiting": {
            "med": 0.286,
            "max": 60.251,
            "p(90)": 0.576,
            "p(95)": 1.796,
            "avg": 0.5998259634806045,
            "min": 0
        },
        "success_duration": {
            "avg": 0.6895089766789474,
            "min": 0.289,
            "med": 0.31,
            "max": 60.543,
            "p(90)": 0.647,
            "p(95)": 2.02
        },
        "http_req_connecting": {
            "avg": 0.8126805263893973,
            "min": 0.034,
            "med": 0.05,
            "max": 130.655,
            "p(90)": 0.132,
            "p(95)": 0.435
        },
        "data_sent": {
            "count": 9160833,
            "rate": 916007.1798033584
        },
        "http_req_receiving": {
            "p(95)": 0.095,
            "avg": 0.043494590108195945,
            "min": 0,
            "med": 0.011,
            "max": 24.097,
            "p(90)": 0.045
        },
        "http_req_failed": {
            "passes": 818,
            "fails": 49183,
            "value": 0.01635967280654387
        },
        "iteration_duration": {
            "max": 132.378833,
            "p(90)": 1.154083,
            "p(95)": 4.284875,
            "avg": 1.624996317473645,
            "min": 0.281417,
            "med": 0.412167
        },
        "data_received": {
            "rate": 837606.5948919645,
            "count": 8376762
        },
        "iterations": {
            "count": 50001,
            "rate": 4999.684526215871
        },
        "http_reqs": {
            "rate": 4999.684526215871,
            "count": 50001
        },
        "vus_max": {
            "min": 1000,
            "max": 1000,
            "value": 1000
        }
    },
    "root_group": {
        "groups": {},
        "checks": {
                "status is 200 or 503": {
                    "name": "status is 200 or 503",
                    "path": "::status is 200 or 503",
                    "id": "9158419957bbc07d723ad901a3da8b58",
                    "passes": 49739,
                    "fails": 262
                }
            },
        "name": "",
        "path": "",
        "id": "d41d8cd98f00b204e9800998ecf8427e"
    }
}