{
    "root_group": {
        "groups": {},
        "checks": {
                "status is 200 or 503": {
                    "fails": 147,
                    "name": "status is 200 or 503",
                    "path": "::status is 200 or 503",
                    "id": "9158419957bbc07d723ad901a3da8b58",
                    "passes": 49854
                }
            },
        "name": "",
        "path": "",
        "id": "d41d8cd98f00b204e9800998ecf8427e"
    },
    "metrics": {
        "http_req_waiting": {
            "avg": 0.5233311533768626,
            "min": 0,
            "med": 0.286,
            "max": 46.423,
            "p(90)": 0.449,
            "p(95)": 1.41
        },
        "http_req_duration{expected_response:true}": {
            "avg": 0.5783814249980048,
            "min": 0.289,
            "med": 0.311,
            "max": 46.556,
            "p(90)": 0.539,
            "p(95)": 1.5974499999999978
        },
        "http_req_failed": {
            "passes": 429,
            "fails": 49572,
            "value": 0.008579828403431931
        },
        "iteration_duration": {
            "avg": 0.9525090914581613,
            "min": 0.192333,
            "med": 0.4125,
            "max": 49.197292,
            "p(90)": 0.907166,
            "p(95)": 2.531167
        },
        "status_503": {
            "count": 282,
            "rate": 28.19635139212986
        },
        "vus": {
            "value": 2,
            "min": 1,
            "max": 4
        },
        "success_duration": {
            "avg": 0.5783814249980048,
            "min": 0.289,
            "med": 0.311,
            "max": 46.556,
            "p(90)": 0.539,
            "p(95)": 1.5974499999999978
        },
        "http_req_connecting": {
            "avg": 0.29715965680688167,
            "min": 0.036,
            "med": 0.05,
            "max": 46.148,
            "p(90)": 0.109,
            "p(95)": 0.243
        },
        "http_req_duration": {
            "min": 0,
            "med": 0.311,
            "max": 46.556,
            "p(90)": 0.562,
            "p(95)": 1.652,
            "avg": 0.5797246055079115
        },
        "data_sent": {
            "count": 9205300,
            "rate": 920410.8988296915
        },
        "http_req_receiving": {
            "avg": 0.027929241415169486,
            "min": 0,
            "med": 0.011,
            "max": 12.901,
            "p(90)": 0.043,
            "p(95)": 0.072
        },
        "data_received": {
            "count": 8388719,
            "rate": 838763.3640206958
        },
        "vus_max": {
            "value": 1000,
            "min": 1000,
            "max": 1000
        },
        "http_reqs": {
            "count": 50001,
            "rate": 4999.453070772643
        },
        "checks": {
            "passes": 49854,
            "fails": 147,
            "value": 0.997060058798824
        },
        "http_req_tls_handshaking": {
            "avg": 0,
            "min": 0,
            "med": 0,
            "max": 0,
            "p(90)": 0,
            "p(95)": 0
        },
        "http_req_blocked": {
            "p(95)": 0.317,
            "avg": 0.3215479090418231,
            "min": 0.044,
            "med": 0.063,
            "max": 46.163,
            "p(90)": 0.151
        },
        "http_req_sending": {
            "p(95)": 0.068,
            "avg": 0.028464210715775543,
            "min": 0,
            "med": 0.011,
            "max": 8.781,
            "p(90)": 0.029
        },
        "iterations": {
            "count": 50001,
            "rate": 4999.453070772643
        }
    }
}