{
    "metrics": {
        "http_req_tls_handshaking": {
            "max": 0,
            "p(90)": 0,
            "p(95)": 0,
            "avg": 0,
            "min": 0,
            "med": 0
        },
        "http_req_connecting": {
            "p(95)": 0.611,
            "avg": 0.39475631999999833,
            "min": 0.034,
            "med": 0.05,
            "max": 89.178,
            "p(90)": 0.151
        },
        "vus": {
            "value": 1,
            "min": 1,
            "max": 2
        },
        "http_req_sending": {
            "max": 100.308,
            "p(90)": 0.035,
            "p(95)": 0.132,
            "avg": 0.07471754000003338,
            "min": 0,
            "med": 0.01
        },
        "http_req_waiting": {
            "avg": 0.5038267999998536,
            "min": 0,
            "med": 0.034,
            "max": 105.703,
            "p(90)": 0.3611000000000011,
            "p(95)": 1.836049999999998
        },
        "data_received": {
            "count": 8383126,
            "rate": 837969.5352722595
        },
        "http_req_duration{expected_response:true}": {
            "avg": 0.6354036645066664,
            "min": 0.035,
            "med": 0.058,
            "max": 135.974,
            "p(90)": 0.467,
            "p(95)": 2.455
        },
        "data_sent": {
            "count": 9142025,
            "rate": 913828.3786617758
        },
        "vus_max": {
            "value": 1000,
            "min": 1000,
            "max": 1000
        },
        "success_duration": {
            "min": 0.035,
            "med": 0.058,
            "max": 135.974,
            "p(90)": 0.467,
            "p(95)": 2.455,
            "avg": 0.6354036645066664
        },
        "iterations": {
            "count": 50000,
            "rate": 4997.953837698846
        },
        "http_req_duration": {
            "avg": 0.6374454399999794,
            "min": 0,
            "med": 0.058,
            "max": 135.974,
            "p(90)": 0.5162000000000022,
            "p(95)": 2.5690999999999957
        },
        "http_req_blocked": {
            "avg": 0.467745600000079,
            "min": 0.043,
            "med": 0.062,
            "max": 132.711,
            "p(90)": 0.206,
            "p(95)": 0.768
        },
        "http_req_receiving": {
            "avg": 0.058901100000007964,
            "min": 0,
            "med": 0.011,
            "max": 21.833,
            "p(90)": 0.042,
            "p(95)": 0.119
        },
        "http_req_failed": {
            "passes": 771,
            "fails": 49229,
            "value": 0.01542
        },
        "checks": {
            "passes": 49822,
            "fails": 178,
            "value": 0.99644
        },
        "http_reqs": {
            "count": 50000,
            "rate": 4997.953837698846
        },
        "iteration_duration": {
            "p(95)": 4.857127099999994,
            "avg": 1.1742923131399967,
            "min": 0.107167,
            "med": 0.156334,
            "max": 139.543125,
            "p(90)": 1.2660878000000004
        },
        "status_503": {
            "count": 593,
            "rate": 59.27573251510832
        }
    },
    "root_group": {
        "checks": {
            "status is 200 or 503": {
                "name": "status is 200 or 503",
                "path": "::status is 200 or 503",
                "id": "9158419957bbc07d723ad901a3da8b58",
                "passes": 49822,
                "fails": 178
            }
        },
        "name": "",
        "path": "",
        "id": "d41d8cd98f00b204e9800998ecf8427e",
        "groups": {}
    }
}