{
    "metrics": {
        "http_req_waiting": {
            "min": 0,
            "med": 0.036,
            "max": 1872.211,
            "p(90)": 0.771,
            "p(95)": 2.7482499999999948,
            "avg": 2.7936047899297485
        },
        "data_sent": {
            "count": 4107752,
            "rate": 407492.76428513037
        },
        "http_req_failed": {
            "passes": 1901,
            "fails": 22567,
            "value": 0.07769331371587379
        },
        "success_duration": {
            "avg": 3.327005671998943,
            "min": 0.036,
            "med": 0.065,
            "max": 2155.402,
            "p(90)": 1.197,
            "p(95)": 4.431
        },
        "iterations": {
            "count": 24468,
            "rate": 2427.2480316554092
        },
        "status_503": {
            "count": 1778,
            "rate": 176.3792300262922
        },
        "iteration_duration": {
            "p(90)": 40.720354400000005,
            "p(95)": 178.14483519999973,
            "avg": 28.420933529793995,
            "min": 0.115209,
            "med": 0.18597950000000002,
            "max": 2403.660916
        },
        "http_req_blocked": {
            "avg": 21.065867336929887,
            "min": 0.048,
            "med": 0.074,
            "max": 2210.648,
            "p(90)": 23.537700000000015,
            "p(95)": 151.03474999999995
        },
        "http_req_connecting": {
            "p(90)": 20.873800000000056,
            "p(95)": 145.45604999999998,
            "avg": 19.930902157920446,
            "min": 0.036,
            "med": 0.059,
            "max": 2210.585
        },
        "http_req_sending": {
            "med": 0.011,
            "max": 278.459,
            "p(90)": 0.06,
            "p(95)": 0.27364999999999895,
            "avg": 0.23544261893088594,
            "min": 0
        },
        "http_req_duration": {
            "max": 2155.402,
            "p(90)": 1.1753000000000005,
            "p(95)": 4.797449999999985,
            "avg": 3.2581799493215486,
            "min": 0,
            "med": 0.063
        },
        "http_req_duration{expected_response:true}": {
            "p(90)": 1.197,
            "p(95)": 4.431,
            "avg": 3.327005671998943,
            "min": 0.036,
            "med": 0.065,
            "max": 2155.402
        },
        "vus": {
            "value": 657,
            "min": 1,
            "max": 657
        },
        "data_received": {
            "count": 4169959,
            "rate": 413663.75571496476
        },
        "http_req_tls_handshaking": {
            "p(95)": 0,
            "avg": 0,
            "min": 0,
            "med": 0,
            "max": 0,
            "p(90)": 0
        },
        "checks": {
            "passes": 24345,
            "fails": 123,
            "value": 0.9949730259931339
        },
        "vus_max": {
            "value": 1006,
            "min": 1000,
            "max": 1006
        },
        "dropped_iterations": {
            "count": 5534,
            "rate": 548.9778734339151
        },
        "http_req_receiving": {
            "min": 0,
            "med": 0.013,
            "max": 127.382,
            "p(90)": 0.09,
            "p(95)": 0.31164999999999893,
            "avg": 0.2291325404610336
        },
        "http_reqs": {
            "count": 24468,
            "rate": 2427.2480316554092
        }
    },
    "root_group": {
        "groups": {},
        "checks": {
                "status is 200 or 503": {
                    "name": "status is 200 or 503",
                    "path": "::status is 200 or 503",
                    "id": "9158419957bbc07d723ad901a3da8b58",
                    "passes": 24345,
                    "fails": 123
                }
            },
        "name": "",
        "path": "",
        "id": "d41d8cd98f00b204e9800998ecf8427e"
    }
}