{
    "metrics": {
        "vus": {
            "value": 0,
            "min": 0,
            "max": 31
        },
        "http_req_failed": {
            "passes": 1682,
            "fails": 58319,
            "value": 0.02803286611889802
        },
        "iteration_duration": {
            "max": 92.414584,
            "p(90)": 1.115459,
            "p(95)": 3.483041,
            "avg": 1.0678698919351164,
            "min": 0.109625,
            "med": 0.184542
        },
        "status_503": {
            "count": 1096,
            "rate": 54.799188972003215
        },
        "data_sent": {
            "count": 10935240,
            "rate": 546753.908042161
        },
        "checks": {
            "passes": 59415,
            "fails": 586,
            "value": 0.9902334961083982
        },
        "http_reqs": {
            "count": 60001,
            "rate": 3000.0055999171213
        },
        "http_req_tls_handshaking": {
            "avg": 0,
            "min": 0,
            "med": 0,
            "max": 0,
            "p(90)": 0,
            "p(95)": 0
        },
        "http_req_sending": {
            "min": 0,
            "med": 0.012,
            "max": 34.234,
            "p(90)": 0.04,
            "p(95)": 0.107,
            "avg": 0.06550812486462229
        },
        "iterations": {
            "count": 60001,
            "rate": 3000.0055999171213
        },
        "http_req_duration{expected_response:true}": {
            "p(95)": 1.431199999999995,
            "avg": 0.45789843790189877,
            "min": 0.037,
            "med": 0.066,
            "max": 83.441,
            "p(90)": 0.27
        },
        "http_req_blocked": {
            "avg": 0.5041023482941996,
            "min": 0.044,
            "med": 0.074,
            "max": 91.444,
            "p(90)": 0.248,
            "p(95)": 1.015
        },
        "success_duration": {
            "min": 0.037,
            "med": 0.066,
            "max": 83.441,
            "p(90)": 0.27,
            "p(95)": 1.431199999999995,
            "avg": 0.45789843790189877
        },
        "data_received": {
            "count": 9994589,
            "rate": 499722.0541135991
        },
        "http_req_duration": {
            "p(95)": 1.668,
            "avg": 0.49042677622040987,
            "min": 0,
            "med": 0.066,
            "max": 83.441,
            "p(90)": 0.362
        },
        "http_req_connecting": {
            "max": 91.425,
            "p(90)": 0.184,
            "p(95)": 0.843,
            "avg": 0.4479591840135264,
            "min": 0.033,
            "med": 0.059
        },
        "http_req_waiting": {
            "med": 0.038,
            "max": 82.848,
            "p(90)": 0.236,
            "p(95)": 1.187,
            "avg": 0.37099156680708567,
            "min": 0
        },
        "http_req_receiving": {
            "max": 32.543,
            "p(90)": 0.048,
            "p(95)": 0.124,
            "avg": 0.053927084548608534,
            "min": 0,
            "med": 0.012
        },
        "vus_max": {
            "value": 1000,
            "min": 1000,
            "max": 1000
        }
    },
    "root_group": {
        "checks": {
            "status is 200 or 503": {
                "name": "status is 200 or 503",
                "path": "::status is 200 or 503",
                "id": "9158419957bbc07d723ad901a3da8b58",
                "passes": 59415,
                "fails": 586
            }
        },
        "name": "",
        "path": "",
        "id": "d41d8cd98f00b204e9800998ecf8427e",
        "groups": {}
    }
}