{
    "metrics": {
        "http_req_duration{expected_response:true}": {
            "med": 0.352,
            "max": 44.059,
            "p(90)": 0.411,
            "p(95)": 0.6394499999999987,
            "avg": 0.4458775242326273,
            "min": 0.287
        },
        "http_req_failed": {
            "fails": 29712,
            "passes": 288,
            "value": 0.0096
        },
        "http_req_duration": {
            "avg": 0.4528528999999939,
            "min": 0,
            "med": 0.352,
            "max": 44.059,
            "p(90)": 0.414,
            "p(95)": 0.7210499999999986
        },
        "http_req_receiving": {
            "avg": 0.022877033333331707,
            "min": 0,
            "med": 0.01,
            "max": 29.804,
            "p(90)": 0.024,
            "p(95)": 0.045
        },
        "vus": {
            "value": 9,
            "min": 1,
            "max": 9
        },
        "http_req_tls_handshaking": {
            "p(95)": 0,
            "avg": 0,
            "min": 0,
            "med": 0,
            "max": 0,
            "p(90)": 0
        },
        "http_reqs": {
            "count": 30000,
            "rate": 2998.997435157427
        },
        "http_req_connecting": {
            "min": 0.033,
            "med": 0.097,
            "max": 59.704,
            "p(90)": 0.13,
            "p(95)": 0.176,
            "avg": 0.2649934666666608
        },
        "http_req_sending": {
            "med": 0.01,
            "max": 2.305,
            "p(90)": 0.016,
            "p(95)": 0.034,
            "avg": 0.017886933333332408,
            "min": 0
        },
        "success_duration": {
            "avg": 0.4458775242326273,
            "min": 0.287,
            "med": 0.352,
            "max": 44.059,
            "p(90)": 0.411,
            "p(95)": 0.6394499999999987
        },
        "http_req_blocked": {
            "max": 59.718,
            "p(90)": 0.145,
            "p(95)": 0.216,
            "avg": 0.2811931333333288,
            "min": 0.042,
            "med": 0.108
        },
        "checks": {
            "passes": 29866,
            "fails": 134,
            "value": 0.9955333333333334
        },
        "vus_max": {
            "min": 1000,
            "max": 1000,
            "value": 1000
        },
        "data_sent": {
            "count": 5400899,
            "rate": 539909.4082848105
        },
        "http_req_waiting": {
            "avg": 0.41208893333332836,
            "min": 0,
            "med": 0.33,
            "max": 44.021,
            "p(90)": 0.386,
            "p(95)": 0.605
        },
        "status_503": {
            "count": 154,
            "rate": 15.394853500474792
        },
        "data_received": {
            "count": 5158198,
            "rate": 515647.4190678057
        },
        "iteration_duration": {
            "min": 0.316875,
            "med": 0.4975,
            "max": 60.774084,
            "p(90)": 0.5947131000000001,
            "p(95)": 1.2413871999999986,
            "avg": 0.7772396850333353
        },
        "iterations": {
            "count": 30000,
            "rate": 2998.997435157427
        }
    },
    "root_group": {
        "path": "",
        "id": "d41d8cd98f00b204e9800998ecf8427e",
        "groups": {},
        "checks": {
                "status is 200 or 503": {
                    "name": "status is 200 or 503",
                    "path": "::status is 200 or 503",
                    "id": "9158419957bbc07d723ad901a3da8b58",
                    "passes": 29866,
                    "fails": 134
                }
            },
        "name": ""
    }
}