{
    "root_group": {
        "groups": {},
        "checks": {
                "seed status is 200": {
                    "id": "2ac229dc72417ad76e9d2b75969e5805",
                    "passes": 5000,
                    "fails": 0,
                    "name": "seed status is 200",
                    "path": "::seed status is 200"
                }
            },
        "name": "",
        "path": "",
        "id": "d41d8cd98f00b204e9800998ecf8427e"
    },
    "metrics": {
        "http_req_receiving": {
            "avg": 0.012718400000000218,
            "min": 0.004,
            "med": 0.01,
            "max": 0.314,
            "p(90)": 0.018,
            "p(95)": 0.026
        },
        "iteration_duration": {
            "max": 15.664375,
            "p(90)": 0.46550420000000003,
            "p(95)": 0.509792,
            "avg": 0.4112062584000013,
            "min": 0.350959,
            "med": 0.386208
        },
        "http_req_failed": {
            "passes": 0,
            "fails": 5000,
            "thresholds": {
                "rate==0": false
            },
            "value": 0
        },
        "http_req_duration": {
            "avg": 0.31866360000000055,
            "min": 0.285,
            "med": 0.306,
            "max": 15.35,
            "p(90)": 0.343,
            "p(95)": 0.366
        },
        "http_req_connecting": {
            "p(95)": 0.101,
            "avg": 0.05794259999999999,
            "min": 0.032,
            "med": 0.046,
            "max": 15.294,
            "p(90)": 0.082
        },
        "data_sent": {
            "count": 1007780,
            "rate": 974796.7762778623
        },
        "vus": {
            "value": 2,
            "min": 2,
            "max": 2
        },
        "http_req_waiting": {
            "min": 0.271,
            "med": 0.287,
            "max": 15.308,
            "p(90)": 0.315,
            "p(95)": 0.335,
            "avg": 0.29655539999999836
        },
        "http_req_sending": {
            "med": 0.007,
            "max": 0.405,
            "p(90)": 0.012,
            "p(95)": 0.016,
            "avg": 0.009389800000000175,
            "min": 0.003
        },
        "iterations": {
            "count": 5000,
            "rate": 4836.357023744578
        },
        "http_reqs": {
            "count": 5000,
            "rate": 4836.357023744578
        },
        "checks": {
            "passes": 5000,
            "fails": 0,
            "value": 1
        },
        "http_req_tls_handshaking": {
            "p(90)": 0,
            "p(95)": 0,
            "avg": 0,
            "min": 0,
            "med": 0,
            "max": 0
        },
        "data_received": {
            "rate": 730289.9105854314,
            "count": 755000
        },
        "http_req_duration{expected_response:true}": {
            "p(90)": 0.343,
            "p(95)": 0.366,
            "avg": 0.31866360000000055,
            "min": 0.285,
            "med": 0.306,
            "max": 15.35
        },
        "http_req_blocked": {
            "avg": 0.06978959999999998,
            "min": 0.041,
            "med": 0.057,
            "max": 15.309,
            "p(90)": 0.096,
            "p(95)": 0.12
        },
        "vus_max": {
            "value": 2,
            "min": 2,
            "max": 2
        }
    }
}