{
    "metrics": {
        "checks": {
            "passes": 29963,
            "fails": 38,
            "value": 0.9987333755541482
        },
        "http_req_duration{expected_response:true}": {
            "min": 0.537,
            "med": 0.563,
            "max": 30.07,
            "p(90)": 0.6681000000000007,
            "p(95)": 1.4710999999999974,
            "avg": 0.8037559236948109
        },
        "http_req_waiting": {
            "avg": 0.7518487717075768,
            "min": 0,
            "med": 0.538,
            "max": 30.051,
            "p(90)": 0.623,
            "p(95)": 1.299
        },
        "http_req_receiving": {
            "avg": 0.0282299590013668,
            "min": 0,
            "med": 0.011,
            "max": 15.796,
            "p(90)": 0.035,
            "p(95)": 0.065
        },
        "iteration_duration": {
            "p(95)": 2.025708,
            "avg": 1.040361414786167,
            "min": 0.385959,
            "med": 0.659875,
            "max": 59.435333,
            "p(90)": 0.866375
        },
        "vus_max": {
            "value": 1000,
            "min": 1000,
            "max": 1000
        },
        "vus": {
            "value": 2,
            "min": 2,
            "max": 3
        },
        "http_req_sending": {
            "avg": 0.022062264591177622,
            "min": 0,
            "med": 0.01,
            "max": 12.931,
            "p(90)": 0.018,
            "p(95)": 0.047
        },
        "http_reqs": {
            "count": 30001,
            "rate": 2999.801819699122
        },
        "http_req_blocked": {
            "p(90)": 0.129,
            "p(95)": 0.223,
            "avg": 0.18917632745574942,
            "min": 0.044,
            "med": 0.062,
            "max": 39.863
        },
        "data_received": {
            "count": 5165908,
            "rate": 516539.45597807574
        },
        "status_503": {
            "count": 83,
            "rate": 8.299175061998836
        },
        "http_req_connecting": {
            "med": 0.049,
            "max": 36.545,
            "p(90)": 0.111,
            "p(95)": 0.174,
            "avg": 0.1644622845905027,
            "min": 0.034
        },
        "success_duration": {
            "p(95)": 1.4710999999999974,
            "avg": 0.8037559236948109,
            "min": 0.537,
            "med": 0.563,
            "max": 30.07,
            "p(90)": 0.6681000000000007
        },
        "iterations": {
            "count": 30001,
            "rate": 2999.801819699122
        },
        "http_req_failed": {
            "passes": 121,
            "fails": 29880,
            "value": 0.004033198893370221
        },
        "http_req_duration": {
            "max": 30.07,
            "p(90)": 0.669,
            "p(95)": 1.476,
            "avg": 0.8021409953001877,
            "min": 0,
            "med": 0.563
        },
        "http_req_tls_handshaking": {
            "avg": 0,
            "min": 0,
            "med": 0,
            "max": 0,
            "p(90)": 0,
            "p(95)": 0
        },
        "data_sent": {
            "count": 5411397,
            "rate": 541085.9160599436
        }
    },
    "root_group": {
        "name": "",
        "path": "",
        "id": "d41d8cd98f00b204e9800998ecf8427e",
        "groups": {},
        "checks": {
                "status is 200 or 503": {
                    "id": "9158419957bbc07d723ad901a3da8b58",
                    "passes": 29963,
                    "fails": 38,
                    "name": "status is 200 or 503",
                    "path": "::status is 200 or 503"
                }
            }
    }
}