{
    "root_group": {
        "checks": {
            "seed status is 200": {
                "name": "seed status is 200",
                "path": "::seed status is 200",
                "id": "2ac229dc72417ad76e9d2b75969e5805",
                "passes": 5000,
                "fails": 0
            }
        },
        "name": "",
        "path": "",
        "id": "d41d8cd98f00b204e9800998ecf8427e",
        "groups": {}
    },
    "metrics": {
        "checks": {
            "passes": 5000,
            "fails": 0,
            "value": 1
        },
        "http_req_blocked": {
            "min": 0.055,
            "med": 0.116,
            "max": 31.384,
            "p(90)": 0.16,
            "p(95)": 0.176,
            "avg": 0.13535259999999977
        },
        "http_req_waiting": {
            "min": 0.531,
            "med": 0.587,
            "max": 16.108,
            "p(90)": 0.623,
            "p(95)": 0.642,
            "avg": 0.5989602000000007
        },
        "iterations": {
            "count": 5000,
            "rate": 2561.1998709155264
        },
        "vus_max": {
            "value": 2,
            "min": 2,
            "max": 2
        },
        "data_received": {
            "count": 755000,
            "rate": 386741.1805082445
        },
        "http_req_connecting": {
            "avg": 0.1249602000000004,
            "min": 0.042,
            "med": 0.106,
            "max": 31.369,
            "p(90)": 0.15,
            "p(95)": 0.163
        },
        "http_reqs": {
            "count": 5000,
            "rate": 2561.1998709155264
        },
        "http_req_duration": {
            "avg": 0.6185984000000023,
            "min": 0.55,
            "med": 0.605,
            "max": 16.153,
            "p(90)": 0.646,
            "p(95)": 0.672
        },
        "http_req_failed": {
            "passes": 0,
            "fails": 5000,
            "thresholds": {
                "rate==0": false
            },
            "value": 0
        },
        "http_req_tls_handshaking": {
            "med": 0,
            "max": 0,
            "p(90)": 0,
            "p(95)": 0,
            "avg": 0,
            "min": 0
        },
        "http_req_receiving": {
            "avg": 0.011468400000000238,
            "min": 0.004,
            "med": 0.01,
            "max": 0.262,
            "p(90)": 0.014,
            "p(95)": 0.017
        },
        "http_req_duration{expected_response:true}": {
            "avg": 0.6185984000000023,
            "min": 0.55,
            "med": 0.605,
            "max": 16.153,
            "p(90)": 0.646,
            "p(95)": 0.672
        },
        "data_sent": {
            "count": 1007780,
            "rate": 516225.2011822499
        },
        "vus": {
            "value": 2,
            "min": 2,
            "max": 2
        },
        "http_req_sending": {
            "avg": 0.008169800000000126,
            "min": 0.003,
            "med": 0.006,
            "max": 0.291,
            "p(90)": 0.011,
            "p(95)": 0.013
        },
        "iteration_duration": {
            "avg": 0.7785289339999979,
            "min": 0.6275,
            "med": 0.742542,
            "max": 32.625625,
            "p(90)": 0.8141837,
            "p(95)": 0.85763125
        }
    }
}