{
    "metrics": {
        "http_req_duration{expected_response:true}": {
            "med": 0.159,
            "max": 34.473,
            "p(90)": 0.179,
            "p(95)": 0.25,
            "avg": 0.2155817617410486,
            "min": 0.136
        },
        "http_req_sending": {
            "p(90)": 0.015,
            "p(95)": 0.023,
            "avg": 0.016452951568281214,
            "min": 0,
            "med": 0.01,
            "max": 3.289
        },
        "http_req_connecting": {
            "avg": 0.11863184560514287,
            "min": 0.035,
            "med": 0.047,
            "max": 54.988,
            "p(90)": 0.063,
            "p(95)": 0.088
        },
        "checks": {
            "passes": 29985,
            "fails": 16,
            "value": 0.9994666844438519
        },
        "http_req_tls_handshaking": {
            "med": 0,
            "max": 0,
            "p(90)": 0,
            "p(95)": 0,
            "avg": 0,
            "min": 0
        },
        "success_duration": {
            "avg": 0.2155817617410486,
            "min": 0.136,
            "med": 0.159,
            "max": 34.473,
            "p(90)": 0.179,
            "p(95)": 0.25
        },
        "http_req_blocked": {
            "p(95)": 0.11,
            "avg": 0.13338908703043043,
            "min": 0.044,
            "med": 0.059,
            "max": 54.998,
            "p(90)": 0.08
        },
        "http_req_waiting": {
            "med": 0.135,
            "max": 34.414,
            "p(90)": 0.149,
            "p(95)": 0.187,
            "avg": 0.180044098530058,
            "min": 0
        },
        "http_req_failed": {
            "passes": 42,
            "fails": 29959,
            "value": 0.001399953334888837
        },
        "iteration_duration": {
            "avg": 0.3865037262091245,
            "min": 0.207167,
            "med": 0.250792,
            "max": 55.217042,
            "p(90)": 0.297792,
            "p(95)": 0.470375
        },
        "data_received": {
            "count": 5168304,
            "rate": 516784.5095355533
        },
        "http_reqs": {
            "count": 30001,
            "rate": 2999.833614775008
        },
        "vus": {
            "max": 1,
            "value": 0,
            "min": 0
        },
        "status_503": {
            "count": 26,
            "rate": 2.5997691405003236
        },
        "http_req_receiving": {
            "min": 0.005,
            "med": 0.014,
            "max": 1.291,
            "p(90)": 0.019,
            "p(95)": 0.032,
            "avg": 0.01963024565847766
        },
        "http_req_duration": {
            "p(90)": 0.179,
            "p(95)": 0.254,
            "avg": 0.21612729575681058,
            "min": 0.007,
            "med": 0.159,
            "max": 34.473
        },
        "data_sent": {
            "count": 5420395,
            "rate": 541991.3711662404
        },
        "iterations": {
            "count": 30001,
            "rate": 2999.833614775008
        },
        "vus_max": {
            "value": 1000,
            "min": 1000,
            "max": 1000
        }
    },
    "root_group": {
        "path": "",
        "id": "d41d8cd98f00b204e9800998ecf8427e",
        "groups": {},
        "checks": {
                "status is 200 or 503": {
                    "passes": 29985,
                    "fails": 16,
                    "name": "status is 200 or 503",
                    "path": "::status is 200 or 503",
                    "id": "9158419957bbc07d723ad901a3da8b58"
                }
            },
        "name": ""
    }
}