{
    "root_group": {
        "name": "",
        "path": "",
        "id": "d41d8cd98f00b204e9800998ecf8427e",
        "groups": {},
        "checks": {
                "status is 200 or 503": {
                    "name": "status is 200 or 503",
                    "path": "::status is 200 or 503",
                    "id": "9158419957bbc07d723ad901a3da8b58",
                    "passes": 49754,
                    "fails": 247
                }
            }
    },
    "metrics": {
        "http_req_blocked": {
            "avg": 0.4573316333673932,
            "min": 0.043,
            "med": 0.058,
            "max": 70.405,
            "p(90)": 0.11,
            "p(95)": 0.32
        },
        "data_sent": {
            "rate": 917156.2073498649,
            "count": 9172205
        },
        "data_received": {
            "count": 8380586,
            "rate": 837999.8562100797
        },
        "vus_max": {
            "value": 1000,
            "min": 1000,
            "max": 1000
        },
        "http_req_tls_handshaking": {
            "min": 0,
            "med": 0,
            "max": 0,
            "p(90)": 0,
            "p(95)": 0,
            "avg": 0
        },
        "iterations": {
            "count": 50001,
            "rate": 4999.749517558819
        },
        "vus": {
            "min": 1,
            "max": 2,
            "value": 2
        },
        "http_req_connecting": {
            "max": 69.453,
            "p(90)": 0.084,
            "p(95)": 0.225,
            "avg": 0.40383956320876124,
            "min": 0.031,
            "med": 0.046
        },
        "checks": {
            "passes": 49754,
            "fails": 247,
            "value": 0.995060098798024
        },
        "http_req_receiving": {
            "p(90)": 0.026,
            "p(95)": 0.054,
            "avg": 0.030753544929109606,
            "min": 0,
            "med": 0.01,
            "max": 46.259
        },
        "success_duration": {
            "p(95)": 0.51,
            "avg": 0.20776061995376183,
            "min": 0.034,
            "med": 0.055,
            "max": 96.003,
            "p(90)": 0.117
        },
        "http_req_waiting": {
            "p(95)": 0.438,
            "avg": 0.15700697986043122,
            "min": 0,
            "med": 0.032,
            "max": 73.789,
            "p(90)": 0.075
        },
        "status_503": {
            "rate": 45.996775626028615,
            "count": 460
        },
        "http_reqs": {
            "count": 50001,
            "rate": 4999.749517558819
        },
        "http_req_sending": {
            "max": 42.282,
            "p(90)": 0.017,
            "p(95)": 0.045,
            "avg": 0.03650980980380391,
            "min": 0,
            "med": 0.01
        },
        "http_req_failed": {
            "passes": 707,
            "fails": 49294,
            "value": 0.014139717205655888
        },
        "iteration_duration": {
            "avg": 0.761774295914083,
            "min": 0.104583,
            "med": 0.145208,
            "max": 97.046833,
            "p(90)": 0.395167,
            "p(95)": 1.524666
        },
        "http_req_duration": {
            "p(95)": 0.609,
            "avg": 0.2242703345933324,
            "min": 0,
            "med": 0.055,
            "max": 96.003,
            "p(90)": 0.132
        },
        "http_req_duration{expected_response:true}": {
            "p(90)": 0.117,
            "p(95)": 0.51,
            "avg": 0.2077606199537618,
            "min": 0.034,
            "med": 0.055,
            "max": 96.003
        }
    }
}