{
    "root_group": {
        "name": "",
        "path": "",
        "id": "d41d8cd98f00b204e9800998ecf8427e",
        "groups": {},
        "checks": {
                "seed status is 200": {
                    "name": "seed status is 200",
                    "path": "::seed status is 200",
                    "id": "2ac229dc72417ad76e9d2b75969e5805",
                    "passes": 5000,
                    "fails": 0
                }
            }
    },
    "metrics": {
        "http_req_sending": {
            "min": 0.003,
            "med": 0.006,
            "max": 0.311,
            "p(90)": 0.011,
            "p(95)": 0.016,
            "avg": 0.00885820000000018
        },
        "http_req_duration{expected_response:true}": {
            "p(95)": 0.108,
            "avg": 0.06436700000000022,
            "min": 0.033,
            "med": 0.056,
            "max": 0.623,
            "p(90)": 0.085
        },
        "http_req_receiving": {
            "avg": 0.01234340000000028,
            "min": 0.004,
            "med": 0.009,
            "max": 0.348,
            "p(90)": 0.018,
            "p(95)": 0.027
        },
        "http_req_tls_handshaking": {
            "avg": 0,
            "min": 0,
            "med": 0,
            "max": 0,
            "p(90)": 0,
            "p(95)": 0
        },
        "http_req_waiting": {
            "avg": 0.04316540000000012,
            "min": 0.021,
            "med": 0.038,
            "max": 0.37,
            "p(90)": 0.06,
            "p(95)": 0.073
        },
        "data_received": {
            "count": 755000,
            "rate": 1808235.9759923741
        },
        "http_req_connecting": {
            "max": 17.988,
            "p(90)": 0.078,
            "p(95)": 0.092,
            "avg": 0.06471379999999985,
            "min": 0.033,
            "med": 0.05
        },
        "iterations": {
            "count": 5000,
            "rate": 11975.07268869122
        },
        "checks": {
            "fails": 0,
            "passes": 5000,
            "value": 1
        },
        "data_sent": {
            "count": 1007780,
            "rate": 2413647.7508418476
        },
        "http_req_failed": {
            "passes": 0,
            "fails": 5000,
            "thresholds": {
                "rate==0": false
            },
            "value": 0
        },
        "http_req_blocked": {
            "avg": 0.07630159999999997,
            "min": 0.04,
            "med": 0.061,
            "max": 18.007,
            "p(90)": 0.092,
            "p(95)": 0.111
        },
        "http_reqs": {
            "count": 5000,
            "rate": 11975.07268869122
        },
        "http_req_duration": {
            "max": 0.623,
            "p(90)": 0.085,
            "p(95)": 0.108,
            "avg": 0.06436700000000022,
            "min": 0.033,
            "med": 0.056
        },
        "iteration_duration": {
            "p(95)": 0.2640142499999998,
            "avg": 0.16457851959999945,
            "min": 0.100042,
            "med": 0.140542,
            "max": 18.145084,
            "p(90)": 0.19860060000000002
        }
    }
}