{
    "root_group": {
        "name": "",
        "path": "",
        "id": "d41d8cd98f00b204e9800998ecf8427e",
        "groups": {},
        "checks": {
                "status is 200 or 503": {
                    "name": "status is 200 or 503",
                    "path": "::status is 200 or 503",
                    "id": "9158419957bbc07d723ad901a3da8b58",
                    "passes": 49873,
                    "fails": 128
                }
            }
    },
    "metrics": {
        "checks": {
            "passes": 49873,
            "fails": 128,
            "value": 0.997440051198976
        },
        "http_req_duration": {
            "p(95)": 0.749,
            "avg": 0.2189274214515777,
            "min": 0,
            "med": 0.055,
            "max": 65.908,
            "p(90)": 0.124
        },
        "data_sent": {
            "count": 9209563,
            "rate": 920883.3660374098
        },
        "vus": {
            "value": 1,
            "min": 1,
            "max": 3
        },
        "http_req_waiting": {
            "avg": 0.16028607427852368,
            "min": 0,
            "med": 0.033,
            "max": 39.585,
            "p(90)": 0.071,
            "p(95)": 0.548
        },
        "http_req_failed": {
            "passes": 432,
            "fails": 49569,
            "value": 0.00863982720345593
        },
        "iteration_duration": {
            "avg": 0.7786704262114796,
            "min": 0.103625,
            "med": 0.144209,
            "max": 93.647041,
            "p(90)": 0.333875,
            "p(95)": 1.439708
        },
        "http_req_blocked": {
            "p(95)": 0.269,
            "avg": 0.5172179156416798,
            "min": 0.042,
            "med": 0.057,
            "max": 88.351,
            "p(90)": 0.098
        },
        "http_req_receiving": {
            "max": 15.924,
            "p(90)": 0.025,
            "p(95)": 0.051,
            "avg": 0.028265914681708904,
            "min": 0,
            "med": 0.01
        },
        "http_req_tls_handshaking": {
            "p(90)": 0,
            "p(95)": 0,
            "avg": 0,
            "min": 0,
            "med": 0,
            "max": 0
        },
        "http_req_connecting": {
            "p(90)": 0.077,
            "p(95)": 0.2,
            "avg": 0.47927647447058885,
            "min": 0.031,
            "med": 0.045,
            "max": 81.82
        },
        "vus_max": {
            "value": 1000,
            "min": 1000,
            "max": 1000
        },
        "http_req_sending": {
            "med": 0.01,
            "max": 15.761,
            "p(90)": 0.017,
            "p(95)": 0.044,
            "avg": 0.030375432491348588,
            "min": 0
        },
        "data_received": {
            "count": 8390403,
            "rate": 838973.8532708209
        },
        "http_req_duration{expected_response:true}": {
            "p(95)": 0.674,
            "avg": 0.2166128225302174,
            "min": 0.035,
            "med": 0.055,
            "max": 65.908,
            "p(90)": 0.114
        },
        "status_503": {
            "count": 304,
            "rate": 30.397592510673153
        },
        "success_duration": {
            "min": 0.035,
            "med": 0.055,
            "max": 65.908,
            "p(90)": 0.114,
            "p(95)": 0.674,
            "avg": 0.21661282253021738
        },
        "iterations": {
            "count": 50001,
            "rate": 4999.704023441343
        },
        "http_reqs": {
            "count": 50001,
            "rate": 4999.704023441343
        }
    }
}