{
    "metrics": {
        "http_req_blocked": {
            "p(95)": 0.56,
            "avg": 0.6813958800001216,
            "min": 0.041,
            "med": 0.058,
            "max": 101.65,
            "p(90)": 0.117
        },
        "http_req_failed": {
            "passes": 1189,
            "fails": 48811,
            "value": 0.02378
        },
        "vus_max": {
            "value": 1000,
            "min": 1000,
            "max": 1000
        },
        "http_req_receiving": {
            "avg": 0.04254114000000809,
            "min": 0,
            "med": 0.01,
            "max": 40.889,
            "p(90)": 0.026,
            "p(95)": 0.055
        },
        "http_req_tls_handshaking": {
            "p(95)": 0,
            "avg": 0,
            "min": 0,
            "med": 0,
            "max": 0,
            "p(90)": 0
        },
        "iterations": {
            "rate": 4999.628527600399,
            "count": 50000
        },
        "http_req_duration": {
            "med": 0.055,
            "max": 108.427,
            "p(90)": 0.12,
            "p(95)": 0.688,
            "avg": 0.4279925399999189,
            "min": 0
        },
        "vus": {
            "value": 1,
            "min": 1,
            "max": 2
        },
        "success_duration": {
            "min": 0.035,
            "med": 0.055,
            "max": 108.427,
            "p(90)": 0.104,
            "p(95)": 0.502,
            "avg": 0.3812175124459278
        },
        "http_req_waiting": {
            "p(90)": 0.066,
            "p(95)": 0.47904999999999776,
            "avg": 0.3318848000000216,
            "min": 0,
            "med": 0.032,
            "max": 106.782
        },
        "data_sent": {
            "count": 9106289,
            "rate": 910561.2452994742
        },
        "iteration_duration": {
            "avg": 1.185705036980005,
            "min": 0.105,
            "med": 0.1465,
            "max": 121.328042,
            "p(90)": 0.4341417000000002,
            "p(95)": 2.3551142999999986
        },
        "data_received": {
            "rate": 836736.230498074,
            "count": 8367984
        },
        "http_reqs": {
            "count": 50000,
            "rate": 4999.628527600399
        },
        "status_503": {
            "count": 860,
            "rate": 85.99361067472687
        },
        "http_req_connecting": {
            "max": 101.626,
            "p(90)": 0.088,
            "p(95)": 0.4480499999999978,
            "avg": 0.6107944200000031,
            "min": 0.031,
            "med": 0.047
        },
        "http_req_sending": {
            "avg": 0.05356660000003205,
            "min": 0,
            "med": 0.01,
            "max": 40.889,
            "p(90)": 0.018,
            "p(95)": 0.05
        },
        "checks": {
            "passes": 49671,
            "fails": 329,
            "value": 0.99342
        },
        "http_req_duration{expected_response:true}": {
            "min": 0.035,
            "med": 0.055,
            "max": 108.427,
            "p(90)": 0.104,
            "p(95)": 0.502,
            "avg": 0.3812175124459278
        }
    },
    "root_group": {
        "checks": {
            "status is 200 or 503": {
                "fails": 329,
                "name": "status is 200 or 503",
                "path": "::status is 200 or 503",
                "id": "9158419957bbc07d723ad901a3da8b58",
                "passes": 49671
            }
        },
        "name": "",
        "path": "",
        "id": "d41d8cd98f00b204e9800998ecf8427e",
        "groups": {}
    }
}