{
    "metrics": {
        "iteration_duration": {
            "avg": 0.15876385979999952,
            "min": 0.099417,
            "med": 0.140583,
            "max": 1.559791,
            "p(90)": 0.2030923,
            "p(95)": 0.2686437499999999
        },
        "http_req_failed": {
            "passes": 0,
            "fails": 5000,
            "thresholds": {
                "rate==0": false
            },
            "value": 0
        },
        "http_req_blocked": {
            "avg": 0.06944640000000023,
            "min": 0.04,
            "med": 0.061,
            "max": 1.45,
            "p(90)": 0.091,
            "p(95)": 0.11
        },
        "http_req_sending": {
            "avg": 0.008876400000000192,
            "min": 0.003,
            "med": 0.007,
            "max": 0.227,
            "p(90)": 0.012,
            "p(95)": 0.016
        },
        "checks": {
            "passes": 5000,
            "fails": 0,
            "value": 1
        },
        "http_req_duration{expected_response:true}": {
            "min": 0.035,
            "med": 0.055,
            "max": 1.439,
            "p(90)": 0.088,
            "p(95)": 0.118,
            "avg": 0.06505239999999995
        },
        "http_req_connecting": {
            "avg": 0.05782819999999996,
            "min": 0.033,
            "med": 0.051,
            "max": 1.441,
            "p(90)": 0.077,
            "p(95)": 0.09
        },
        "data_sent": {
            "count": 1007780,
            "rate": 2500707.199539452
        },
        "http_req_receiving": {
            "min": 0.004,
            "med": 0.009,
            "max": 0.275,
            "p(90)": 0.019,
            "p(95)": 0.028,
            "avg": 0.012472000000000259
        },
        "http_req_duration": {
            "p(95)": 0.118,
            "avg": 0.06505239999999995,
            "min": 0.035,
            "med": 0.055,
            "max": 1.439,
            "p(90)": 0.088
        },
        "http_reqs": {
            "count": 5000,
            "rate": 12407.009464066818
        },
        "http_req_waiting": {
            "med": 0.037,
            "max": 1.423,
            "p(90)": 0.062,
            "p(95)": 0.078,
            "avg": 0.04370400000000003,
            "min": 0.021
        },
        "http_req_tls_handshaking": {
            "med": 0,
            "max": 0,
            "p(90)": 0,
            "p(95)": 0,
            "avg": 0,
            "min": 0
        },
        "iterations": {
            "count": 5000,
            "rate": 12407.009464066818
        },
        "data_received": {
            "count": 755000,
            "rate": 1873458.4290740895
        }
    },
    "root_group": {
        "name": "",
        "path": "",
        "id": "d41d8cd98f00b204e9800998ecf8427e",
        "groups": {},
        "checks": {
                "seed status is 200": {
                    "passes": 5000,
                    "fails": 0,
                    "name": "seed status is 200",
                    "path": "::seed status is 200",
                    "id": "2ac229dc72417ad76e9d2b75969e5805"
                }
            }
    }
}