{
    "root_group": {
        "name": "",
        "path": "",
        "id": "d41d8cd98f00b204e9800998ecf8427e",
        "groups": {},
        "checks": {
                "status is 200 or 503": {
                    "name": "status is 200 or 503",
                    "path": "::status is 200 or 503",
                    "id": "9158419957bbc07d723ad901a3da8b58",
                    "passes": 49928,
                    "fails": 73
                }
            }
    },
    "metrics": {
        "http_req_duration": {
            "avg": 0.23968920621589906,
            "min": 0,
            "med": 0.055,
            "max": 42.83,
            "p(90)": 0.172,
            "p(95)": 0.852
        },
        "http_req_tls_handshaking": {
            "med": 0,
            "max": 0,
            "p(90)": 0,
            "p(95)": 0,
            "avg": 0,
            "min": 0
        },
        "data_received": {
            "count": 8398553,
            "rate": 839775.4373559074
        },
        "vus": {
            "value": 1,
            "min": 1,
            "max": 1
        },
        "http_reqs": {
            "count": 50001,
            "rate": 4999.624535706654
        },
        "iteration_duration": {
            "p(90)": 0.429958,
            "p(95)": 1.670916,
            "avg": 0.8564152874342369,
            "min": 0.107375,
            "med": 0.1545,
            "max": 101.725458
        },
        "http_req_blocked": {
            "med": 0.063,
            "max": 101.22,
            "p(90)": 0.118,
            "p(95)": 0.291,
            "avg": 0.5711634567309181,
            "min": 0.044
        },
        "http_req_duration{expected_response:true}": {
            "p(90)": 0.163,
            "p(95)": 0.833,
            "avg": 0.23825018092636632,
            "min": 0.035,
            "med": 0.055,
            "max": 42.83
        },
        "http_req_connecting": {
            "p(95)": 0.213,
            "avg": 0.5435333493329457,
            "min": 0.033,
            "med": 0.05,
            "max": 101.208,
            "p(90)": 0.089
        },
        "http_req_sending": {
            "p(90)": 0.02,
            "p(95)": 0.054,
            "avg": 0.02855842883141412,
            "min": 0,
            "med": 0.011,
            "max": 5.997
        },
        "http_req_waiting": {
            "max": 42.08,
            "p(90)": 0.096,
            "p(95)": 0.648,
            "avg": 0.1864468310634178,
            "min": 0,
            "med": 0.033
        },
        "checks": {
            "fails": 73,
            "passes": 49928,
            "value": 0.998540029199416
        },
        "iterations": {
            "count": 50001,
            "rate": 4999.624535706654
        },
        "http_req_receiving": {
            "avg": 0.024683946321072226,
            "min": 0,
            "med": 0.011,
            "max": 4.08,
            "p(90)": 0.03,
            "p(95)": 0.06
        },
        "vus_max": {
            "max": 1000,
            "value": 1000,
            "min": 1000
        },
        "success_duration": {
            "avg": 0.23825018092636632,
            "min": 0.035,
            "med": 0.055,
            "max": 42.83,
            "p(90)": 0.163,
            "p(95)": 0.833
        },
        "http_req_failed": {
            "passes": 257,
            "fails": 49744,
            "value": 0.005139897202055959
        },
        "data_sent": {
            "count": 9220724,
            "rate": 921984.719253199
        },
        "status_503": {
            "count": 184,
            "rate": 18.39825032639396
        }
    }
}