{
    "root_group": {
        "name": "",
        "path": "",
        "id": "d41d8cd98f00b204e9800998ecf8427e",
        "groups": {},
        "checks": {
                "seed status is 200": {
                    "path": "::seed status is 200",
                    "id": "2ac229dc72417ad76e9d2b75969e5805",
                    "passes": 5000,
                    "fails": 0,
                    "name": "seed status is 200"
                }
            }
    },
    "metrics": {
        "http_req_receiving": {
            "max": 0.325,
            "p(90)": 0.023,
            "p(95)": 0.036,
            "avg": 0.014857000000000275,
            "min": 0.004,
            "med": 0.011
        },
        "iterations": {
            "count": 5000,
            "rate": 10706.317155374358
        },
        "http_req_sending": {
            "p(95)": 0.024,
            "avg": 0.011139400000000107,
            "min": 0.003,
            "med": 0.008,
            "max": 0.521,
            "p(90)": 0.015
        },
        "data_sent": {
            "count": 1007780,
            "rate": 2157922.460568634
        },
        "data_received": {
            "count": 755000,
            "rate": 1616653.890461528
        },
        "http_req_failed": {
            "passes": 0,
            "fails": 5000,
            "thresholds": {
                "rate==0": false
            },
            "value": 0
        },
        "http_reqs": {
            "count": 5000,
            "rate": 10706.317155374358
        },
        "checks": {
            "passes": 5000,
            "fails": 0,
            "value": 1
        },
        "http_req_blocked": {
            "med": 0.071,
            "max": 0.956,
            "p(90)": 0.1,
            "p(95)": 0.122,
            "avg": 0.07851120000000003,
            "min": 0.041
        },
        "http_req_duration": {
            "max": 0.917,
            "p(90)": 0.105,
            "p(95)": 0.14,
            "avg": 0.07610720000000029,
            "min": 0.037,
            "med": 0.063
        },
        "http_req_connecting": {
            "avg": 0.06468380000000032,
            "min": 0.035,
            "med": 0.058,
            "max": 0.859,
            "p(90)": 0.08310000000000012,
            "p(95)": 0.098
        },
        "http_req_waiting": {
            "avg": 0.05011080000000002,
            "min": 0.023,
            "med": 0.042,
            "max": 0.893,
            "p(90)": 0.071,
            "p(95)": 0.09
        },
        "iteration_duration": {
            "min": 0.105,
            "med": 0.161646,
            "max": 1.167875,
            "p(90)": 0.23590410000000003,
            "p(95)": 0.3212127999999998,
            "avg": 0.18381313180000006
        },
        "http_req_duration{expected_response:true}": {
            "min": 0.037,
            "med": 0.063,
            "max": 0.917,
            "p(90)": 0.105,
            "p(95)": 0.14,
            "avg": 0.07610720000000029
        },
        "http_req_tls_handshaking": {
            "min": 0,
            "med": 0,
            "max": 0,
            "p(90)": 0,
            "p(95)": 0,
            "avg": 0
        }
    }
}