{
    "root_group": {
        "name": "",
        "path": "",
        "id": "d41d8cd98f00b204e9800998ecf8427e",
        "groups": {},
        "checks": {
                "status is 200 or 503": {
                    "name": "status is 200 or 503",
                    "path": "::status is 200 or 503",
                    "id": "9158419957bbc07d723ad901a3da8b58",
                    "passes": 29942,
                    "fails": 58
                }
            }
    },
    "metrics": {
        "http_req_connecting": {
            "min": 0.033,
            "med": 0.05,
            "max": 62.264,
            "p(90)": 0.104,
            "p(95)": 0.173,
            "avg": 0.2214111999999855
        },
        "http_req_tls_handshaking": {
            "min": 0,
            "med": 0,
            "max": 0,
            "p(90)": 0,
            "p(95)": 0,
            "avg": 0
        },
        "http_req_sending": {
            "min": 0,
            "med": 0.01,
            "max": 6.978,
            "p(90)": 0.015,
            "p(95)": 0.03,
            "avg": 0.022009400000001546
        },
        "http_req_failed": {
            "passes": 88,
            "fails": 29912,
            "value": 0.0029333333333333334
        },
        "success_duration": {
            "max": 38.182,
            "p(90)": 0.111,
            "p(95)": 0.3244499999999987,
            "avg": 0.18454493179993797,
            "min": 0.035,
            "med": 0.058
        },
        "iterations": {
            "count": 30000,
            "rate": 2999.7786163381143
        },
        "vus": {
            "value": 1,
            "min": 1,
            "max": 1
        },
        "status_503": {
            "count": 30,
            "rate": 2.9997786163381144
        },
        "http_req_duration": {
            "avg": 0.21901463333332413,
            "min": 0,
            "med": 0.058,
            "max": 38.182,
            "p(90)": 0.113,
            "p(95)": 0.36919999999999464
        },
        "vus_max": {
            "value": 1000,
            "min": 1000,
            "max": 1000
        },
        "http_reqs": {
            "rate": 2999.7786163381143,
            "count": 30000
        },
        "iteration_duration": {
            "avg": 0.4967146678666681,
            "min": 0.106625,
            "med": 0.153125,
            "max": 64.441667,
            "p(90)": 0.2677164000000001,
            "p(95)": 0.7854142999999978
        },
        "http_req_receiving": {
            "avg": 0.020680033333333556,
            "min": 0,
            "med": 0.011,
            "max": 21.846,
            "p(90)": 0.021,
            "p(95)": 0.038
        },
        "checks": {
            "passes": 29942,
            "fails": 58,
            "value": 0.9980666666666667
        },
        "data_received": {
            "count": 5165896,
            "rate": 516551.47850088665
        },
        "data_sent": {
            "count": 5419864,
            "rate": 541946.4043553586
        },
        "http_req_duration{expected_response:true}": {
            "max": 38.182,
            "p(90)": 0.111,
            "p(95)": 0.3244499999999987,
            "avg": 0.18454493179993797,
            "min": 0.035,
            "med": 0.058
        },
        "http_req_blocked": {
            "avg": 0.23838613333332725,
            "min": 0.045,
            "med": 0.062,
            "max": 62.802,
            "p(90)": 0.117,
            "p(95)": 0.209
        },
        "http_req_waiting": {
            "med": 0.034,
            "max": 36.287,
            "p(90)": 0.086,
            "p(95)": 0.248,
            "avg": 0.17632520000001367,
            "min": 0
        }
    }
}