{
    "root_group": {
        "id": "d41d8cd98f00b204e9800998ecf8427e",
        "groups": {},
        "checks": {
                "seed status is 200": {
                    "passes": 5000,
                    "fails": 0,
                    "name": "seed status is 200",
                    "path": "::seed status is 200",
                    "id": "2ac229dc72417ad76e9d2b75969e5805"
                }
            },
        "name": "",
        "path": ""
    },
    "metrics": {
        "iteration_duration": {
            "max": 0.764667,
            "p(90)": 0.19818360000000002,
            "p(95)": 0.25792325,
            "avg": 0.15312080879999987,
            "min": 0.097458,
            "med": 0.135625
        },
        "http_req_receiving": {
            "p(95)": 0.029,
            "avg": 0.012203800000000218,
            "min": 0.004,
            "med": 0.009,
            "max": 0.328,
            "p(90)": 0.02
        },
        "http_req_connecting": {
            "p(90)": 0.081,
            "p(95)": 0.095,
            "avg": 0.05524699999999995,
            "min": 0.029,
            "med": 0.047,
            "max": 0.499
        },
        "http_req_failed": {
            "passes": 0,
            "fails": 5000,
            "thresholds": {
                "rate==0": false
            },
            "value": 0
        },
        "http_req_duration": {
            "avg": 0.06403340000000013,
            "min": 0.034,
            "med": 0.055,
            "max": 0.501,
            "p(90)": 0.089,
            "p(95)": 0.11309999999999956
        },
        "http_req_sending": {
            "min": 0.003,
            "med": 0.006,
            "max": 0.289,
            "p(90)": 0.011,
            "p(95)": 0.016,
            "avg": 0.008527000000000198
        },
        "data_sent": {
            "count": 1007780,
            "rate": 2592273.4416598286
        },
        "http_req_waiting": {
            "avg": 0.04330259999999975,
            "min": 0.021,
            "med": 0.037,
            "max": 0.433,
            "p(90)": 0.063,
            "p(95)": 0.077
        },
        "iterations": {
            "rate": 12861.306245707538,
            "count": 5000
        },
        "http_req_duration{expected_response:true}": {
            "med": 0.055,
            "max": 0.501,
            "p(90)": 0.089,
            "p(95)": 0.11309999999999956,
            "avg": 0.06403340000000013,
            "min": 0.034
        },
        "http_req_blocked": {
            "avg": 0.06608480000000005,
            "min": 0.038,
            "med": 0.057,
            "max": 0.507,
            "p(90)": 0.093,
            "p(95)": 0.109
        },
        "http_req_tls_handshaking": {
            "min": 0,
            "med": 0,
            "max": 0,
            "p(90)": 0,
            "p(95)": 0,
            "avg": 0
        },
        "http_reqs": {
            "count": 5000,
            "rate": 12861.306245707538
        },
        "checks": {
            "passes": 5000,
            "fails": 0,
            "value": 1
        },
        "data_received": {
            "count": 755000,
            "rate": 1942057.2431018383
        }
    }
}