{
    "root_group": {
        "id": "d41d8cd98f00b204e9800998ecf8427e",
        "groups": {},
        "checks": {
                "status is 200 or 503": {
                    "name": "status is 200 or 503",
                    "path": "::status is 200 or 503",
                    "id": "9158419957bbc07d723ad901a3da8b58",
                    "passes": 29912,
                    "fails": 89
                }
            },
        "name": "",
        "path": ""
    },
    "metrics": {
        "http_req_failed": {
            "passes": 270,
            "fails": 29731,
            "value": 0.008999700009999667
        },
        "iterations": {
            "count": 30001,
            "rate": 2999.815017573331
        },
        "data_received": {
            "count": 5160411,
            "rate": 515992.08075232856
        },
        "vus": {
            "value": 1,
            "min": 1,
            "max": 2
        },
        "http_req_receiving": {
            "avg": 0.022147261757939,
            "min": 0,
            "med": 0.01,
            "max": 2.526,
            "p(90)": 0.025,
            "p(95)": 0.047
        },
        "http_req_duration{expected_response:true}": {
            "med": 0.349,
            "max": 41.01,
            "p(90)": 0.412,
            "p(95)": 0.6134999999999987,
            "avg": 0.4755050284215066,
            "min": 0.286
        },
        "http_req_blocked": {
            "avg": 0.22918599380020344,
            "min": 0.044,
            "med": 0.107,
            "max": 42.495,
            "p(90)": 0.144,
            "p(95)": 0.197
        },
        "iteration_duration": {
            "p(90)": 0.589416,
            "p(95)": 1.108458,
            "avg": 0.7480830423652649,
            "min": 0.259083,
            "med": 0.497,
            "max": 47.578666
        },
        "http_req_connecting": {
            "med": 0.096,
            "max": 42.48,
            "p(90)": 0.129,
            "p(95)": 0.164,
            "avg": 0.21295463484549915,
            "min": 0.035
        },
        "http_req_sending": {
            "p(95)": 0.033,
            "avg": 0.023803939868669906,
            "min": 0,
            "med": 0.01,
            "max": 2.731,
            "p(90)": 0.016
        },
        "success_duration": {
            "min": 0.286,
            "med": 0.349,
            "max": 41.01,
            "p(90)": 0.412,
            "p(95)": 0.6134999999999987,
            "avg": 0.4755050284215066
        },
        "http_req_duration": {
            "med": 0.349,
            "max": 41.01,
            "p(90)": 0.414,
            "p(95)": 0.679,
            "avg": 0.4763782540581917,
            "min": 0
        },
        "status_503": {
            "count": 181,
            "rate": 18.098280663336983
        },
        "checks": {
            "passes": 29912,
            "fails": 89,
            "value": 0.997033432218926
        },
        "http_req_tls_handshaking": {
            "max": 0,
            "p(90)": 0,
            "p(95)": 0,
            "avg": 0,
            "min": 0,
            "med": 0
        },
        "http_req_waiting": {
            "p(90)": 0.386,
            "p(95)": 0.566,
            "avg": 0.4304270524315842,
            "min": 0,
            "med": 0.326,
            "max": 40.968
        },
        "http_reqs": {
            "rate": 2999.815017573331,
            "count": 30001
        },
        "data_sent": {
            "count": 5400741,
            "rate": 540022.7978342058
        },
        "vus_max": {
            "min": 1000,
            "max": 1000,
            "value": 1000
        }
    }
}