{
    "root_group": {
        "id": "d41d8cd98f00b204e9800998ecf8427e",
        "groups": {},
        "checks": {
                "seed status is 200": {
                    "name": "seed status is 200",
                    "path": "::seed status is 200",
                    "id": "2ac229dc72417ad76e9d2b75969e5805",
                    "passes": 5000,
                    "fails": 0
                }
            },
        "name": "",
        "path": ""
    },
    "metrics": {
        "http_req_sending": {
            "avg": 0.009107600000000146,
            "min": 0.003,
            "med": 0.007,
            "max": 0.296,
            "p(90)": 0.011,
            "p(95)": 0.016
        },
        "data_received": {
            "count": 755000,
            "rate": 693082.1224285965
        },
        "http_req_duration{expected_response:true}": {
            "med": 0.311,
            "max": 12.616,
            "p(90)": 0.362,
            "p(95)": 0.39,
            "avg": 0.3310118000000015,
            "min": 0.286
        },
        "http_req_failed": {
            "passes": 0,
            "fails": 5000,
            "thresholds": {
                "rate==0": false
            },
            "value": 0
        },
        "http_req_waiting": {
            "p(95)": 0.357,
            "avg": 0.30847479999999966,
            "min": 0.272,
            "med": 0.29,
            "max": 12.556,
            "p(90)": 0.339
        },
        "http_req_receiving": {
            "p(95)": 0.028,
            "avg": 0.013429400000000289,
            "min": 0.005,
            "med": 0.01,
            "max": 0.667,
            "p(90)": 0.019
        },
        "iteration_duration": {
            "p(90)": 0.5092131,
            "p(95)": 0.5582214499999999,
            "avg": 0.43345692659999857,
            "min": 0.346083,
            "med": 0.393583,
            "max": 12.745375
        },
        "checks": {
            "passes": 5000,
            "fails": 0,
            "value": 1
        },
        "http_reqs": {
            "count": 5000,
            "rate": 4589.947830652957
        },
        "http_req_duration": {
            "avg": 0.3310118000000015,
            "min": 0.286,
            "med": 0.311,
            "max": 12.616,
            "p(90)": 0.362,
            "p(95)": 0.39
        },
        "http_req_blocked": {
            "p(95)": 0.144,
            "avg": 0.07910299999999974,
            "min": 0.04,
            "med": 0.059,
            "max": 12.364,
            "p(90)": 0.122
        },
        "iterations": {
            "count": 5000,
            "rate": 4589.947830652957
        },
        "vus_max": {
            "max": 2,
            "value": 2,
            "min": 2
        },
        "data_sent": {
            "count": 1007780,
            "rate": 925131.5249550873
        },
        "vus": {
            "value": 2,
            "min": 2,
            "max": 2
        },
        "http_req_connecting": {
            "avg": 0.06756219999999938,
            "min": 0.033,
            "med": 0.049,
            "max": 12.349,
            "p(90)": 0.108,
            "p(95)": 0.13104999999999978
        },
        "http_req_tls_handshaking": {
            "max": 0,
            "p(90)": 0,
            "p(95)": 0,
            "avg": 0,
            "min": 0,
            "med": 0
        }
    }
}