{
    "root_group": {
        "checks": {
            "status is 200 or 503": {
                "path": "::status is 200 or 503",
                "id": "9158419957bbc07d723ad901a3da8b58",
                "passes": 49878,
                "fails": 122,
                "name": "status is 200 or 503"
            }
        },
        "name": "",
        "path": "",
        "id": "d41d8cd98f00b204e9800998ecf8427e",
        "groups": {}
    },
    "metrics": {
        "iterations": {
            "count": 50000,
            "rate": 4999.643525416638
        },
        "http_req_receiving": {
            "p(95)": 0.067,
            "avg": 0.033433900000005526,
            "min": 0,
            "med": 0.011,
            "max": 51.92,
            "p(90)": 0.033
        },
        "data_sent": {
            "count": 9125815,
            "rate": 912516.4375780007
        },
        "http_reqs": {
            "count": 50000,
            "rate": 4999.643525416638
        },
        "status_503": {
            "count": 723,
            "rate": 72.29484537752458
        },
        "http_req_sending": {
            "min": 0,
            "med": 0.01,
            "max": 12.397,
            "p(90)": 0.022,
            "p(95)": 0.065,
            "avg": 0.04319960000000824
        },
        "checks": {
            "passes": 49878,
            "fails": 122,
            "value": 0.99756
        },
        "http_req_waiting": {
            "p(95)": 0.713,
            "avg": 0.213660040000036,
            "min": 0,
            "med": 0.033,
            "max": 41.084,
            "p(90)": 0.108
        },
        "success_duration": {
            "p(95)": 0.9112999999999979,
            "avg": 0.28643883633408135,
            "min": 0.035,
            "med": 0.056,
            "max": 53.18,
            "p(90)": 0.176
        },
        "iteration_duration": {
            "max": 147.415625,
            "p(90)": 0.5615041000000001,
            "p(95)": 2.6961541499999986,
            "avg": 1.20294504936,
            "min": 0.10125,
            "med": 0.151667
        },
        "vus": {
            "value": 1,
            "min": 0,
            "max": 1
        },
        "http_req_duration{expected_response:true}": {
            "p(90)": 0.176,
            "p(95)": 0.9112999999999979,
            "avg": 0.28643883633408135,
            "min": 0.035,
            "med": 0.056,
            "max": 53.18
        },
        "http_req_connecting": {
            "p(90)": 0.107,
            "p(95)": 0.453,
            "avg": 0.8078019599999685,
            "min": 0.032,
            "med": 0.048,
            "max": 144.968
        },
        "http_req_tls_handshaking": {
            "avg": 0,
            "min": 0,
            "med": 0,
            "max": 0,
            "p(90)": 0,
            "p(95)": 0
        },
        "vus_max": {
            "value": 1000,
            "min": 1000,
            "max": 1000
        },
        "http_req_duration": {
            "p(95)": 0.964,
            "avg": 0.29029354000003504,
            "min": 0,
            "med": 0.056,
            "max": 53.18,
            "p(90)": 0.187
        },
        "data_received": {
            "count": 8383298,
            "rate": 838270.031346765
        },
        "http_req_blocked": {
            "avg": 0.8384093199998525,
            "min": 0.041,
            "med": 0.061,
            "max": 146.382,
            "p(90)": 0.144,
            "p(95)": 0.557
        },
        "http_req_failed": {
            "passes": 845,
            "fails": 49155,
            "value": 0.0169
        }
    }
}