{
    "metrics": {
        "success_duration": {
            "avg": 0.10880241125250933,
            "min": 0.036,
            "med": 0.058,
            "max": 28.811,
            "p(90)": 0.099,
            "p(95)": 0.163
        },
        "status_503": {
            "count": 73,
            "rate": 7.299567865582358
        },
        "http_reqs": {
            "count": 30000,
            "rate": 2999.8224105132977
        },
        "http_req_connecting": {
            "avg": 0.12639076666666207,
            "min": 0.034,
            "med": 0.05,
            "max": 28.702,
            "p(90)": 0.1,
            "p(95)": 0.12504999999999866
        },
        "http_req_duration{expected_response:true}": {
            "min": 0.036,
            "med": 0.058,
            "max": 28.811,
            "p(90)": 0.099,
            "p(95)": 0.163,
            "avg": 0.10880241125250933
        },
        "http_req_failed": {
            "passes": 140,
            "fails": 29860,
            "value": 0.004666666666666667
        },
        "checks": {
            "passes": 29933,
            "fails": 67,
            "value": 0.9977666666666667
        },
        "http_req_tls_handshaking": {
            "p(90)": 0,
            "p(95)": 0,
            "avg": 0,
            "min": 0,
            "med": 0,
            "max": 0
        },
        "http_req_blocked": {
            "avg": 0.1409345333333319,
            "min": 0.044,
            "med": 0.062,
            "max": 28.714,
            "p(90)": 0.113,
            "p(95)": 0.15
        },
        "iterations": {
            "count": 30000,
            "rate": 2999.8224105132977
        },
        "vus_max": {
            "value": 1000,
            "min": 1000,
            "max": 1000
        },
        "http_req_receiving": {
            "p(95)": 0.034,
            "avg": 0.017204166666666017,
            "min": 0,
            "med": 0.01,
            "max": 1.445,
            "p(90)": 0.021
        },
        "http_req_sending": {
            "avg": 0.016058466666666504,
            "min": 0,
            "med": 0.01,
            "max": 1.726,
            "p(90)": 0.014,
            "p(95)": 0.023
        },
        "vus": {
            "min": 0,
            "max": 1,
            "value": 0
        },
        "http_req_duration": {
            "max": 28.811,
            "p(90)": 0.101,
            "p(95)": 0.175,
            "avg": 0.11019999999999712,
            "min": 0,
            "med": 0.058
        },
        "http_req_waiting": {
            "avg": 0.07693736666666523,
            "min": 0,
            "med": 0.034,
            "max": 28.767,
            "p(90)": 0.076,
            "p(95)": 0.129
        },
        "data_sent": {
            "count": 5415134,
            "rate": 541481.3443044173
        },
        "iteration_duration": {
            "p(95)": 0.43654999999999866,
            "avg": 0.28848342853333486,
            "min": 0.106875,
            "med": 0.153792,
            "max": 30.91275,
            "p(90)": 0.24971310000000002
        },
        "data_received": {
            "count": 5163977,
            "rate": 516367.13106584095
        }
    },
    "root_group": {
        "name": "",
        "path": "",
        "id": "d41d8cd98f00b204e9800998ecf8427e",
        "groups": {},
        "checks": {
                "status is 200 or 503": {
                    "name": "status is 200 or 503",
                    "path": "::status is 200 or 503",
                    "id": "9158419957bbc07d723ad901a3da8b58",
                    "passes": 29933,
                    "fails": 67
                }
            }
    }
}