{
    "root_group": {
        "path": "",
        "id": "d41d8cd98f00b204e9800998ecf8427e",
        "groups": {},
        "checks": {
                "status is 200 or 503": {
                    "name": "status is 200 or 503",
                    "path": "::status is 200 or 503",
                    "id": "9158419957bbc07d723ad901a3da8b58",
                    "passes": 49838,
                    "fails": 163
                }
            },
        "name": ""
    },
    "metrics": {
        "iterations": {
            "count": 50001,
            "rate": 4999.721021146597
        },
        "vus": {
            "value": 3,
            "min": 1,
            "max": 52
        },
        "http_req_sending": {
            "med": 0.01,
            "max": 6.318,
            "p(90)": 0.017,
            "p(95)": 0.042,
            "avg": 0.026712105757879308,
            "min": 0
        },
        "http_req_duration{expected_response:true}": {
            "min": 0.137,
            "med": 0.155,
            "max": 49.567,
            "p(90)": 0.21,
            "p(95)": 0.512,
            "avg": 0.2937698632351031
        },
        "http_req_failed": {
            "passes": 500,
            "fails": 49501,
            "value": 0.00999980000399992
        },
        "vus_max": {
            "min": 1000,
            "max": 1000,
            "value": 1000
        },
        "data_received": {
            "count": 8389499,
            "rate": 838886.3124175188
        },
        "http_req_duration": {
            "avg": 0.2984160516789833,
            "min": 0,
            "med": 0.155,
            "max": 49.567,
            "p(90)": 0.215,
            "p(95)": 0.573
        },
        "http_reqs": {
            "count": 50001,
            "rate": 4999.721021146597
        },
        "data_sent": {
            "count": 9192581,
            "rate": 919188.4255173459
        },
        "http_req_tls_handshaking": {
            "max": 0,
            "p(90)": 0,
            "p(95)": 0,
            "avg": 0,
            "min": 0,
            "med": 0
        },
        "http_req_receiving": {
            "avg": 0.023516429671408236,
            "min": 0,
            "med": 0.01,
            "max": 18.574,
            "p(90)": 0.025,
            "p(95)": 0.048
        },
        "success_duration": {
            "min": 0.137,
            "med": 0.155,
            "max": 49.567,
            "p(90)": 0.21,
            "p(95)": 0.512,
            "avg": 0.2937698632351031
        },
        "status_503": {
            "count": 337,
            "rate": 33.69744573361339
        },
        "checks": {
            "passes": 49838,
            "fails": 163,
            "value": 0.9967400651986961
        },
        "http_req_blocked": {
            "min": 0.044,
            "med": 0.061,
            "max": 48.946,
            "p(90)": 0.1,
            "p(95)": 0.214,
            "avg": 0.30738787224256525
        },
        "http_req_waiting": {
            "max": 48.387,
            "p(90)": 0.172,
            "p(95)": 0.447,
            "avg": 0.24818751624967555,
            "min": 0,
            "med": 0.134
        },
        "iteration_duration": {
            "p(95)": 1.12275,
            "avg": 0.6549209987400271,
            "min": 0.21,
            "med": 0.2515,
            "max": 56.831917,
            "p(90)": 0.396625
        },
        "http_req_connecting": {
            "p(90)": 0.078,
            "p(95)": 0.157,
            "avg": 0.28439269214617763,
            "min": 0.033,
            "med": 0.049,
            "max": 48.222
        }
    }
}