{
    "root_group": {
        "path": "",
        "id": "d41d8cd98f00b204e9800998ecf8427e",
        "groups": {},
        "checks": {
                "seed status is 200": {
                    "passes": 5000,
                    "fails": 0,
                    "name": "seed status is 200",
                    "path": "::seed status is 200",
                    "id": "2ac229dc72417ad76e9d2b75969e5805"
                }
            },
        "name": ""
    },
    "metrics": {
        "http_req_tls_handshaking": {
            "med": 0,
            "max": 0,
            "p(90)": 0,
            "p(95)": 0,
            "avg": 0,
            "min": 0
        },
        "http_req_receiving": {
            "med": 0.01,
            "max": 0.397,
            "p(90)": 0.017,
            "p(95)": 0.028,
            "avg": 0.013044400000000166,
            "min": 0.004
        },
        "checks": {
            "passes": 5000,
            "fails": 0,
            "value": 1
        },
        "http_req_failed": {
            "passes": 0,
            "fails": 5000,
            "thresholds": {
                "rate==0": false
            },
            "value": 0
        },
        "http_req_waiting": {
            "med": 0.139,
            "max": 0.663,
            "p(90)": 0.161,
            "p(95)": 0.173,
            "avg": 0.14426539999999866,
            "min": 0.122
        },
        "iterations": {
            "count": 5000,
            "rate": 7580.501131768819
        },
        "http_reqs": {
            "count": 5000,
            "rate": 7580.501131768819
        },
        "http_req_duration": {
            "min": 0.138,
            "med": 0.158,
            "max": 0.936,
            "p(90)": 0.187,
            "p(95)": 0.212,
            "avg": 0.16699879999999928
        },
        "http_req_connecting": {
            "min": 0.029,
            "med": 0.05,
            "max": 0.401,
            "p(90)": 0.076,
            "p(95)": 0.092,
            "avg": 0.0567690000000002
        },
        "http_req_sending": {
            "p(95)": 0.016,
            "avg": 0.009689000000000164,
            "min": 0.003,
            "med": 0.007,
            "max": 0.322,
            "p(90)": 0.012
        },
        "data_sent": {
            "count": 1007780,
            "rate": 1527895.486114796
        },
        "iteration_duration": {
            "max": 1.131125,
            "p(90)": 0.3045914,
            "p(95)": 0.36164999999999986,
            "avg": 0.2611295006000004,
            "min": 0.203125,
            "med": 0.244584
        },
        "http_req_duration{expected_response:true}": {
            "max": 0.936,
            "p(90)": 0.187,
            "p(95)": 0.212,
            "avg": 0.16699879999999928,
            "min": 0.138,
            "med": 0.158
        },
        "http_req_blocked": {
            "min": 0.037,
            "med": 0.062,
            "max": 0.509,
            "p(90)": 0.09,
            "p(95)": 0.11,
            "avg": 0.06903660000000013
        },
        "data_received": {
            "count": 755000,
            "rate": 1144655.6708970915
        }
    }
}