{
    "metrics": {
        "checks": {
            "fails": 396,
            "passes": 49605,
            "value": 0.9920801583968321
        },
        "vus_max": {
            "min": 1000,
            "max": 1000,
            "value": 1000
        },
        "data_received": {
            "count": 8356762,
            "rate": 835572.8396397366
        },
        "status_503": {
            "rate": 131.48373546192337,
            "count": 1315
        },
        "http_req_waiting": {
            "p(95)": 1.336,
            "avg": 0.5947922241554074,
            "min": 0,
            "med": 0.285,
            "max": 110.264,
            "p(90)": 0.482
        },
        "http_req_receiving": {
            "avg": 0.05824725505492069,
            "min": 0,
            "med": 0.011,
            "max": 39.982,
            "p(90)": 0.044,
            "p(95)": 0.091
        },
        "http_reqs": {
            "rate": 4999.481564130518,
            "count": 50001
        },
        "iterations": {
            "count": 50001,
            "rate": 4999.481564130518
        },
        "http_req_sending": {
            "p(95)": 0.082,
            "avg": 0.05681680366395197,
            "min": 0,
            "med": 0.011,
            "max": 23.645,
            "p(90)": 0.031
        },
        "http_req_blocked": {
            "avg": 0.6010155796884536,
            "min": 0.044,
            "med": 0.064,
            "max": 126.969,
            "p(90)": 0.203,
            "p(95)": 0.82
        },
        "http_req_failed": {
            "passes": 1711,
            "fails": 48290,
            "value": 0.034219315613687726
        },
        "success_duration": {
            "min": 0.29,
            "med": 0.31,
            "max": 112.512,
            "p(90)": 0.538,
            "p(95)": 1.438,
            "avg": 0.6961181818182073
        },
        "http_req_duration{expected_response:true}": {
            "med": 0.31,
            "max": 112.512,
            "p(90)": 0.538,
            "p(95)": 1.438,
            "avg": 0.6961181818182073,
            "min": 0.29
        },
        "vus": {
            "value": 2,
            "min": 2,
            "max": 10
        },
        "http_req_connecting": {
            "max": 117.583,
            "p(90)": 0.147,
            "p(95)": 0.669,
            "avg": 0.5418623027537897,
            "min": 0.036,
            "med": 0.05
        },
        "data_sent": {
            "rate": 902332.7814349366,
            "count": 9024444
        },
        "iteration_duration": {
            "p(95)": 3.929583,
            "avg": 1.422057004459904,
            "min": 0.169166,
            "med": 0.41325,
            "max": 141.013917,
            "p(90)": 1.265375
        },
        "http_req_tls_handshaking": {
            "avg": 0,
            "min": 0,
            "med": 0,
            "max": 0,
            "p(90)": 0,
            "p(95)": 0
        },
        "http_req_duration": {
            "med": 0.309,
            "max": 112.512,
            "p(90)": 0.599,
            "p(95)": 1.704,
            "avg": 0.7098562828743563,
            "min": 0
        }
    },
    "root_group": {
        "path": "",
        "id": "d41d8cd98f00b204e9800998ecf8427e",
        "groups": {},
        "checks": {
                "status is 200 or 503": {
                    "id": "9158419957bbc07d723ad901a3da8b58",
                    "passes": 49605,
                    "fails": 396,
                    "name": "status is 200 or 503",
                    "path": "::status is 200 or 503"
                }
            },
        "name": ""
    }
}