{
    "metrics": {
        "http_req_connecting": {
            "avg": 0.06919799999999941,
            "min": 0.032,
            "med": 0.052,
            "max": 0.305,
            "p(90)": 0.119,
            "p(95)": 0.133
        },
        "http_req_sending": {
            "max": 0.221,
            "p(90)": 0.011,
            "p(95)": 0.013,
            "avg": 0.008589600000000116,
            "min": 0.003,
            "med": 0.007
        },
        "http_req_failed": {
            "passes": 0,
            "fails": 5000,
            "thresholds": {
                "rate==0": false
            },
            "value": 0
        },
        "http_req_waiting": {
            "med": 0.294,
            "max": 11.638,
            "p(90)": 0.3481000000000001,
            "p(95)": 0.364,
            "avg": 0.30846859999999876,
            "min": 0.272
        },
        "iteration_duration": {
            "avg": 0.4332087212000006,
            "min": 0.349042,
            "med": 0.3985835,
            "max": 12.001917,
            "p(90)": 0.5138464,
            "p(95)": 0.5500021
        },
        "vus_max": {
            "value": 2,
            "min": 2,
            "max": 2
        },
        "data_sent": {
            "count": 1007780,
            "rate": 925606.5056421051
        },
        "checks": {
            "passes": 5000,
            "fails": 0,
            "value": 1
        },
        "http_req_blocked": {
            "min": 0.039,
            "med": 0.064,
            "max": 0.52,
            "p(90)": 0.129,
            "p(95)": 0.144,
            "avg": 0.08011660000000001
        },
        "http_req_receiving": {
            "max": 11.582,
            "p(90)": 0.016,
            "p(95)": 0.022,
            "avg": 0.014011800000000262,
            "min": 0.004,
            "med": 0.009
        },
        "data_received": {
            "count": 755000,
            "rate": 693437.9643967825
        },
        "iterations": {
            "rate": 4592.304399978691,
            "count": 5000
        },
        "vus": {
            "max": 2,
            "value": 2,
            "min": 2
        },
        "http_req_duration": {
            "med": 0.313,
            "max": 11.901,
            "p(90)": 0.37,
            "p(95)": 0.393,
            "avg": 0.33107000000000136,
            "min": 0.288
        },
        "http_req_duration{expected_response:true}": {
            "avg": 0.33107000000000136,
            "min": 0.288,
            "med": 0.313,
            "max": 11.901,
            "p(90)": 0.37,
            "p(95)": 0.393
        },
        "http_req_tls_handshaking": {
            "med": 0,
            "max": 0,
            "p(90)": 0,
            "p(95)": 0,
            "avg": 0,
            "min": 0
        },
        "http_reqs": {
            "count": 5000,
            "rate": 4592.304399978691
        }
    },
    "root_group": {
        "id": "d41d8cd98f00b204e9800998ecf8427e",
        "groups": {},
        "checks": {
                "seed status is 200": {
                    "name": "seed status is 200",
                    "path": "::seed status is 200",
                    "id": "2ac229dc72417ad76e9d2b75969e5805",
                    "passes": 5000,
                    "fails": 0
                }
            },
        "name": "",
        "path": ""
    }
}