{
    "root_group": {
        "path": "",
        "id": "d41d8cd98f00b204e9800998ecf8427e",
        "groups": {},
        "checks": {
                "status is 200 or 503": {
                    "name": "status is 200 or 503",
                    "path": "::status is 200 or 503",
                    "id": "9158419957bbc07d723ad901a3da8b58",
                    "passes": 49665,
                    "fails": 336
                }
            },
        "name": ""
    },
    "metrics": {
        "http_req_waiting": {
            "med": 0.033,
            "max": 44.378,
            "p(90)": 0.076,
            "p(95)": 0.551,
            "avg": 0.15475104497910977,
            "min": 0
        },
        "vus": {
            "max": 1,
            "value": 0,
            "min": 0
        },
        "checks": {
            "passes": 49665,
            "fails": 336,
            "value": 0.9932801343973121
        },
        "success_duration": {
            "min": 0.034,
            "med": 0.057,
            "max": 45.657,
            "p(90)": 0.121,
            "p(95)": 0.619,
            "avg": 0.2038632192814418
        },
        "http_reqs": {
            "count": 50001,
            "rate": 4999.671028225779
        },
        "http_req_connecting": {
            "med": 0.049,
            "max": 63.457,
            "p(90)": 0.09,
            "p(95)": 0.252,
            "avg": 0.3568882622347231,
            "min": 0.033
        },
        "http_req_receiving": {
            "med": 0.011,
            "max": 7.585,
            "p(90)": 0.033,
            "p(95)": 0.071,
            "avg": 0.03138643227135756,
            "min": 0
        },
        "iterations": {
            "count": 50001,
            "rate": 4999.671028225779
        },
        "data_received": {
            "count": 8373421,
            "rate": 837270.2622115023
        },
        "http_req_tls_handshaking": {
            "avg": 0,
            "min": 0,
            "med": 0,
            "max": 0,
            "p(90)": 0,
            "p(95)": 0
        },
        "http_req_duration{expected_response:true}": {
            "min": 0.034,
            "med": 0.057,
            "max": 45.657,
            "p(90)": 0.121,
            "p(95)": 0.619,
            "avg": 0.2038632192814418
        },
        "http_req_sending": {
            "min": 0,
            "med": 0.01,
            "max": 6.113,
            "p(90)": 0.021,
            "p(95)": 0.051,
            "avg": 0.03202805943880803
        },
        "iteration_duration": {
            "max": 66.420833,
            "p(90)": 0.427208,
            "p(95)": 1.786708,
            "avg": 0.6534308093838134,
            "min": 0.103,
            "med": 0.154375
        },
        "data_sent": {
            "count": 9149293,
            "rate": 914850.8058008624
        },
        "status_503": {
            "rate": 62.29465511859083,
            "count": 623
        },
        "http_req_blocked": {
            "med": 0.062,
            "max": 63.901,
            "p(90)": 0.118,
            "p(95)": 0.341,
            "avg": 0.38169804603913376,
            "min": 0.042
        },
        "http_req_failed": {
            "passes": 959,
            "fails": 49042,
            "value": 0.019179616407671848
        },
        "vus_max": {
            "value": 1000,
            "min": 1000,
            "max": 1000
        },
        "http_req_duration": {
            "avg": 0.21816553668927546,
            "min": 0,
            "med": 0.057,
            "max": 45.657,
            "p(90)": 0.142,
            "p(95)": 0.783
        }
    }
}