{
    "root_group": {
        "name": "",
        "path": "",
        "id": "d41d8cd98f00b204e9800998ecf8427e",
        "groups": {},
        "checks": {
                "seed status is 200": {
                    "passes": 5000,
                    "fails": 0,
                    "name": "seed status is 200",
                    "path": "::seed status is 200",
                    "id": "2ac229dc72417ad76e9d2b75969e5805"
                }
            }
    },
    "metrics": {
        "http_req_duration{expected_response:true}": {
            "avg": 0.07961200000000003,
            "min": 0.034,
            "med": 0.059,
            "max": 22.764,
            "p(90)": 0.098,
            "p(95)": 0.13
        },
        "http_req_blocked": {
            "avg": 0.06971120000000015,
            "min": 0.04,
            "med": 0.062,
            "max": 0.48,
            "p(90)": 0.093,
            "p(95)": 0.112
        },
        "http_req_waiting": {
            "avg": 0.05535879999999963,
            "min": 0.021,
            "med": 0.039,
            "max": 22.702,
            "p(90)": 0.067,
            "p(95)": 0.082
        },
        "checks": {
            "passes": 5000,
            "fails": 0,
            "value": 1
        },
        "iteration_duration": {
            "p(90)": 0.21497470000000002,
            "p(95)": 0.29915414999999984,
            "avg": 0.1749403645999997,
            "min": 0.098333,
            "med": 0.1461045,
            "max": 22.930417
        },
        "http_req_tls_handshaking": {
            "avg": 0,
            "min": 0,
            "med": 0,
            "max": 0,
            "p(90)": 0,
            "p(95)": 0
        },
        "iterations": {
            "count": 5000,
            "rate": 11267.148600169457
        },
        "data_received": {
            "count": 755000,
            "rate": 1701339.438625588
        },
        "http_req_sending": {
            "avg": 0.010238400000000215,
            "min": 0.003,
            "med": 0.007,
            "max": 0.343,
            "p(90)": 0.014,
            "p(95)": 0.021
        },
        "http_req_failed": {
            "passes": 0,
            "fails": 5000,
            "thresholds": {
                "rate==0": false
            },
            "value": 0
        },
        "http_req_receiving": {
            "max": 0.68,
            "p(90)": 0.022,
            "p(95)": 0.035,
            "avg": 0.014014800000000226,
            "min": 0.004,
            "med": 0.009
        },
        "http_req_duration": {
            "med": 0.059,
            "max": 22.764,
            "p(90)": 0.098,
            "p(95)": 0.13,
            "avg": 0.07961200000000003,
            "min": 0.034
        },
        "http_req_connecting": {
            "max": 0.47,
            "p(90)": 0.078,
            "p(95)": 0.092,
            "avg": 0.057403599999999985,
            "min": 0.032,
            "med": 0.051
        },
        "data_sent": {
            "count": 1007780,
            "rate": 2270961.403255755
        },
        "http_reqs": {
            "count": 5000,
            "rate": 11267.148600169457
        }
    }
}