{
    "metrics": {
        "checks": {
            "passes": 49836,
            "fails": 164,
            "value": 0.99672
        },
        "data_received": {
            "count": 8387846,
            "rate": 836696.2062691522
        },
        "http_req_receiving": {
            "avg": 0.024594840000002647,
            "min": 0,
            "med": 0.01,
            "max": 29.624,
            "p(90)": 0.024,
            "p(95)": 0.045
        },
        "data_sent": {
            "count": 9192046,
            "rate": 916915.9777196118
        },
        "http_req_failed": {
            "passes": 526,
            "fails": 49474,
            "value": 0.01052
        },
        "vus_max": {
            "value": 1000,
            "min": 1000,
            "max": 1000
        },
        "http_req_tls_handshaking": {
            "max": 0,
            "p(90)": 0,
            "p(95)": 0,
            "avg": 0,
            "min": 0,
            "med": 0
        },
        "iterations": {
            "count": 50000,
            "rate": 4987.551072522982
        },
        "http_req_duration{expected_response:true}": {
            "p(95)": 0.336,
            "avg": 0.17142883130532768,
            "min": 0.035,
            "med": 0.055,
            "max": 29.677,
            "p(90)": 0.091
        },
        "http_reqs": {
            "count": 50000,
            "rate": 4987.551072522982
        },
        "http_req_connecting": {
            "p(90)": 0.073,
            "p(95)": 0.162,
            "avg": 0.22812922000000285,
            "min": 0.032,
            "med": 0.047,
            "max": 48.56
        },
        "http_req_sending": {
            "min": 0,
            "med": 0.01,
            "max": 4.88,
            "p(90)": 0.016,
            "p(95)": 0.04,
            "avg": 0.026955419999998217
        },
        "http_req_waiting": {
            "avg": 0.12602864000001152,
            "min": 0,
            "med": 0.032,
            "max": 25.296,
            "p(90)": 0.055,
            "p(95)": 0.263
        },
        "http_req_blocked": {
            "avg": 0.24860216000001226,
            "min": 0.042,
            "med": 0.059,
            "max": 48.575,
            "p(90)": 0.092,
            "p(95)": 0.226
        },
        "success_duration": {
            "p(90)": 0.091,
            "p(95)": 0.336,
            "avg": 0.17142883130532768,
            "min": 0.035,
            "med": 0.055,
            "max": 29.677
        },
        "http_req_duration": {
            "max": 29.677,
            "p(90)": 0.095,
            "p(95)": 0.395,
            "avg": 0.17757890000000057,
            "min": 0,
            "med": 0.055
        },
        "iteration_duration": {
            "p(90)": 0.2543792000000001,
            "p(95)": 1.0537225999999995,
            "avg": 0.4744178192200013,
            "min": 0.105375,
            "med": 0.147167,
            "max": 56.38975
        },
        "vus": {
            "value": 1,
            "min": 1,
            "max": 8
        },
        "status_503": {
            "count": 362,
            "rate": 36.10986976506639
        }
    },
    "root_group": {
        "name": "",
        "path": "",
        "id": "d41d8cd98f00b204e9800998ecf8427e",
        "groups": {},
        "checks": {
                "status is 200 or 503": {
                    "name": "status is 200 or 503",
                    "path": "::status is 200 or 503",
                    "id": "9158419957bbc07d723ad901a3da8b58",
                    "passes": 49836,
                    "fails": 164
                }
            }
    }
}