{
    "metrics": {
        "http_req_tls_handshaking": {
            "max": 0,
            "p(90)": 0,
            "p(95)": 0,
            "avg": 0,
            "min": 0,
            "med": 0
        },
        "vus": {
            "value": 0,
            "min": 0,
            "max": 1
        },
        "success_duration": {
            "p(90)": 0.111,
            "p(95)": 0.33819999999999867,
            "avg": 0.16966122189931654,
            "min": 0.035,
            "med": 0.059,
            "max": 68.569
        },
        "data_sent": {
            "count": 5415876,
            "rate": 541530.4143882405
        },
        "http_req_failed": {
            "passes": 64,
            "fails": 29937,
            "value": 0.0021332622245925138
        },
        "http_req_waiting": {
            "avg": 0.12217859404686654,
            "min": 0,
            "med": 0.034,
            "max": 68.181,
            "p(90)": 0.084,
            "p(95)": 0.229
        },
        "http_req_duration": {
            "avg": 0.1697831738941984,
            "min": 0.007,
            "med": 0.059,
            "max": 68.569,
            "p(90)": 0.111,
            "p(95)": 0.35
        },
        "checks": {
            "passes": 29987,
            "fails": 14,
            "value": 0.9995333488883704
        },
        "http_req_blocked": {
            "avg": 0.17156094796839896,
            "min": 0.045,
            "med": 0.063,
            "max": 96.412,
            "p(90)": 0.117,
            "p(95)": 0.193
        },
        "iterations": {
            "count": 30001,
            "rate": 2999.7832228916627
        },
        "vus_max": {
            "max": 1000,
            "value": 1000,
            "min": 1000
        },
        "http_req_connecting": {
            "max": 96.372,
            "p(90)": 0.103,
            "p(95)": 0.162,
            "avg": 0.15422649245024325,
            "min": 0.034,
            "med": 0.05
        },
        "data_received": {
            "count": 5168518,
            "rate": 516797.2262129119
        },
        "iteration_duration": {
            "avg": 0.38283911872937637,
            "min": 0.106917,
            "med": 0.155125,
            "max": 96.596791,
            "p(90)": 0.262,
            "p(95)": 0.821
        },
        "http_reqs": {
            "count": 30001,
            "rate": 2999.7832228916627
        },
        "http_req_sending": {
            "avg": 0.020515582813906967,
            "min": 0,
            "med": 0.01,
            "max": 18.605,
            "p(90)": 0.015,
            "p(95)": 0.031
        },
        "http_req_duration{expected_response:true}": {
            "avg": 0.16966122189931654,
            "min": 0.035,
            "med": 0.059,
            "max": 68.569,
            "p(90)": 0.111,
            "p(95)": 0.33819999999999867
        },
        "http_req_receiving": {
            "min": 0.005,
            "med": 0.011,
            "max": 18.037,
            "p(90)": 0.021,
            "p(95)": 0.04,
            "avg": 0.027088997033433385
        },
        "status_503": {
            "count": 50,
            "rate": 4.999472055750912
        }
    },
    "root_group": {
        "name": "",
        "path": "",
        "id": "d41d8cd98f00b204e9800998ecf8427e",
        "groups": {},
        "checks": {
                "status is 200 or 503": {
                    "name": "status is 200 or 503",
                    "path": "::status is 200 or 503",
                    "id": "9158419957bbc07d723ad901a3da8b58",
                    "passes": 29987,
                    "fails": 14
                }
            }
    }
}