{
    "metrics": {
        "http_req_sending": {
            "max": 18.602,
            "p(90)": 0.014,
            "p(95)": 0.022,
            "avg": 0.019364121195959132,
            "min": 0,
            "med": 0.01
        },
        "checks": {
            "passes": 29835,
            "fails": 166,
            "value": 0.9944668511049631
        },
        "http_req_blocked": {
            "avg": 0.22777297423419146,
            "min": 0.04,
            "med": 0.059,
            "max": 42.238,
            "p(90)": 0.112,
            "p(95)": 0.145
        },
        "data_sent": {
            "count": 5404143,
            "rate": 540376.4736468447
        },
        "iterations": {
            "count": 30001,
            "rate": 2999.890007699461
        },
        "vus_max": {
            "value": 1000,
            "min": 1000,
            "max": 1000
        },
        "status_503": {
            "count": 134,
            "rate": 13.399062065655404
        },
        "http_req_failed": {
            "passes": 300,
            "fails": 29701,
            "value": 0.009999666677777408
        },
        "data_received": {
            "count": 5136379,
            "rate": 513601.9478636495
        },
        "success_duration": {
            "avg": 0.1194167199757573,
            "min": 0.035,
            "med": 0.06,
            "max": 24.447,
            "p(90)": 0.111,
            "p(95)": 0.159
        },
        "http_req_connecting": {
            "avg": 0.20580863971200897,
            "min": 0.03,
            "med": 0.047,
            "max": 39.505,
            "p(90)": 0.099,
            "p(95)": 0.124
        },
        "http_req_receiving": {
            "p(95)": 0.032,
            "avg": 0.01911176294123464,
            "min": 0,
            "med": 0.01,
            "max": 2.194,
            "p(90)": 0.02
        },
        "http_req_duration{expected_response:true}": {
            "p(95)": 0.159,
            "avg": 0.1194167199757573,
            "min": 0.035,
            "med": 0.06,
            "max": 24.447,
            "p(90)": 0.111
        },
        "iteration_duration": {
            "avg": 0.39981058138061937,
            "min": 0.100917,
            "med": 0.153792,
            "max": 48.338083,
            "p(90)": 0.257834,
            "p(95)": 0.422417
        },
        "vus": {
            "value": 0,
            "min": 0,
            "max": 1
        },
        "http_req_duration": {
            "p(90)": 0.113,
            "p(95)": 0.177,
            "avg": 0.12996250124995729,
            "min": 0,
            "med": 0.06,
            "max": 24.447
        },
        "http_req_waiting": {
            "avg": 0.09148661711276179,
            "min": 0,
            "med": 0.035,
            "max": 11.372,
            "p(90)": 0.089,
            "p(95)": 0.14
        },
        "http_reqs": {
            "count": 30001,
            "rate": 2999.890007699461
        },
        "http_req_tls_handshaking": {
            "avg": 0,
            "min": 0,
            "med": 0,
            "max": 0,
            "p(90)": 0,
            "p(95)": 0
        }
    },
    "root_group": {
        "path": "",
        "id": "d41d8cd98f00b204e9800998ecf8427e",
        "groups": {},
        "checks": {
                "status is 200 or 503": {
                    "name": "status is 200 or 503",
                    "path": "::status is 200 or 503",
                    "id": "9158419957bbc07d723ad901a3da8b58",
                    "passes": 29835,
                    "fails": 166
                }
            },
        "name": ""
    }
}