{
    "metrics": {
        "vus_max": {
            "value": 1000,
            "min": 1000,
            "max": 1000
        },
        "http_req_duration{expected_response:true}": {
            "p(90)": 0.646,
            "p(95)": 1.1412999999999986,
            "avg": 0.7396214369847267,
            "min": 0.537,
            "med": 0.563,
            "max": 47.709
        },
        "http_req_waiting": {
            "med": 0.537,
            "max": 33.301,
            "p(90)": 0.601,
            "p(95)": 1.093,
            "avg": 0.698919236025446,
            "min": 0
        },
        "http_req_sending": {
            "p(90)": 0.017,
            "p(95)": 0.043,
            "avg": 0.020574447518413932,
            "min": 0,
            "med": 0.01,
            "max": 22.402
        },
        "http_req_blocked": {
            "avg": 0.21014996166794528,
            "min": 0.043,
            "med": 0.061,
            "max": 33.94,
            "p(90)": 0.126,
            "p(95)": 0.219
        },
        "http_req_tls_handshaking": {
            "min": 0,
            "med": 0,
            "max": 0,
            "p(90)": 0,
            "p(95)": 0,
            "avg": 0
        },
        "status_503": {
            "count": 152,
            "rate": 15.198580452585727
        },
        "http_req_duration": {
            "avg": 0.7481499950002048,
            "min": 0,
            "med": 0.563,
            "max": 47.709,
            "p(90)": 0.65,
            "p(95)": 1.223
        },
        "http_req_connecting": {
            "avg": 0.19166094463516933,
            "min": 0.032,
            "med": 0.049,
            "max": 33.93,
            "p(90)": 0.107,
            "p(95)": 0.165
        },
        "iterations": {
            "count": 30001,
            "rate": 2999.819816829108
        },
        "vus": {
            "value": 2,
            "min": 2,
            "max": 92
        },
        "http_req_failed": {
            "passes": 286,
            "fails": 29715,
            "value": 0.009533015566147796
        },
        "success_duration": {
            "p(90)": 0.646,
            "p(95)": 1.1412999999999986,
            "avg": 0.7396214369847267,
            "min": 0.537,
            "med": 0.563,
            "max": 47.709
        },
        "data_sent": {
            "count": 5399463,
            "rate": 539895.873725394
        },
        "data_received": {
            "count": 5157744,
            "rate": 515726.23117000866
        },
        "iteration_duration": {
            "min": 0.316625,
            "med": 0.658792,
            "max": 47.874416,
            "p(90)": 0.840125,
            "p(95)": 1.7005,
            "avg": 1.0050146973434182
        },
        "checks": {
            "passes": 29867,
            "fails": 134,
            "value": 0.9955334822172595
        },
        "http_reqs": {
            "count": 30001,
            "rate": 2999.819816829108
        },
        "http_req_receiving": {
            "avg": 0.028656311456284875,
            "min": 0,
            "med": 0.012,
            "max": 21.692,
            "p(90)": 0.035,
            "p(95)": 0.063
        }
    },
    "root_group": {
        "name": "",
        "path": "",
        "id": "d41d8cd98f00b204e9800998ecf8427e",
        "groups": {},
        "checks": {
                "status is 200 or 503": {
                    "name": "status is 200 or 503",
                    "path": "::status is 200 or 503",
                    "id": "9158419957bbc07d723ad901a3da8b58",
                    "passes": 29867,
                    "fails": 134
                }
            }
    }
}