{
    "root_group": {
        "name": "",
        "path": "",
        "id": "d41d8cd98f00b204e9800998ecf8427e",
        "groups": {},
        "checks": {
                "seed status is 200": {
                    "name": "seed status is 200",
                    "path": "::seed status is 200",
                    "id": "2ac229dc72417ad76e9d2b75969e5805",
                    "passes": 5000,
                    "fails": 0
                }
            }
    },
    "metrics": {
        "checks": {
            "passes": 5000,
            "fails": 0,
            "value": 1
        },
        "iterations": {
            "count": 5000,
            "rate": 2566.480836344243
        },
        "iteration_duration": {
            "max": 35.531834,
            "p(90)": 0.8178381,
            "p(95)": 0.8543771,
            "avg": 0.7769539469999996,
            "min": 0.610667,
            "med": 0.7401040000000001
        },
        "http_req_connecting": {
            "med": 0.104,
            "max": 32.361,
            "p(90)": 0.151,
            "p(95)": 0.165,
            "avg": 0.11493220000000037,
            "min": 0.036
        },
        "http_req_waiting": {
            "avg": 0.6080254000000015,
            "min": 0.525,
            "med": 0.585,
            "max": 35.319,
            "p(90)": 0.623,
            "p(95)": 0.64
        },
        "data_sent": {
            "count": 1007780,
            "rate": 517289.61145020026
        },
        "http_reqs": {
            "count": 5000,
            "rate": 2566.480836344243
        },
        "http_req_duration": {
            "avg": 0.6280151999999998,
            "min": 0.54,
            "med": 0.602,
            "max": 35.344,
            "p(90)": 0.645,
            "p(95)": 0.668
        },
        "http_req_sending": {
            "p(95)": 0.014,
            "avg": 0.008416600000000121,
            "min": 0.003,
            "med": 0.006,
            "max": 0.296,
            "p(90)": 0.011
        },
        "http_req_blocked": {
            "p(90)": 0.162,
            "p(95)": 0.18,
            "avg": 0.1257054000000002,
            "min": 0.043,
            "med": 0.114,
            "max": 32.378
        },
        "http_req_receiving": {
            "avg": 0.011573200000000273,
            "min": 0.004,
            "med": 0.01,
            "max": 0.324,
            "p(90)": 0.014,
            "p(95)": 0.017
        },
        "vus": {
            "value": 2,
            "min": 2,
            "max": 2
        },
        "http_req_tls_handshaking": {
            "med": 0,
            "max": 0,
            "p(90)": 0,
            "p(95)": 0,
            "avg": 0,
            "min": 0
        },
        "vus_max": {
            "value": 2,
            "min": 2,
            "max": 2
        },
        "http_req_failed": {
            "passes": 0,
            "fails": 5000,
            "thresholds": {
                "rate==0": false
            },
            "value": 0
        },
        "data_received": {
            "rate": 387538.6062879807,
            "count": 755000
        },
        "http_req_duration{expected_response:true}": {
            "med": 0.602,
            "max": 35.344,
            "p(90)": 0.645,
            "p(95)": 0.668,
            "avg": 0.6280151999999998,
            "min": 0.54
        }
    }
}