{
    "root_group": {
        "name": "",
        "path": "",
        "id": "d41d8cd98f00b204e9800998ecf8427e",
        "groups": {},
        "checks": {
                "status is 200 or 503": {
                    "fails": 279,
                    "name": "status is 200 or 503",
                    "path": "::status is 200 or 503",
                    "id": "9158419957bbc07d723ad901a3da8b58",
                    "passes": 49722
                }
            }
    },
    "metrics": {
        "data_received": {
            "count": 8376253,
            "rate": 837541.7970828308
        },
        "http_req_blocked": {
            "p(95)": 0.489,
            "avg": 0.3888243835123008,
            "min": 0.047,
            "med": 0.067,
            "max": 48.741,
            "p(90)": 0.188
        },
        "http_req_waiting": {
            "avg": 0.6239427811443389,
            "min": 0,
            "med": 0.287,
            "max": 47.357,
            "p(90)": 0.631,
            "p(95)": 2.349
        },
        "http_req_failed": {
            "passes": 709,
            "fails": 49292,
            "value": 0.014179716405671887
        },
        "success_duration": {
            "avg": 0.6951921407125652,
            "min": 0.292,
            "med": 0.313,
            "max": 47.384,
            "p(90)": 0.693,
            "p(95)": 2.6174499999999976
        },
        "http_req_sending": {
            "avg": 0.039835003299915135,
            "min": 0,
            "med": 0.012,
            "max": 7.704,
            "p(90)": 0.038,
            "p(95)": 0.098
        },
        "status_503": {
            "count": 430,
            "rate": 42.99571332738126
        },
        "vus_max": {
            "value": 1000,
            "min": 1000,
            "max": 1000
        },
        "iteration_duration": {
            "max": 56.387875,
            "p(90)": 1.271208,
            "p(95)": 4.268375,
            "avg": 1.1513444232315344,
            "min": 0.169291,
            "med": 0.421166
        },
        "http_reqs": {
            "rate": 4999.601539726489,
            "count": 50001
        },
        "http_req_connecting": {
            "max": 48.725,
            "p(90)": 0.136,
            "p(95)": 0.4,
            "avg": 0.3559533809323751,
            "min": 0.036,
            "med": 0.053
        },
        "http_req_receiving": {
            "min": 0,
            "med": 0.011,
            "max": 5.129,
            "p(90)": 0.046,
            "p(95)": 0.095,
            "avg": 0.03948993020138644
        },
        "checks": {
            "passes": 49722,
            "fails": 279,
            "value": 0.994420111597768
        },
        "data_sent": {
            "count": 9181336,
            "rate": 918042.0712055009
        },
        "http_req_tls_handshaking": {
            "min": 0,
            "med": 0,
            "max": 0,
            "p(90)": 0,
            "p(95)": 0,
            "avg": 0
        },
        "http_req_duration{expected_response:true}": {
            "med": 0.313,
            "max": 47.384,
            "p(90)": 0.693,
            "p(95)": 2.6174499999999976,
            "avg": 0.6951921407125652,
            "min": 0.292
        },
        "http_req_duration": {
            "p(90)": 0.768,
            "p(95)": 2.73,
            "avg": 0.7032677146457641,
            "min": 0,
            "med": 0.313,
            "max": 47.384
        },
        "iterations": {
            "count": 50001,
            "rate": 4999.601539726489
        },
        "vus": {
            "value": 2,
            "min": 0,
            "max": 3
        }
    }
}