{
    "root_group": {
        "groups": {},
        "checks": {
                "status is 200 or 503": {
                    "name": "status is 200 or 503",
                    "path": "::status is 200 or 503",
                    "id": "9158419957bbc07d723ad901a3da8b58",
                    "passes": 49762,
                    "fails": 238
                }
            },
        "name": "",
        "path": "",
        "id": "d41d8cd98f00b204e9800998ecf8427e"
    },
    "metrics": {
        "http_req_blocked": {
            "avg": 0.31067732000003495,
            "min": 0.044,
            "med": 0.057,
            "max": 60.542,
            "p(90)": 0.09,
            "p(95)": 0.227
        },
        "http_req_duration{expected_response:true}": {
            "avg": 0.20643301972688274,
            "min": 0.035,
            "med": 0.055,
            "max": 28.487,
            "p(90)": 0.089,
            "p(95)": 0.331
        },
        "iteration_duration": {
            "avg": 0.5703914444800046,
            "min": 0.105958,
            "med": 0.144209,
            "max": 61.755375,
            "p(90)": 0.25862910000000006,
            "p(95)": 0.9398330500000001
        },
        "http_req_failed": {
            "passes": 575,
            "fails": 49425,
            "value": 0.0115
        },
        "http_reqs": {
            "count": 50000,
            "rate": 4999.631527156448
        },
        "vus": {
            "value": 1,
            "min": 1,
            "max": 19
        },
        "checks": {
            "passes": 49762,
            "fails": 238,
            "value": 0.99524
        },
        "iterations": {
            "count": 50000,
            "rate": 4999.631527156448
        },
        "http_req_waiting": {
            "avg": 0.1687773000000281,
            "min": 0,
            "med": 0.032,
            "max": 28.019,
            "p(90)": 0.057,
            "p(95)": 0.272
        },
        "success_duration": {
            "min": 0.035,
            "med": 0.055,
            "max": 28.487,
            "p(90)": 0.089,
            "p(95)": 0.331,
            "avg": 0.20643301972688274
        },
        "data_received": {
            "count": 8383439,
            "rate": 838282.1186078585
        },
        "data_sent": {
            "count": 9195276,
            "rate": 919459.8358101007
        },
        "vus_max": {
            "value": 1000,
            "min": 1000,
            "max": 1000
        },
        "http_req_sending": {
            "avg": 0.02528092000000085,
            "min": 0,
            "med": 0.01,
            "max": 5.557,
            "p(90)": 0.016,
            "p(95)": 0.04
        },
        "http_req_connecting": {
            "min": 0.033,
            "med": 0.046,
            "max": 59.896,
            "p(90)": 0.071,
            "p(95)": 0.16,
            "avg": 0.28546818000000923
        },
        "http_req_tls_handshaking": {
            "avg": 0,
            "min": 0,
            "med": 0,
            "max": 0,
            "p(90)": 0,
            "p(95)": 0
        },
        "http_req_receiving": {
            "med": 0.01,
            "max": 2.085,
            "p(90)": 0.023,
            "p(95)": 0.044,
            "avg": 0.022970560000004192,
            "min": 0
        },
        "status_503": {
            "count": 337,
            "rate": 33.69751649303446
        },
        "http_req_duration": {
            "avg": 0.21702878000002962,
            "min": 0,
            "med": 0.055,
            "max": 28.487,
            "p(90)": 0.095,
            "p(95)": 0.40904999999999775
        }
    }
}