{
    "root_group": {
        "checks": {
            "seed status is 200": {
                "name": "seed status is 200",
                "path": "::seed status is 200",
                "id": "2ac229dc72417ad76e9d2b75969e5805",
                "passes": 5000,
                "fails": 0
            }
        },
        "name": "",
        "path": "",
        "id": "d41d8cd98f00b204e9800998ecf8427e",
        "groups": {}
    },
    "metrics": {
        "http_req_connecting": {
            "max": 0.481,
            "p(90)": 0.08,
            "p(95)": 0.093,
            "avg": 0.05517299999999987,
            "min": 0.03,
            "med": 0.047
        },
        "http_req_waiting": {
            "avg": 0.04360599999999995,
            "min": 0.022,
            "med": 0.038,
            "max": 0.413,
            "p(90)": 0.064,
            "p(95)": 0.077
        },
        "http_req_sending": {
            "min": 0.003,
            "med": 0.006,
            "max": 0.3,
            "p(90)": 0.012,
            "p(95)": 0.018,
            "avg": 0.008970600000000176
        },
        "checks": {
            "passes": 5000,
            "fails": 0,
            "value": 1
        },
        "iterations": {
            "count": 5000,
            "rate": 12721.092589200302
        },
        "http_req_tls_handshaking": {
            "p(90)": 0,
            "p(95)": 0,
            "avg": 0,
            "min": 0,
            "med": 0,
            "max": 0
        },
        "http_reqs": {
            "count": 5000,
            "rate": 12721.092589200302
        },
        "http_req_duration": {
            "avg": 0.06507960000000008,
            "min": 0.034,
            "med": 0.056,
            "max": 0.59,
            "p(90)": 0.089,
            "p(95)": 0.11404999999999978
        },
        "http_req_receiving": {
            "max": 0.428,
            "p(90)": 0.02,
            "p(95)": 0.03,
            "avg": 0.012503000000000231,
            "min": 0.004,
            "med": 0.009
        },
        "data_sent": {
            "rate": 2564012.537908856,
            "count": 1007780
        },
        "http_req_blocked": {
            "avg": 0.0665108000000002,
            "min": 0.036,
            "med": 0.057,
            "max": 0.528,
            "p(90)": 0.092,
            "p(95)": 0.11
        },
        "data_received": {
            "count": 755000,
            "rate": 1920884.9809692455
        },
        "iteration_duration": {
            "avg": 0.15487376800000022,
            "min": 0.099333,
            "med": 0.136771,
            "max": 1.135166,
            "p(90)": 0.19850420000000002,
            "p(95)": 0.27209019999999995
        },
        "http_req_failed": {
            "fails": 5000,
            "passes": 0,
            "thresholds": {
                "rate==0": false
            },
            "value": 0
        },
        "http_req_duration{expected_response:true}": {
            "p(95)": 0.11404999999999978,
            "avg": 0.06507960000000008,
            "min": 0.034,
            "med": 0.056,
            "max": 0.59,
            "p(90)": 0.089
        }
    }
}