{
    "metrics": {
        "http_req_duration{expected_response:true}": {
            "max": 60.86,
            "p(90)": 0.227,
            "p(95)": 0.598,
            "avg": 0.2917535227018743,
            "min": 0.136,
            "med": 0.155
        },
        "success_duration": {
            "avg": 0.2917535227018743,
            "min": 0.136,
            "med": 0.155,
            "max": 60.86,
            "p(90)": 0.227,
            "p(95)": 0.598
        },
        "http_req_sending": {
            "avg": 0.028055098898019867,
            "min": 0,
            "med": 0.01,
            "max": 16.874,
            "p(90)": 0.019,
            "p(95)": 0.047
        },
        "checks": {
            "passes": 49659,
            "fails": 342,
            "value": 0.993160136797264
        },
        "data_received": {
            "count": 8374472,
            "rate": 837384.1449738835
        },
        "http_req_duration": {
            "avg": 0.31970276594469915,
            "min": 0,
            "med": 0.155,
            "max": 60.86,
            "p(90)": 0.246,
            "p(95)": 0.735
        },
        "data_sent": {
            "count": 9178966,
            "rate": 917827.4875901846
        },
        "http_req_waiting": {
            "min": 0,
            "med": 0.134,
            "max": 59.972,
            "p(90)": 0.187,
            "p(95)": 0.58,
            "avg": 0.26476648467031144
        },
        "status_503": {
            "count": 478,
            "rate": 47.7964009310099
        },
        "http_req_failed": {
            "passes": 820,
            "fails": 49181,
            "value": 0.016399672006559868
        },
        "http_reqs": {
            "count": 50001,
            "rate": 4999.723520818882
        },
        "http_req_tls_handshaking": {
            "min": 0,
            "med": 0,
            "max": 0,
            "p(90)": 0,
            "p(95)": 0,
            "avg": 0
        },
        "vus_max": {
            "min": 1000,
            "max": 1000,
            "value": 1000
        },
        "iterations": {
            "count": 50001,
            "rate": 4999.723520818882
        },
        "vus": {
            "value": 2,
            "min": 1,
            "max": 20
        },
        "http_req_blocked": {
            "avg": 0.42027141457175105,
            "min": 0.04,
            "med": 0.06,
            "max": 64.124,
            "p(90)": 0.113,
            "p(95)": 0.285
        },
        "http_req_receiving": {
            "avg": 0.026881182376356515,
            "min": 0,
            "med": 0.009,
            "max": 13.627,
            "p(90)": 0.029,
            "p(95)": 0.06
        },
        "http_req_connecting": {
            "avg": 0.3946168876622571,
            "min": 0.032,
            "med": 0.048,
            "max": 61.867,
            "p(90)": 0.086,
            "p(95)": 0.208
        },
        "iteration_duration": {
            "p(95)": 1.520584,
            "avg": 0.7989013733525331,
            "min": 0.194667,
            "med": 0.251083,
            "max": 87.897792,
            "p(90)": 0.501917
        }
    },
    "root_group": {
        "name": "",
        "path": "",
        "id": "d41d8cd98f00b204e9800998ecf8427e",
        "groups": {},
        "checks": {
                "status is 200 or 503": {
                    "passes": 49659,
                    "fails": 342,
                    "name": "status is 200 or 503",
                    "path": "::status is 200 or 503",
                    "id": "9158419957bbc07d723ad901a3da8b58"
                }
            }
    }
}