{
    "root_group": {
        "checks": {
            "seed status is 200": {
                "path": "::seed status is 200",
                "id": "2ac229dc72417ad76e9d2b75969e5805",
                "passes": 5000,
                "fails": 0,
                "name": "seed status is 200"
            }
        },
        "name": "",
        "path": "",
        "id": "d41d8cd98f00b204e9800998ecf8427e",
        "groups": {}
    },
    "metrics": {
        "http_req_failed": {
            "fails": 5000,
            "passes": 0,
            "thresholds": {
                "rate==0": false
            },
            "value": 0
        },
        "http_reqs": {
            "count": 5000,
            "rate": 7514.469110271829
        },
        "http_req_sending": {
            "p(95)": 0.015,
            "avg": 0.009112400000000154,
            "min": 0.003,
            "med": 0.007,
            "max": 0.265,
            "p(90)": 0.011
        },
        "iteration_duration": {
            "avg": 0.2637529893999994,
            "min": 0.204,
            "med": 0.24125,
            "max": 18.3205,
            "p(90)": 0.29884970000000005,
            "p(95)": 0.35747769999999995
        },
        "http_req_receiving": {
            "avg": 0.012861600000000218,
            "min": 0.005,
            "med": 0.01,
            "max": 0.476,
            "p(90)": 0.018,
            "p(95)": 0.026
        },
        "http_req_duration": {
            "avg": 0.1689259999999997,
            "min": 0.136,
            "med": 0.157,
            "max": 18.119,
            "p(90)": 0.1861000000000001,
            "p(95)": 0.211
        },
        "iterations": {
            "count": 5000,
            "rate": 7514.469110271829
        },
        "checks": {
            "passes": 5000,
            "fails": 0,
            "value": 1
        },
        "http_req_blocked": {
            "avg": 0.0705136000000002,
            "min": 0.041,
            "med": 0.06,
            "max": 18.097,
            "p(90)": 0.088,
            "p(95)": 0.107
        },
        "http_req_waiting": {
            "min": 0.123,
            "med": 0.138,
            "max": 18.038,
            "p(90)": 0.16,
            "p(95)": 0.174,
            "avg": 0.14695199999999722
        },
        "http_req_duration{expected_response:true}": {
            "p(90)": 0.1861000000000001,
            "p(95)": 0.211,
            "avg": 0.1689259999999997,
            "min": 0.136,
            "med": 0.157,
            "max": 18.119
        },
        "http_req_tls_handshaking": {
            "max": 0,
            "p(90)": 0,
            "p(95)": 0,
            "avg": 0,
            "min": 0,
            "med": 0
        },
        "http_req_connecting": {
            "avg": 0.05883860000000019,
            "min": 0.031,
            "med": 0.049,
            "max": 18.083,
            "p(90)": 0.075,
            "p(95)": 0.089
        },
        "data_sent": {
            "count": 1007780,
            "rate": 1514586.3359899488
        },
        "data_received": {
            "count": 755000,
            "rate": 1134684.8356510461
        }
    }
}