{
    "root_group": {
        "groups": {},
        "checks": {
                "status is 200 or 503": {
                    "id": "9158419957bbc07d723ad901a3da8b58",
                    "passes": 49732,
                    "fails": 268,
                    "name": "status is 200 or 503",
                    "path": "::status is 200 or 503"
                }
            },
        "name": "",
        "path": "",
        "id": "d41d8cd98f00b204e9800998ecf8427e"
    },
    "metrics": {
        "http_req_blocked": {
            "med": 0.059,
            "max": 63.645,
            "p(90)": 0.095,
            "p(95)": 0.259,
            "avg": 0.3005133400000238,
            "min": 0.044
        },
        "http_req_receiving": {
            "p(95)": 0.05,
            "avg": 0.023445980000003554,
            "min": 0,
            "med": 0.01,
            "max": 3.52,
            "p(90)": 0.026
        },
        "http_req_failed": {
            "passes": 839,
            "fails": 49161,
            "value": 0.01678
        },
        "data_sent": {
            "count": 9161061,
            "rate": 916040.1451095522
        },
        "data_received": {
            "count": 8372660,
            "rate": 837205.7211880746
        },
        "iteration_duration": {
            "min": 0.108541,
            "med": 0.148083,
            "max": 64.531292,
            "p(90)": 0.2899295000000001,
            "p(95)": 1.2614389499999992,
            "avg": 0.5118538470999996
        },
        "iterations": {
            "count": 50000,
            "rate": 4999.640025918135
        },
        "http_reqs": {
            "count": 50000,
            "rate": 4999.640025918135
        },
        "http_req_connecting": {
            "avg": 0.2801682200000125,
            "min": 0.034,
            "med": 0.047,
            "max": 63.62,
            "p(90)": 0.076,
            "p(95)": 0.183
        },
        "status_503": {
            "count": 571,
            "rate": 57.09588909598509
        },
        "http_req_duration": {
            "min": 0,
            "med": 0.056,
            "max": 32.033,
            "p(90)": 0.098,
            "p(95)": 0.521,
            "avg": 0.16378553999999196
        },
        "http_req_sending": {
            "med": 0.01,
            "max": 3.24,
            "p(90)": 0.017,
            "p(95)": 0.04,
            "avg": 0.02411575999999855,
            "min": 0
        },
        "vus_max": {
            "value": 1000,
            "min": 1000,
            "max": 1000
        },
        "http_req_waiting": {
            "max": 31.981,
            "p(90)": 0.058,
            "p(95)": 0.36604999999999777,
            "avg": 0.11622380000001069,
            "min": 0,
            "med": 0.033
        },
        "http_req_duration{expected_response:true}": {
            "avg": 0.15610935497649797,
            "min": 0.033,
            "med": 0.056,
            "max": 32.033,
            "p(90)": 0.092,
            "p(95)": 0.423
        },
        "checks": {
            "passes": 49732,
            "fails": 268,
            "value": 0.99464
        },
        "http_req_tls_handshaking": {
            "min": 0,
            "med": 0,
            "max": 0,
            "p(90)": 0,
            "p(95)": 0,
            "avg": 0
        },
        "success_duration": {
            "avg": 0.15610935497649797,
            "min": 0.033,
            "med": 0.056,
            "max": 32.033,
            "p(90)": 0.092,
            "p(95)": 0.423
        },
        "vus": {
            "value": 1,
            "min": 1,
            "max": 48
        }
    }
}