{
    "root_group": {
        "name": "",
        "path": "",
        "id": "d41d8cd98f00b204e9800998ecf8427e",
        "groups": {},
        "checks": {
                "seed status is 200": {
                    "path": "::seed status is 200",
                    "id": "2ac229dc72417ad76e9d2b75969e5805",
                    "passes": 5000,
                    "fails": 0,
                    "name": "seed status is 200"
                }
            }
    },
    "metrics": {
        "iteration_duration": {
            "p(95)": 0.2645104,
            "avg": 0.15639225100000065,
            "min": 0.098208,
            "med": 0.139709,
            "max": 0.759666,
            "p(90)": 0.2023917
        },
        "http_req_duration{expected_response:true}": {
            "avg": 0.06528679999999984,
            "min": 0.034,
            "med": 0.056,
            "max": 0.672,
            "p(90)": 0.09,
            "p(95)": 0.117
        },
        "http_req_waiting": {
            "p(90)": 0.064,
            "p(95)": 0.077,
            "avg": 0.04328760000000001,
            "min": 0.02,
            "med": 0.037,
            "max": 0.641
        },
        "data_received": {
            "count": 755000,
            "rate": 1901873.4082830993
        },
        "http_reqs": {
            "count": 5000,
            "rate": 12595.188134325163
        },
        "http_req_receiving": {
            "min": 0.004,
            "med": 0.009,
            "max": 0.288,
            "p(90)": 0.02,
            "p(95)": 0.029,
            "avg": 0.012597600000000226
        },
        "checks": {
            "passes": 5000,
            "fails": 0,
            "value": 1
        },
        "http_req_sending": {
            "avg": 0.009401600000000185,
            "min": 0.003,
            "med": 0.007,
            "max": 0.308,
            "p(90)": 0.013,
            "p(95)": 0.02
        },
        "http_req_blocked": {
            "p(90)": 0.095,
            "p(95)": 0.111,
            "avg": 0.06764900000000013,
            "min": 0.039,
            "med": 0.058,
            "max": 0.63
        },
        "data_sent": {
            "count": 1007780,
            "rate": 2538635.7396020424
        },
        "http_req_failed": {
            "passes": 0,
            "fails": 5000,
            "thresholds": {
                "rate==0": false
            },
            "value": 0
        },
        "http_req_duration": {
            "max": 0.672,
            "p(90)": 0.09,
            "p(95)": 0.117,
            "avg": 0.06528679999999984,
            "min": 0.034,
            "med": 0.056
        },
        "http_req_connecting": {
            "p(90)": 0.081,
            "p(95)": 0.094,
            "avg": 0.056007399999999846,
            "min": 0.03,
            "med": 0.048,
            "max": 0.622
        },
        "iterations": {
            "count": 5000,
            "rate": 12595.188134325163
        },
        "http_req_tls_handshaking": {
            "max": 0,
            "p(90)": 0,
            "p(95)": 0,
            "avg": 0,
            "min": 0,
            "med": 0
        }
    }
}