{
    "metrics": {
        "success_duration": {
            "avg": 0.12535594631362312,
            "min": 0.035,
            "med": 0.055,
            "max": 27.605,
            "p(90)": 0.086,
            "p(95)": 0.256
        },
        "data_received": {
            "count": 8378421,
            "rate": 837775.5806188987
        },
        "http_req_blocked": {
            "p(90)": 0.09,
            "p(95)": 0.192,
            "avg": 0.21454294000000879,
            "min": 0.043,
            "med": 0.058,
            "max": 45.331
        },
        "http_req_duration{expected_response:true}": {
            "avg": 0.12535594631362312,
            "min": 0.035,
            "med": 0.055,
            "max": 27.605,
            "p(90)": 0.086,
            "p(95)": 0.256
        },
        "checks": {
            "passes": 49724,
            "fails": 276,
            "value": 0.99448
        },
        "data_sent": {
            "count": 9181418,
            "rate": 918068.9053289169
        },
        "iteration_duration": {
            "min": 0.106167,
            "med": 0.146291,
            "max": 48.888833,
            "p(90)": 0.2407583000000001,
            "p(95)": 0.7617193999999995,
            "avg": 0.3909281904199986
        },
        "vus": {
            "min": 1,
            "max": 2,
            "value": 1
        },
        "http_req_connecting": {
            "min": 0.033,
            "med": 0.047,
            "max": 45.041,
            "p(90)": 0.071,
            "p(95)": 0.13804999999999779,
            "avg": 0.1940222199999986
        },
        "iterations": {
            "count": 50000,
            "rate": 4999.603031519297
        },
        "http_req_sending": {
            "max": 2.598,
            "p(90)": 0.016,
            "p(95)": 0.036,
            "avg": 0.020080439999999943,
            "min": 0,
            "med": 0.01
        },
        "http_req_failed": {
            "passes": 751,
            "fails": 49249,
            "value": 0.01502
        },
        "vus_max": {
            "value": 1000,
            "min": 1000,
            "max": 1000
        },
        "http_req_duration": {
            "avg": 0.13345385999999287,
            "min": 0,
            "med": 0.055,
            "max": 27.605,
            "p(90)": 0.09,
            "p(95)": 0.317
        },
        "http_req_receiving": {
            "avg": 0.022210960000002857,
            "min": 0,
            "med": 0.01,
            "max": 2.405,
            "p(90)": 0.023,
            "p(95)": 0.041
        },
        "http_reqs": {
            "count": 50000,
            "rate": 4999.603031519297
        },
        "http_req_tls_handshaking": {
            "p(90)": 0,
            "p(95)": 0,
            "avg": 0,
            "min": 0,
            "med": 0,
            "max": 0
        },
        "http_req_waiting": {
            "avg": 0.09116246000000289,
            "min": 0,
            "med": 0.032,
            "max": 27.563,
            "p(90)": 0.054,
            "p(95)": 0.21304999999999777
        },
        "status_503": {
            "count": 475,
            "rate": 47.49622879943332
        }
    },
    "root_group": {
        "id": "d41d8cd98f00b204e9800998ecf8427e",
        "groups": {},
        "checks": {
                "status is 200 or 503": {
                    "passes": 49724,
                    "fails": 276,
                    "name": "status is 200 or 503",
                    "path": "::status is 200 or 503",
                    "id": "9158419957bbc07d723ad901a3da8b58"
                }
            },
        "name": "",
        "path": ""
    }
}