{
    "root_group": {
        "name": "",
        "path": "",
        "id": "d41d8cd98f00b204e9800998ecf8427e",
        "groups": {},
        "checks": {
                "seed status is 200": {
                    "fails": 0,
                    "name": "seed status is 200",
                    "path": "::seed status is 200",
                    "id": "2ac229dc72417ad76e9d2b75969e5805",
                    "passes": 5000
                }
            }
    },
    "metrics": {
        "checks": {
            "passes": 5000,
            "fails": 0,
            "value": 1
        },
        "data_sent": {
            "count": 1007780,
            "rate": 2287097.996763776
        },
        "http_req_duration{expected_response:true}": {
            "avg": 0.0656254000000002,
            "min": 0.033,
            "med": 0.056,
            "max": 0.494,
            "p(90)": 0.091,
            "p(95)": 0.126
        },
        "data_received": {
            "rate": 1713428.51371991,
            "count": 755000
        },
        "iterations": {
            "count": 5000,
            "rate": 11347.208700131854
        },
        "http_reqs": {
            "rate": 11347.208700131854,
            "count": 5000
        },
        "http_req_receiving": {
            "avg": 0.012190200000000265,
            "min": 0.004,
            "med": 0.009,
            "max": 0.266,
            "p(90)": 0.017,
            "p(95)": 0.025
        },
        "http_req_sending": {
            "p(95)": 0.017,
            "avg": 0.009202400000000164,
            "min": 0.003,
            "med": 0.007,
            "max": 0.319,
            "p(90)": 0.012
        },
        "iteration_duration": {
            "max": 36.791875,
            "p(90)": 0.20864580000000002,
            "p(95)": 0.2752941,
            "avg": 0.17379125199999954,
            "min": 0.102958,
            "med": 0.140875
        },
        "http_req_duration": {
            "avg": 0.0656254000000002,
            "min": 0.033,
            "med": 0.056,
            "max": 0.494,
            "p(90)": 0.091,
            "p(95)": 0.126
        },
        "http_req_connecting": {
            "avg": 0.07280779999999996,
            "min": 0.031,
            "med": 0.05,
            "max": 36.603,
            "p(90)": 0.079,
            "p(95)": 0.099
        },
        "http_req_tls_handshaking": {
            "p(90)": 0,
            "p(95)": 0,
            "avg": 0,
            "min": 0,
            "med": 0,
            "max": 0
        },
        "http_req_failed": {
            "fails": 5000,
            "passes": 0,
            "thresholds": {
                "rate==0": false
            },
            "value": 0
        },
        "http_req_blocked": {
            "min": 0.04,
            "med": 0.061,
            "max": 36.614,
            "p(90)": 0.093,
            "p(95)": 0.11704999999999978,
            "avg": 0.08417040000000034
        },
        "http_req_waiting": {
            "med": 0.038,
            "max": 0.33,
            "p(90)": 0.063,
            "p(95)": 0.082,
            "avg": 0.04423279999999993,
            "min": 0.021
        }
    }
}